hip_id,ra_degrees,dec_degrees,magnitude
25,0.0794,-44.2903,6.28
34,0.0995,26.9182,6.43
43,0.1291,59.5597,6.18
50,0.1429,-53.0977,6.49
63,0.1817,45.2533,6.36
88,0.2692,-48.8099,5.71
106,0.3302,49.9816,6.22
107,0.3338,-50.3374,5.53
122,0.3994,-77.0653,4.78
124,0.4042,61.2228,5.58
128,0.4138,73.6119,6.5
137,0.4327,42.3671,6.25
145,0.456,-3.0275,5.13
154,0.49,-6.014,4.37
171,0.5402,27.0845,5.8
183,0.583,-29.7204,5.04
186,0.6007,8.9568,6.33
194,0.624,8.4856,5.7
207,0.6503,66.099,5.87
238,0.7393,-20.0461,6.25
253,0.7826,-24.1451,6.46
274,0.8572,63.6405,6.24
301,0.9349,-17.336,4.55
302,0.9651,66.7122,6.31
330,1.0569,62.2877,5.9
343,1.0823,-16.5289,5.78
345,1.0846,-29.2688,6.38
355,1.1255,-10.5095,4.99
365,1.1525,42.0926,6.11
377,1.1719,-71.4369,5.59
379,1.1743,67.1664,5.68
394,1.2217,34.6596,6.09
399,1.233,26.6488,6.25
410,1.2547,27.6748,6.47
417,1.2658,-0.5029,6.32
418,1.2756,61.314,5.8
443,1.3339,-5.7078,4.61
476,1.4247,13.3963,5.55
518,1.5647,58.4367,5.98
522,1.5778,-49.0751,5.7
531,1.6105,64.1962,5.57
544,1.6522,29.0219,6.07
560,1.7084,-23.1074,6.19
602,1.8261,-17.387,6.2
635,1.9337,-2.5487,6.43
636,1.9452,-22.5085,5.93
655,2.0147,-33.5293,5.67
664,2.0504,-2.4477,6.18
671,2.0731,-8.824,5.99
677,2.0965,29.0908,2.07
695,2.1369,63.204,6.41
696,2.1395,-17.578,6.11
699,2.1709,36.6274,6.21
716,2.217,25.4629,6.24
728,2.2507,28.2476,6.47
729,2.2597,18.212,5.57
730,2.2598,-54.002,6.32
746,2.292,59.1502,2.28
760,2.3326,79.7146,6.01
761,2.3376,-27.9879,5.42
765,2.3522,-45.747,3.88
798,2.4671,-62.2968,6.34
813,2.5091,11.1458,5.54
814,2.5095,-82.224,5.29
840,2.5785,-5.2485,5.84
841,2.5802,46.0723,5.01
873,2.6781,-12.5798,5.84
910,2.8163,-15.4673,4.89
930,2.8934,-27.7998,5.41
950,2.9329,-35.1334,5.24
967,2.996,48.1524,6.18
983,3.0415,-17.9382,5.29
1009,3.142,44.7072,6.5
1067,3.309,15.1836,2.83
1074,3.3315,-84.994,5.78
1076,3.3497,26.9876,6.24
1086,3.3789,41.0357,5.71
1096,3.4259,-26.0222,5.94
1099,3.4349,-26.285,6.14
1123,3.5095,33.2061,6.22
1158,3.615,-7.7805,5.13
1168,3.6505,20.2067,4.79
1170,3.6601,-18.9327,4.44
1191,3.7271,-9.5696,5.77
1193,3.7328,22.2843,6.25
1195,3.7425,-34.9042,6.17
1196,3.7449,8.821,6.02
1208,3.7789,31.5357,6.34
1215,3.794,27.2835,6.35
1269,3.9786,61.0002,6.43
1268,3.9789,-75.9116,6.49
1288,4.0366,-31.4463,5.66
1296,4.0579,76.9508,6.35
1302,4.0896,43.5951,6.12
1319,4.1419,8.2402,6.12
1331,4.1764,-20.2101,6.5
1354,4.2377,61.5332,5.74
1366,4.2731,38.6817,4.61
1372,4.2877,47.9474,5.86
1402,4.3862,-19.0511,6.46
1415,4.4294,51.4331,6.11
1421,4.4485,1.6887,6.19
1465,4.5719,11.2063,6.07
1473,4.5821,36.7853,4.51
1493,4.6592,31.5172,5.88
1499,4.6734,-8.0527,6.47
1501,4.6756,43.7911,6.1
1502,4.6772,-43.2356,6.33
1562,4.857,-8.8238,3.56
1575,4.9232,40.7295,6.35
1599,5.008,-64.8776,4.23
1630,5.1016,30.9356,5.89
1639,5.1288,48.9686,6.46
1645,5.1494,8.1902,5.38
1647,5.1627,-69.6249,5.5
1657,5.1897,32.9112,5.79
1686,5.2801,37.9687,5.16
1706,5.3698,-77.4269,5.96
1708,5.3799,-28.9813,5.18
1728,5.4426,-20.058,5.61
1772,5.606,13.4824,6.25
1803,5.7148,-12.2096,6.39
1821,5.7681,-15.9426,6.43
1921,6.0652,52.0199,5.58
1939,6.1236,-2.219,6.08
1948,6.1589,14.3155,6.48
1960,6.1979,61.8311,5.38
1982,6.2766,53.0468,5.72
2006,6.3509,1.9397,5.77
2021,6.4133,-77.255,2.82
2072,6.5505,-43.6799,3.93
2081,6.5703,-42.3051,2.4
2086,6.5906,-18.6936,6.24
2100,6.6557,-0.0495,6.16
2159,6.8112,-25.5471,5.99
2178,6.8792,16.0255,6.44
2210,6.9821,-33.007,4.86
2213,6.9937,19.5141,6.4
2219,7.0119,17.8931,5.01
2224,7.0529,16.4451,6.05
2225,7.0566,44.3945,5.18
2235,7.0835,10.1903,6.05
2237,7.0882,-20.3348,6.44
2240,7.1101,-39.9149,5.42
2256,7.1791,-50.5328,6.26
2270,7.2361,36.8997,6.28
2337,7.4659,-14.864,6.15
2353,7.5098,-3.9573,5.72
2355,7.5306,29.7517,5.2
2377,7.583,59.9776,5.94
2381,7.5945,-23.7877,5.17
2383,7.6082,-48.2147,5.67
2388,7.6159,-40.9396,6.18
2422,7.7258,77.0195,6.18
2472,7.8536,-48.8036,4.76
2474,7.855,66.5196,6.18
2475,7.8567,33.5817,5.88
2484,7.8857,-62.9581,4.36
2487,7.889,-62.9654,4.53
2497,7.9217,52.8396,5.59
2505,7.943,54.5223,4.74
2548,8.099,6.9555,5.69
2568,8.1475,20.2944,5.38
2578,8.1825,-63.0314,5.07
2583,8.2045,28.2802,6.26
2599,8.2499,62.9318,4.17
2611,8.293,54.8951,5.93
2628,8.33,70.9818,6.41
2629,8.3468,-71.2662,6.11
2661,8.4211,-29.5582,5.55
2663,8.4327,-35.0008,6.41
2707,8.6037,66.7504,6.47
2711,8.6151,-52.3732,5.57
2734,8.7309,13.3713,6.39
2762,8.811,-3.5928,5.2
2787,8.8865,-0.5055,5.94
2789,8.8888,-54.8217,6.04
2802,8.9214,-48.0007,5.51
2832,8.9787,13.2075,6.32
2846,9.0133,-14.9729,6.45
2852,9.0288,-22.8422,6.06
2854,9.0345,54.1685,5.08
2876,9.1139,60.3262,5.78
2889,9.1566,-65.1244,6.43
2900,9.1936,44.4885,5.14
2903,9.1971,15.2318,5.89
2912,9.2202,33.7194,4.34
2920,9.2428,53.8969,3.69
2926,9.28,24.0142,6.18
2937,9.3257,-54.3938,6.4
2941,9.3324,-24.7672,5.57
2942,9.3384,35.3995,5.45
2954,9.3768,3.1355,6.43
3031,9.6396,29.3124,4.34
3056,9.7031,-25.1078,6.43
3083,9.7912,49.3546,5.45
3092,9.8317,30.8612,3.27
3093,9.8421,21.2514,5.88
3132,9.949,82.4936,6.38
3137,9.9663,-44.7963,6.0
3138,9.9815,21.4386,5.36
3170,10.1027,-59.4557,5.89
3175,10.119,-16.5166,6.49
3179,10.1266,56.5374,2.24
3185,10.135,-23.804,6.14
3193,10.1766,-4.3518,5.9
3231,10.28,39.4587,5.3
3245,10.3316,-46.085,4.59
3269,10.3999,24.6291,6.06
3277,10.4429,-56.5015,5.72
3299,10.5143,66.1476,5.83
3300,10.5162,50.5125,4.8
3330,10.6179,-65.4681,5.38
3334,10.6292,58.7534,6.18
3352,10.6735,-60.2627,5.99
3356,10.6787,-38.4635,6.05
3405,10.8385,-57.4631,4.36
3414,10.867,47.0246,4.95
3419,10.8968,-17.9867,2.04
3436,10.9587,-12.0113,6.01
3455,11.0475,-10.6093,4.77
3456,11.0496,-38.422,5.9
3478,11.1093,47.864,5.66
3489,11.1313,-62.4976,6.06
3504,11.1813,48.2844,4.48
3505,11.1852,-22.0063,5.22
3521,11.238,-42.6763,5.94
3527,11.2488,-53.7149,6.15
3544,11.3217,55.2214,5.41
3552,11.3504,-4.6293,6.15
3559,11.3696,-12.8803,6.15
3572,11.413,74.9881,5.64
3576,11.4238,-16.4242,6.47
3583,11.4393,-47.5522,5.8
3604,11.545,44.8615,6.03
3607,11.5485,-22.5221,5.49
3632,11.6374,15.4756,5.36
3641,11.6593,69.3254,6.39
3649,11.6769,59.5745,6.41
3675,11.7559,11.9739,5.51
3685,11.8065,19.5787,6.11
3693,11.835,24.2674,4.08
3697,11.8484,6.741,5.98
3717,11.93,-18.0614,5.7
3721,11.9417,74.8476,5.42
3741,12.0044,-21.7225,5.57
3750,12.037,72.6745,5.86
3760,12.0723,7.2999,5.92
3765,12.0939,5.2834,5.74
3781,12.1463,-74.9234,5.09
3786,12.1704,7.5852,4.44
3801,12.2083,50.9682,4.9
3807,12.2364,-46.6977,6.28
3810,12.2446,16.9411,5.07
3821,12.2713,57.8165,3.46
3834,12.3079,-24.1365,5.9
3849,12.3565,-13.561,5.59
3858,12.3893,-23.3621,6.27
3881,12.4535,41.079,4.53
3885,12.4713,27.7103,5.55
3903,12.5157,-43.3949,6.49
3909,12.5322,-10.6438,5.17
3919,12.5759,45.0022,6.13
3949,12.6714,-50.9869,5.24
3951,12.6816,64.2476,5.35
3965,12.7386,51.508,6.38
3988,12.8183,61.8055,6.04
3992,12.8263,3.3852,6.39
4023,12.8908,51.5715,6.22
4104,13.1692,-24.0059,5.47
4147,13.252,-1.1442,4.78
4151,13.2678,61.1236,4.8
4164,13.3016,-24.777,6.44
4185,13.3676,37.4183,6.07
4200,13.4074,-62.8714,5.73
4212,13.448,52.6893,6.27
4257,13.5733,-8.7405,6.15
4267,13.6467,19.1884,5.8
4283,13.7198,83.7075,5.59
4288,13.7417,23.6284,5.46
4292,13.7508,58.9728,4.83
4293,13.7512,-69.527,5.45
4298,13.7718,48.6785,6.28
4317,13.8111,24.5571,6.19
4346,13.9267,-7.347,5.88
4363,13.9814,-27.7758,6.11
4366,13.9938,27.2094,6.08
4371,14.0063,-11.2665,5.35
4382,14.038,13.952,6.46
4383,14.0539,57.9966,6.2
4422,14.1667,59.1812,4.62
4427,14.1771,60.7167,2.15
4436,14.1879,38.4993,3.86
4440,14.1956,60.3628,5.56
4446,14.2291,68.7757,6.39
4463,14.3018,23.4178,4.4
4475,14.3314,61.4219,6.44
4501,14.4151,45.8394,6.1
4510,14.459,28.9922,5.44
4520,14.4771,13.6959,6.3
4552,14.5591,33.9511,5.99
4558,14.5787,21.4045,6.47
4563,14.5924,-60.6963,6.23
4572,14.6292,66.3518,5.97
4577,14.6514,-29.3575,4.3
4587,14.6829,-11.3799,5.62
4655,14.957,6.4832,6.14
4675,15.0148,44.7133,5.69
4709,15.1286,70.983,6.4
4770,15.3259,-38.9166,5.59
4786,15.3627,49.5442,6.48
4801,15.4108,-16.2654,6.47
4829,15.5076,-57.0024,6.12
4844,15.577,51.035,6.48
4852,15.6099,-31.552,5.5
4879,15.6787,-65.4561,6.25
4889,15.7045,31.8043,5.5
4890,15.705,-46.3973,5.39
4903,15.7261,41.3452,5.95
4906,15.7361,7.8901,4.27
4911,15.7561,47.3762,6.46
4914,15.7609,-4.8364,5.4
4932,15.824,-29.5258,6.28
4962,15.9042,61.0748,5.92
4979,15.954,1.3669,6.06
4998,16.01,52.5023,5.99
5021,16.0815,61.5802,5.83
5034,16.1149,29.6591,6.2
5042,16.1359,-33.5328,6.44
5074,16.2193,5.6563,6.03
5081,16.2723,14.946,5.64
5121,16.4038,-9.9792,6.09
5131,16.4205,21.4732,5.33
5132,16.4237,21.4655,5.55
5141,16.4551,4.9087,6.35
5165,16.5213,-46.7185,3.32
5164,16.5214,-9.8394,5.58
5170,16.5322,-23.9924,6.12
5175,16.5466,32.1815,6.28
5204,16.6401,12.956,6.14
5240,16.7503,56.9352,6.41
5251,16.7893,53.4982,6.31
5259,16.8036,-23.9963,6.36
5268,16.8274,-61.7753,5.36
5296,16.9422,-9.7856,5.71
5300,16.9493,-41.4869,5.21
5310,16.988,20.7393,5.56
5315,16.9983,1.9941,6.44
5317,17.003,43.9422,5.04
5319,17.005,32.0122,6.23
5336,17.0538,54.9242,5.17
5346,17.0931,5.6502,5.51
5348,17.0961,-55.2458,3.94
5361,17.1394,58.2635,5.77
5364,17.1469,-10.1819,3.46
5372,17.184,86.2571,4.24
5412,17.3012,80.0117,6.24
5434,17.3755,47.2418,4.26
5447,17.4325,35.6208,2.07
5454,17.455,19.6584,5.57
5477,17.5307,-57.6941,6.41
5483,17.5476,15.674,6.07
5485,17.5498,-8.906,6.4
5493,17.5785,42.0816,5.67
5494,17.581,25.458,5.81
5510,17.6398,2.4457,5.97
5518,17.6636,68.7787,5.32
5542,17.7747,55.1499,4.34
5544,17.7782,31.4248,5.15
5550,17.7929,37.7241,5.8
5566,17.8563,64.2027,5.56
5571,17.8633,21.0347,4.66
5575,17.8707,10.2919,6.49
5586,17.9149,30.0897,4.51
5589,17.9224,65.0189,5.57
5594,17.9314,-2.251,5.93
5626,18.0688,79.674,5.6
5650,18.1419,45.3375,6.13
5661,18.189,-37.8564,5.95
5679,18.2477,30.0643,6.24
5688,18.2909,61.7062,6.4
5737,18.4325,7.5755,5.21
5742,18.4372,24.5838,4.67
5743,18.4382,7.5784,6.44
5772,18.5203,28.5297,6.33
5778,18.5319,16.1335,5.97
5799,18.5999,-7.9235,5.14
5824,18.6767,6.9952,6.04
5833,18.7049,-0.9743,5.7
5862,18.794,-45.5321,4.97
5896,18.9396,-68.8762,4.25
5926,19.0496,71.7438,5.87
5928,19.0525,87.1455,6.2
5936,19.0788,33.1148,6.04
5947,19.1293,79.9099,6.27
5951,19.1514,-2.5002,5.42
5992,19.2653,-66.3979,6.23
5993,19.2711,44.9021,6.11
6025,19.3506,31.7446,6.36
6061,19.4499,3.6145,5.13
6087,19.5423,47.4197,6.29
6093,19.5579,57.8032,6.39
6140,19.6959,37.3863,6.44
6193,19.8666,27.2641,4.74
6226,19.9512,-0.509,5.87
6242,20.0205,58.2316,4.95
6261,20.081,77.5705,6.31
6272,20.116,-11.2388,6.16
6283,20.1441,-3.247,6.26
6312,20.2716,64.6582,6.33
6315,20.2806,28.7384,5.23
6378,20.4956,76.2389,6.37
6411,20.585,45.5288,4.87
6427,20.6272,-19.081,6.35
6429,20.6451,-0.4496,6.5
6432,20.6538,1.7264,6.21
6486,20.8386,58.1432,6.36
6492,20.854,20.469,5.97
6502,20.879,-30.9455,5.84
6512,20.9055,34.2456,6.28
6514,20.919,37.715,5.6
6522,20.9451,78.726,6.07
6537,21.006,-8.1828,3.6
6539,21.0101,-8.0073,6.21
6564,21.0854,-6.9147,5.92
6589,21.1663,-15.6604,6.17
6592,21.1699,-41.4925,5.42
6595,21.1747,-44.5285,6.26
6605,21.2028,-2.8485,6.17
6631,21.272,-64.3694,5.92
6669,21.3986,23.5116,6.18
6670,21.405,-14.5988,4.9
6685,21.4429,70.9799,6.34
6686,21.4525,60.2354,2.66
6687,21.468,-3.9273,6.5
6692,21.4829,68.1299,4.72
6702,21.5359,34.5799,6.34
6706,21.5637,19.1723,5.35
6711,21.5775,43.4579,5.98
6714,21.5982,20.0709,6.44
6717,21.6138,-0.399,6.42
6732,21.6735,19.2406,5.5
6748,21.7148,-13.0565,5.51
6776,21.7759,34.3776,6.27
6789,21.8471,-22.338,6.43
6794,21.8611,41.1011,6.42
6813,21.9129,45.407,4.83
6822,21.9435,-10.9016,6.13
6867,22.0914,-43.3177,3.41
6868,22.0952,7.9614,6.22
6952,22.3772,-46.7565,6.25
6960,22.4004,-21.6293,5.11
6971,22.4283,-25.6178,6.37
6981,22.4701,18.3557,6.01
6999,22.5254,47.0074,5.27
7007,22.5456,6.1439,4.84
7016,22.5953,-26.2079,5.92
7050,22.7167,66.0981,6.15
7078,22.8063,70.2648,5.82
7083,22.8124,-49.0731,3.93
7097,22.8708,15.3458,3.62
7115,22.9126,-45.5757,6.17
7118,22.9302,-30.2829,5.79
7147,23.0316,34.8,6.39
7189,23.1516,-49.7275,6.27
7213,23.2336,-36.8652,5.49
7243,23.3261,8.2088,6.31
7251,23.3571,58.3273,5.69
7271,23.4136,-78.5045,6.11
7276,23.4281,-7.0251,5.75
7283,23.4521,89.0157,6.46
7294,23.483,59.2321,4.68
7321,23.5692,37.2372,5.9
7345,23.6572,-15.6764,5.62
7359,23.7044,18.4607,5.9
7361,23.7118,-31.8922,6.11
7362,23.7138,-3.5238,6.44
7363,23.7148,-23.6997,6.41
7387,23.8113,-58.1394,6.03
7436,23.9435,14.6614,6.23
7443,23.9608,-39.947,6.43
7444,23.9686,41.0764,6.39
7447,23.9778,17.4338,5.95
7450,23.9957,-15.4002,5.41
7463,24.0351,-29.9074,5.69
7493,24.1134,48.7228,6.2
7505,24.1813,7.8315,6.39
7506,24.1865,-58.271,6.18
7513,24.1999,41.4064,4.1
7535,24.2748,12.1415,5.54
7568,24.3657,-84.7697,5.66
7580,24.4065,-9.4041,6.24
7588,24.4281,-57.2367,0.45
7593,24.4467,64.7394,6.49
7597,24.4669,-3.4407,6.43
7601,24.4791,-82.9753,5.88
7607,24.4979,48.6285,3.59
7617,24.5315,57.9776,5.55
7643,24.6146,-36.528,5.94
7650,24.6289,73.0401,5.28
7651,24.6327,45.3997,6.38
7679,24.7154,-21.2755,5.58
7719,24.8376,44.3861,5.01
7740,24.9199,16.4059,5.98
7751,24.9468,-56.1964,5.76
7786,25.0547,53.8683,6.35
7818,25.145,40.5771,4.96
7819,25.1454,8.7608,6.34
7825,25.1648,43.2978,5.63
7874,25.3262,25.7458,6.2
7879,25.3387,-79.1483,6.33
7884,25.3579,5.4876,4.45
7886,25.3637,-38.133,6.2
7906,25.4135,30.0471,5.97
7916,25.4367,-11.3237,5.75
7918,25.4438,42.6138,4.96
7921,25.4498,-60.7892,5.7
7941,25.5126,-36.8323,5.7
7943,25.5144,35.2458,5.63
7955,25.536,-32.3269,5.25
7963,25.5737,58.6278,6.35
7965,25.5852,68.043,5.57
7978,25.6215,-53.7406,5.52
7981,25.6248,20.2702,5.24
7999,25.6813,-3.6901,4.98
8016,25.7322,70.6226,5.18
8020,25.743,61.4211,6.33
8044,25.8183,45.3226,6.33
8046,25.8322,60.5514,5.78
8068,25.9151,50.6888,4.01
8086,25.959,32.192,6.32
8094,25.9784,-4.7654,6.2
8102,26.0214,-15.9396,3.49
8115,26.0746,57.5367,6.18
8127,26.1106,46.1398,6.32
8143,26.182,-6.7662,6.45
8148,26.1923,57.0892,6.25
8159,26.2327,20.0834,6.27
8198,26.3483,9.1576,4.26
8209,26.4111,-25.0524,5.29
8230,26.4969,-5.7332,5.37
8233,26.5041,-27.3487,6.38
8240,26.5247,-50.8162,5.49
8241,26.5256,-53.5222,5.04
8320,26.8196,-41.76,6.18
8362,26.9336,63.8531,5.63
8366,26.9445,-80.1762,6.05
8369,26.949,-37.1595,6.33
8370,26.95,46.2299,6.33
8387,27.0454,16.9556,5.86
8404,27.1084,3.6854,5.91
8423,27.1618,37.9529,5.94
8433,27.1737,32.6895,5.78
8475,27.3148,47.897,6.01
8480,27.3307,-31.0724,6.35
8497,27.3966,-10.6862,4.66
8514,27.4536,-38.4035,6.37
8544,27.5358,22.2754,5.83
8552,27.5837,-47.8165,6.14
8588,27.7167,11.0434,5.92
8593,27.727,-50.2061,5.94
8598,27.7379,51.9337,5.96
8641,27.8598,-39.8359,6.44
8645,27.865,-10.3349,3.74
8664,27.9075,-6.8741,6.42
8688,27.942,-15.6475,6.44
8704,27.9971,55.1474,5.53
8714,28.039,50.7929,5.7
8771,28.2114,51.4749,6.28
8778,28.217,-16.9291,5.78
8796,28.2704,29.5794,3.42
8814,28.3223,40.7298,5.42
8820,28.3462,-38.5947,6.09
8832,28.3824,19.2941,3.88
8833,28.3889,3.1875,4.61
8837,28.4117,-46.3024,4.39
8847,28.4519,55.5977,6.44
8882,28.5919,-42.4969,5.12
8886,28.5987,63.6701,3.35
8903,28.6598,20.8083,2.64
8922,28.724,40.7022,6.25
8928,28.7334,-67.6475,4.68
8930,28.7401,37.1283,6.28
8957,28.8321,-60.3124,6.43
8983,28.9436,-60.8611,6.07
8991,28.9594,-78.3487,6.15
8993,28.9626,23.5773,5.76
8998,28.9739,1.8495,6.01
9001,28.977,37.2778,5.89
9007,28.9868,-51.6096,3.69
9009,29.0,68.6853,4.97
9021,29.0385,37.2518,5.69
9022,29.0391,-49.8365,6.37
9061,29.1673,-22.5267,4.92
9085,29.2486,-51.7669,6.1
9094,29.2909,-10.2418,6.42
9095,29.2916,-47.3853,4.82
9110,29.3376,17.8176,5.09
9132,29.4322,27.8045,5.84
9149,29.4724,-65.4247,6.36
9153,29.4824,23.5961,4.79
9163,29.4968,47.0955,6.48
9207,29.6112,-33.0667,6.37
9220,29.6384,61.6978,6.02
9222,29.6396,49.2043,5.7
9236,29.6911,-61.5699,2.86
9237,29.6915,-11.3007,6.46
9295,29.8578,12.295,6.09
9307,29.8983,21.0586,5.89
9312,29.9083,64.6216,5.29
9313,29.9119,-42.0303,5.57
9318,29.9212,-66.0666,6.09
9326,29.9425,-20.8246,5.43
9347,30.0009,-21.0778,3.99
9353,30.0376,3.0976,5.89
9372,30.1115,-8.5238,5.43
9440,30.3117,-30.0016,5.34
9459,30.4267,-44.7134,5.15
9480,30.4898,70.907,4.49
9487,30.5117,2.7638,3.82
9505,30.5753,54.4875,4.99
9521,30.6178,-29.6657,6.4
9533,30.6462,13.4767,5.97
9562,30.7157,-23.8866,6.3
9564,30.7187,64.9015,6.0
9568,30.7377,77.9163,6.04
9570,30.7415,33.2842,5.5
9572,30.744,-15.3059,5.87
9573,30.7508,64.39,5.59
9586,30.7938,73.8506,6.12
9589,30.7984,0.1285,5.42
9598,30.8591,72.4212,3.95
9621,30.9136,25.9354,5.64
9622,30.9187,-4.1034,5.61
9627,30.9276,18.2533,6.24
9631,30.9505,-0.3401,5.96
9640,30.9747,42.3298,2.1
9655,31.0518,-11.8598,6.43
9677,31.1226,-29.2968,4.68
9685,31.146,-54.8816,6.45
9706,31.2125,7.7357,6.44
9727,31.2794,77.2815,5.27
9763,31.3816,76.1151,5.22
9809,31.5511,8.2481,6.27
9827,31.622,0.0354,6.29
9836,31.6413,22.6484,5.03
9859,31.7051,25.7046,6.01
9862,31.7165,-19.1388,6.39
9884,31.7929,23.4628,2.01
9951,32.0237,-41.8804,6.5
9977,32.1214,37.8592,4.78
9983,32.1398,44.4595,6.38
9990,32.1691,58.4236,5.66
9999,32.1903,-17.7791,6.07
10035,32.2889,-43.5165,5.84
10050,32.3459,17.2246,6.4
10053,32.3554,25.94,4.98
10054,32.356,81.2959,6.05
10064,32.3855,34.9874,3.0
10069,32.3951,-24.3457,6.48
10096,32.4518,-40.8664,6.49
10111,32.5199,-43.8156,6.32
10115,32.5322,53.8432,6.31
10138,32.6,-50.8253,6.12
10155,32.6564,19.5004,5.68
10176,32.7201,39.0396,6.09
10203,32.8003,25.937,6.01
10212,32.8382,8.5701,5.64
10215,32.8427,-10.0517,6.0
10220,32.8542,31.5264,6.24
10227,32.8716,57.6455,6.38
10234,32.8993,-1.8253,5.94
10273,33.0657,2.7455,6.49
10280,33.093,30.3032,4.94
10296,33.1563,24.1678,5.96
10305,33.1972,-2.3935,5.65
10306,33.1999,21.211,5.23
10309,33.2083,79.6915,6.46
10320,33.2269,-30.7238,5.27
10324,33.25,8.8468,4.36
10326,33.254,-21.0002,5.86
10328,33.2635,15.2799,5.72
10340,33.3056,44.2317,4.84
10350,33.3377,74.0278,6.25
10361,33.3896,53.0586,6.5
10366,33.4001,51.0662,5.31
10379,33.4234,58.5606,6.43
10396,33.4731,-9.0647,6.43
10403,33.5105,47.4844,6.05
10418,33.5604,-67.8416,5.57
10438,33.6213,66.5244,6.05
10440,33.6332,-41.1667,5.91
10446,33.6578,28.6914,6.35
10513,33.869,-67.7463,5.67
10535,33.9285,25.0433,5.57
10540,33.9414,25.7831,5.79
10559,33.9846,33.359,5.25
10562,33.9904,47.8121,6.37
10602,34.1271,-51.5121,3.56
10623,34.1886,83.5615,6.45
10633,34.2155,57.0552,6.48
10642,34.2458,-6.4219,5.51
10644,34.2601,34.2248,4.84
10670,34.3285,33.8473,4.03
10718,34.4993,57.8998,5.75
10723,34.5051,1.7569,5.6
10729,34.5192,57.5163,5.99
10732,34.5314,19.9012,5.58
10793,34.7375,28.6427,5.29
10795,34.7415,23.1678,6.45
10798,34.7444,-25.9468,6.33
10814,34.7952,46.4723,6.21
10819,34.8202,47.38,5.31
10826,34.8366,-2.9771,6.47
10830,34.8449,48.9553,6.44
10832,34.8532,-41.8484,6.36
10854,34.9198,-4.3456,6.5
10871,34.976,-55.9448,5.81
10924,35.1729,47.3108,6.17
10944,35.2424,50.1515,5.57
11001,35.4376,-68.6594,4.08
11020,35.481,57.2429,6.4
11021,35.486,0.3957,5.29
11029,35.506,-10.7773,5.43
11033,35.5207,-17.662,5.89
11043,35.5488,-43.1999,6.3
11046,35.5517,-0.8847,5.42
11060,35.5893,55.8457,5.16
11072,35.6351,-23.8163,5.19
11090,35.7098,41.3965,5.81
11095,35.7186,-73.6458,5.99
11102,35.7277,-51.0923,5.9
11108,35.7398,-18.3547,6.22
11121,35.7775,-37.5761,6.47
11174,35.9656,55.3649,6.29
11212,36.0837,-25.8475,6.45
11220,36.1037,50.0066,5.19
11231,36.1404,-40.8407,6.17
11249,36.2044,10.6106,5.48
11258,36.225,-60.3116,5.36
11261,36.2433,-2.78,6.34
11279,36.3168,56.6098,6.25
11293,36.3604,-66.494,6.39
11313,36.4058,50.2787,4.73
11345,36.4876,-12.2905,4.88
11348,36.5016,-15.3411,5.88
11381,36.6465,-20.0429,5.89
11407,36.7463,-47.7038,4.24
11415,36.7802,27.0126,6.14
11427,36.8482,10.1988,6.45
11432,36.8658,31.8013,5.55
11465,36.9656,50.5702,6.16
11474,36.9997,1.9609,6.45
11477,37.007,-33.8111,5.13
11479,37.0181,-64.2998,6.35
11484,37.0397,8.4601,4.3
11486,37.0416,29.6695,5.29
11524,37.1477,-31.1024,6.11
11548,37.2022,29.9316,5.89
11569,37.2666,67.4024,4.46
11578,37.3068,23.4691,6.2
11603,37.3973,9.5656,6.09
11644,37.557,-25.1865,6.5
11651,37.569,33.8338,6.26
11670,37.6346,25.2352,5.88
11671,37.6366,-22.5452,6.17
11678,37.6599,19.8554,6.14
11687,37.6885,0.2559,6.0
11698,37.7266,17.7041,6.21
11738,37.8753,2.2672,5.27
11757,37.9172,-79.1092,5.27
11767,37.9461,89.2641,1.97
11783,38.022,-15.2443,4.74
11784,38.0256,36.1472,5.15
11791,38.0393,-1.0348,5.36
11802,38.0613,-36.4273,6.28
11840,38.2194,34.5425,5.84
11843,38.2256,15.0345,6.0
11867,38.2793,-34.6499,5.91
11907,38.4177,-20.0017,6.19
11918,38.4613,-28.2323,4.96
11925,38.4776,-51.0935,6.24
12002,38.6775,-7.8593,5.74
12022,38.7672,7.4713,6.17
12057,38.8662,39.6645,6.36
12072,38.9114,37.3123,5.72
12086,38.945,34.6877,5.38
12093,38.9687,5.5933,4.87
12107,39.0003,-7.8315,5.53
12114,39.016,6.8834,5.79
12122,39.0387,-30.045,5.74
12148,39.1463,7.7301,5.81
12153,39.1573,12.4478,5.64
12160,39.1794,31.6077,6.07
12181,39.2378,38.734,5.91
12186,39.2443,-34.5773,5.78
12189,39.2518,24.6473,6.48
12200,39.2771,32.891,6.23
12225,39.3511,-52.5431,5.3
12239,39.4,65.7454,5.8
12247,39.4241,-3.3961,5.65
12272,39.5029,7.6954,6.4
12273,39.5087,72.8182,5.17
12287,39.5744,37.7268,6.19
12288,39.5775,-30.1939,5.84
12300,39.6031,-37.9904,6.48
12305,39.6164,38.0892,6.29
12318,39.6533,3.4432,6.21
12332,39.7042,21.9614,5.45
12387,39.8706,0.3285,4.08
12390,39.8905,-11.8716,4.83
12394,39.8968,-68.2669,4.12
12413,39.9497,-42.8916,4.74
12444,40.0521,-9.4527,5.79
12447,40.0653,6.112,6.26
12484,40.1649,-54.5499,5.21
12486,40.1664,-39.8553,4.11
12489,40.171,27.061,5.3
12530,40.3078,-0.6953,5.72
12562,40.3922,-14.5494,5.98
12584,40.4514,-3.2138,6.07
12608,40.5275,-38.3837,5.99
12611,40.5351,-46.5242,6.09
12623,40.5622,40.1944,4.91
12640,40.5913,20.0116,5.74
12647,40.6206,10.7418,6.32
12653,40.6382,-50.8008,5.4
12686,40.7478,53.5262,5.85
12690,40.7577,48.2653,6.3
12692,40.7617,55.1061,5.76
12706,40.8255,3.2362,3.47
12708,40.8343,-40.5279,6.35
12717,40.8603,-66.7141,6.23
12719,40.863,27.7072,4.65
12720,40.8704,-2.5315,6.48
12744,40.9635,25.6383,6.35
12768,41.0215,44.2971,5.43
12770,41.0306,-13.8587,4.24
12775,41.0441,-52.5706,6.15
12777,41.0487,49.2287,4.1
12784,41.0795,17.764,6.4
12786,41.0855,-32.5247,6.21
12803,41.1374,15.3119,5.78
12821,41.207,67.8247,5.95
12828,41.2349,10.1142,4.27
12832,41.2396,12.446,5.17
12843,41.2749,-18.5727,4.47
12862,41.3369,4.7117,6.04
12871,41.3644,-63.7045,5.73
12876,41.3856,-67.6167,4.83
12964,41.6877,-21.6396,6.48
12982,41.7428,35.9835,6.27
12990,41.765,35.5548,6.28
13008,41.7964,-22.4857,6.47
13036,41.8798,44.2722,6.45
13055,41.9485,81.4487,5.8
13061,41.9768,29.2474,4.52
13108,42.1336,18.2839,5.83
13121,42.1911,25.1881,5.89
13133,42.2313,69.6342,6.26
13141,42.2557,-62.8066,5.25
13147,42.2723,-32.4063,4.45
13165,42.3232,17.4643,5.26
13176,42.3622,37.3264,6.45
13178,42.3781,57.0843,6.25
13197,42.4625,-24.56,6.14
13202,42.4756,-27.942,5.39
13209,42.4958,27.2608,3.61
13225,42.5614,-35.8437,5.92
13244,42.6189,-75.0669,4.76
13254,42.6455,38.3189,4.22
13257,42.6471,36.9486,6.44
13265,42.6683,-35.6757,5.48
13268,42.6741,55.8955,3.77
13271,42.6991,-39.9322,6.36
13288,42.7598,-21.004,4.76
13327,42.8732,15.0821,5.52
13328,42.8785,35.0599,4.56
13339,42.924,46.842,5.86
13347,42.9413,58.3143,6.46
13363,42.984,-30.8148,6.38
13367,42.9948,68.8885,5.94
13387,43.0789,-62.9096,6.03
13402,43.1329,-12.7693,6.05
13421,43.2111,-9.4413,6.31
13424,43.2168,52.9974,6.35
13429,43.2277,-65.4553,6.47
13448,43.2986,16.4836,6.3
13462,43.3378,48.57,6.23
13473,43.3931,-38.4371,5.93
13479,43.397,-22.3761,5.93
13490,43.4274,38.3377,5.34
13518,43.527,-50.8714,6.22
13531,43.5644,52.7625,3.93
13654,43.9521,18.3317,5.76
13665,43.9864,61.5211,5.59
13679,44.0572,8.3818,5.97
13700,44.1027,64.3324,6.17
13701,44.1067,-8.8976,3.89
13702,44.1083,18.0237,5.58
13713,44.1388,47.164,6.05
13717,44.156,-3.7122,5.16
13732,44.2111,51.2614,6.22
13756,44.269,4.501,6.15
13768,44.3038,-29.8553,6.29
13775,44.322,31.9343,5.1
13782,44.3488,-23.8621,5.44
13789,44.3859,-38.191,6.41
13832,44.5097,38.615,6.06
13834,44.5211,20.6688,5.8
13835,44.5237,-23.6061,5.82
13847,44.5655,-40.3047,2.88
13874,44.6754,-2.7827,5.22
13879,44.6902,39.6628,4.68
13883,44.6971,-9.7765,6.14
13884,44.699,-64.0713,4.98
13905,44.7655,35.1831,4.94
13907,44.7771,-28.9071,6.14
13914,44.8031,21.3404,4.63
13942,44.9003,-25.2743,5.69
13947,44.9096,-32.5072,6.32
13949,44.9161,41.0331,5.89
13951,44.9215,-2.4649,5.56
13954,44.9287,8.9074,4.71
13965,44.9574,47.2206,5.47
13997,45.0495,38.1318,6.11
14036,45.1837,10.8705,5.93
14040,45.212,-2.8786,6.11
14043,45.2174,52.3518,5.24
14060,45.2915,-7.6628,5.75
14086,45.406,-28.0905,5.88
14104,45.4678,5.3361,6.24
14109,45.4756,26.4623,5.91
14110,45.4837,-9.9614,5.84
14124,45.5385,-6.4942,6.2
14131,45.5642,-71.9025,5.51
14135,45.5699,4.0899,2.54
14143,45.5938,4.3529,5.62
14146,45.5983,-23.6243,4.08
14168,45.6761,-7.6855,5.32
14187,45.7327,-46.975,5.81
14232,45.8755,28.27,6.38
14240,45.9038,-59.7376,5.12
14264,45.9865,47.8485,6.48
14293,46.0687,-7.6009,5.26
14315,46.1585,1.8636,6.05
14318,46.1694,15.8562,6.37
14328,46.1991,53.5065,2.91
14354,46.2937,38.8405,3.32
14355,46.2969,-8.2743,6.3
14365,46.3376,40.5822,6.06
14376,46.3612,25.2552,5.45
14382,46.3851,56.7055,4.77
14392,46.4173,56.069,6.1
14417,46.5331,79.4185,5.49
14439,46.5987,13.1874,5.64
14456,46.6395,-6.0885,5.23
14502,46.8292,64.0576,5.89
14514,46.857,17.88,6.13
14521,46.8829,-78.9894,5.67
14544,46.9473,47.3087,6.38
14547,46.9542,-69.265,6.12
14551,46.9617,-27.8311,6.18
14566,47.016,52.2136,6.33
14576,47.0422,40.9557,2.09
14586,47.0879,18.7951,6.24
14607,47.1616,8.4709,6.28
14626,47.2258,62.3846,6.47
14632,47.262,49.6135,4.05
14649,47.3338,20.7612,6.41
14668,47.3735,44.8579,3.79
14677,47.403,29.0771,5.74
14719,47.5368,27.8199,6.42
14748,47.6127,26.8961,6.02
14749,47.6135,-48.7341,6.11
14757,47.6473,-23.7386,6.37
14764,47.6616,11.8727,5.97
14791,47.7534,64.8963,6.5
14797,47.7719,-13.2643,6.36
14814,47.8198,-16.0249,6.25
14817,47.8225,39.6116,4.61
14819,47.8282,-3.8116,6.08
14821,47.8414,13.0478,6.11
14838,47.907,19.7267,4.35
14844,47.9286,81.4707,5.92
14862,47.9843,74.3939,4.85
14879,48.0178,-28.9891,3.8
14887,48.0398,42.3759,6.15
14893,48.0593,27.257,5.78
14913,48.107,-44.4197,5.92
14914,48.1098,47.7261,6.32
14915,48.1099,6.6609,5.55
14930,48.1381,-57.3216,5.71
14954,48.193,-1.1959,5.07
14972,48.2562,-35.9437,6.29
15004,48.3494,48.177,5.93
15024,48.4081,-29.8041,6.17
15110,48.7255,21.0446,4.87
15118,48.7356,42.5036,6.07
15125,48.7512,-26.1004,6.25
15154,48.8352,30.5567,5.61
15191,48.9465,32.8567,6.3
15192,48.9499,57.1406,5.79
15193,48.9527,50.956,6.46
15197,48.9584,-8.8198,4.8
15201,48.989,-77.3886,5.51
15203,49.0035,-5.9187,6.17
15204,49.0076,34.6886,6.25
15209,49.0185,45.3462,6.15
15219,49.0509,50.9377,5.04
15230,49.0905,-5.7304,6.3
15241,49.1466,32.1842,5.98
15244,49.149,-9.1547,6.14
15282,49.2977,40.4831,6.44
15305,49.3608,-47.7517,5.84
15309,49.3814,65.6584,6.41
15323,49.4172,31.1272,6.4
15330,49.4353,-62.5769,5.53
15334,49.4406,39.2834,5.97
15338,49.4472,44.0251,5.49
15353,49.4958,-66.9269,6.03
15357,49.5104,-28.797,5.93
15371,49.5464,-62.5079,5.24
15382,49.5921,-22.5111,4.86
15383,49.5928,-0.9301,5.62
15404,49.6572,50.2222,5.16
15411,49.6711,-18.5596,5.72
15416,49.6826,34.2227,4.85
15444,49.7817,50.095,5.05
15457,49.8397,3.37,4.84
15474,49.879,-21.7579,3.7
15479,49.8954,-24.1228,5.63
15510,49.9718,-43.0715,4.26
15514,49.9826,27.0713,5.91
15520,49.9969,65.6523,4.74
15547,50.0816,77.7349,5.44
15549,50.0849,29.0485,4.47
15557,50.1065,25.663,6.14
15585,50.1882,-26.6066,6.4
15619,50.2782,3.6757,5.7
15627,50.3067,21.1471,5.27
15643,50.3501,-23.6351,5.5
15648,50.3609,43.3297,4.96
15655,50.3893,-47.7766,6.4
15669,50.4682,49.0711,5.94
15696,50.5495,27.6076,5.55
15700,50.5678,-25.5878,6.36
15737,50.6886,20.7421,5.1
15770,50.8049,49.2133,5.32
15776,50.8237,-7.7936,6.2
15800,50.9013,0.9103,6.47
15807,50.9125,4.8821,6.37
15840,51.0095,-69.6247,6.14
15850,51.0421,12.6296,6.03
15861,51.0769,24.7242,5.5
15863,51.0806,49.8612,1.79
15870,51.1088,20.8035,6.07
15876,51.1237,33.536,5.78
15884,51.1509,-51.0627,6.5
15890,51.169,64.586,5.13
15900,51.2035,9.0291,3.61
15968,51.4011,-69.3366,5.96
15987,51.4826,-35.9209,6.39
15988,51.489,49.1208,6.09
16015,51.549,-41.637,6.33
16029,51.5938,-27.3176,5.93
16042,51.6473,28.7153,6.47
16083,51.7922,9.7328,3.73
16095,51.8278,12.7353,6.29
16112,51.889,-35.6813,5.71
16142,52.004,-11.2865,5.74
16147,52.0127,49.0629,4.99
16156,52.0479,-35.8534,6.49
16168,52.0862,33.8077,5.72
16177,52.0982,60.2557,6.49
16181,52.1107,22.8043,6.03
16210,52.2179,49.8484,5.58
16226,52.2659,3.2487,6.41
16228,52.2672,59.9403,4.21
16244,52.3418,49.509,4.67
16245,52.3424,-62.9384,4.71
16252,52.3594,46.9379,6.21
16263,52.4001,-12.6747,5.57
16266,52.4133,-6.8042,6.01
16281,52.4781,58.8788,4.55
16285,52.48,-42.6343,5.76
16290,52.4955,-78.3518,5.68
16292,52.501,55.4518,5.09
16303,52.5455,59.3661,6.14
16310,52.5566,-41.3695,6.12
16319,52.5808,71.8639,6.37
16322,52.602,11.3365,5.14
16335,52.6437,47.9952,4.36
16339,52.6537,-47.3752,5.98
16340,52.6539,48.1037,5.82
16341,52.6544,-5.0752,4.74
16358,52.6891,6.1887,5.93
16368,52.7153,-66.4897,5.81
16369,52.7182,12.9367,4.14
16424,52.8723,49.2098,6.29
16425,52.8762,40.76,6.5
16447,52.9543,49.4011,6.41
16449,52.9734,-25.6141,6.38
16470,53.0358,48.0235,5.47
16489,53.0821,84.9114,5.62
16499,53.1096,46.057,5.3
16509,53.1447,-50.3788,5.67
16511,53.1497,9.3736,5.76
16516,53.1624,44.8558,6.42
16518,53.1668,35.4617,5.91
16531,53.2144,-61.017,6.42
16537,53.2351,-9.4583,3.72
16587,53.3841,58.7654,6.45
16591,53.3959,39.8996,5.79
16599,53.4129,54.9749,5.98
16602,53.4218,57.8686,6.37
16611,53.4469,-21.6328,4.26
16628,53.4867,-31.0803,6.2
16641,53.5347,17.8336,6.14
16664,53.6109,24.4645,5.95
16672,53.6399,-31.8748,6.39
16677,53.6561,-9.8683,6.25
16695,53.7046,6.4177,6.49
16697,53.7182,-25.5829,6.48
16712,53.7543,60.0414,6.43
16779,53.9885,-5.1249,6.49
16780,53.9902,-11.194,5.56
16803,54.0725,-17.467,5.24
16826,54.1223,48.1927,4.32
16827,54.1258,-78.3231,6.29
16846,54.1971,0.5882,5.82
16852,54.2188,0.4028,4.29
16870,54.2737,-40.2745,4.57
16924,54.4492,15.4306,6.4
16938,54.5007,42.5829,6.41
16974,54.5821,56.9328,6.29
16989,54.6219,-7.3917,5.86
17007,54.6986,-27.9431,6.01
17026,54.7503,20.9158,6.5
17027,54.7547,-5.6257,5.97
17056,54.8546,75.7396,6.25
17057,54.8559,-10.437,6.19
17058,54.8572,16.5368,6.18
17086,54.9098,-3.3928,6.22
17103,54.9631,3.0568,5.55
17120,54.9981,-1.1212,6.12
17136,55.0477,-15.2265,6.35
17167,55.1597,-5.2107,5.53
17181,55.1929,25.3295,6.11
17203,55.2827,37.5803,5.55
17214,55.3073,-11.8025,6.49
17296,55.5389,63.2168,5.06
17298,55.5413,-45.9579,6.5
17304,55.5621,-31.9384,4.99
17309,55.5789,19.7003,5.68
17313,55.5943,33.965,4.97
17328,55.6362,-85.262,6.4
17342,55.6781,59.9694,5.74
17351,55.7088,-37.3133,4.59
17358,55.7312,47.7877,3.01
17378,55.8123,-9.7652,3.52
17395,55.891,-10.4856,5.59
17408,55.9464,19.6652,6.13
17436,56.0265,-40.6601,6.45
17437,56.0268,48.5237,6.06
17440,56.0481,-64.8071,3.84
17448,56.0797,32.2883,3.84
17453,56.1174,20.9288,6.09
17457,56.1271,-1.1631,5.24
17460,56.1308,36.4602,5.6
17464,56.1411,-54.2742,6.29
17475,56.1705,46.0999,6.1
17489,56.2008,24.2896,5.45
17493,56.2103,-48.0611,6.49
17499,56.2188,24.1134,3.72
17506,56.2353,-0.2967,5.56
17527,56.2905,24.8394,5.66
17529,56.2985,42.5785,3.77
17531,56.302,24.4674,4.3
17534,56.3162,-47.3595,5.72
17543,56.3487,-71.6582,6.26
17558,56.4046,38.6762,6.45
17563,56.4185,6.05,5.34
17573,56.4566,24.3679,3.87
17579,56.4769,24.5546,5.76
17584,56.4969,45.6819,5.66
17585,56.5034,67.2019,5.79
17587,56.5097,63.3451,4.78
17588,56.512,24.528,6.43
17593,56.5354,-12.1017,4.43
17595,56.539,6.8037,5.91
17608,56.5815,23.9485,4.14
17618,56.6143,-29.3382,5.91
17651,56.7125,-23.2484,4.22
17678,56.8093,-74.2392,3.26
17702,56.8711,24.1052,2.85
17707,56.8838,55.922,6.09
17717,56.9151,-23.8748,5.24
17732,56.9543,32.1955,6.26
17734,56.9567,-36.1058,6.21
17738,56.9834,-30.1673,5.52
17759,57.0273,24.9885,6.44
17771,57.0677,11.1434,5.08
17772,57.0753,50.7368,6.18
17776,57.0867,23.4214,5.44
17798,57.1488,-20.9029,5.81
17797,57.1493,-37.6201,4.3
17805,57.1622,0.2279,5.91
17832,57.2371,23.8573,6.47
17846,57.2838,43.963,5.95
17847,57.2905,24.0535,3.62
17851,57.2967,24.1368,5.05
17854,57.3071,70.8712,5.4
17858,57.3322,57.1183,6.46
17874,57.3637,-36.2001,4.17
17884,57.3804,65.526,4.39
17886,57.3863,33.0914,5.14
17891,57.4026,63.2971,5.82
17900,57.4313,23.712,6.17
17921,57.4794,22.2443,6.05
17932,57.5185,44.9679,5.65
17950,57.5671,-1.5226,6.47
17954,57.5788,25.5796,5.24
17959,57.5895,71.3324,4.59
18033,57.8161,13.0461,6.3
18067,57.924,68.5075,6.31
18081,57.9738,34.3591,5.78
18089,58.0009,6.5349,5.66
18094,58.0186,31.1687,6.22
18141,58.1736,-5.3612,5.48
18170,58.2915,17.3272,5.97
18173,58.3039,-18.4344,6.21
18199,58.3888,-46.8936,5.93
18201,58.3936,25.683,6.35
18212,58.4111,48.6506,5.76
18213,58.4122,-34.7323,5.11
18216,58.4278,-24.6122,4.64
18217,58.43,57.9754,5.8
18246,58.533,31.8837,2.84
18255,58.5729,-2.9547,4.46
18262,58.5966,-40.357,5.7
18275,58.6414,-52.6903,6.46
18339,58.8174,-12.0991,5.99
18396,58.9923,47.8715,5.39
18401,59.0162,-63.4638,6.14
18428,59.1152,-13.5975,6.37
18434,59.1195,35.0809,5.49
18438,59.1264,71.8216,6.31
18453,59.1518,50.6957,5.28
18455,59.1579,-9.7509,6.18
18471,59.2168,22.4783,5.62
18481,59.2571,6.0401,6.09
18485,59.2658,23.1756,6.05
18488,59.2846,61.1089,4.99
18505,59.356,63.0722,4.95
18508,59.3599,24.462,6.19
18532,59.4634,40.0103,2.9
18543,59.5072,-13.5082,2.97
18565,59.6214,38.8403,6.32
18592,59.6786,-57.1024,6.05
18597,59.6864,-61.4002,4.56
18606,59.7184,-5.4695,5.85
18614,59.7412,35.791,3.98
18647,59.8756,-12.5743,5.61
18658,59.9184,10.3304,6.35
18673,59.9812,-24.0163,4.62
18717,60.1537,17.2967,6.31
18723,60.1693,-30.4907,5.93
18724,60.1701,12.4904,3.41
18735,60.2029,18.1941,5.89
18744,60.2242,-62.1594,4.48
18769,60.3118,36.9895,6.39
18772,60.3253,-61.0791,4.97
18788,60.3835,-1.5496,5.28
18805,60.4422,9.998,5.67
18859,60.6527,-0.2683,5.38
18907,60.7891,5.9893,3.91
18926,60.8531,-20.1438,6.47
18957,60.9358,5.4356,5.32
18975,60.9854,8.1972,5.45
18990,61.036,-16.5886,6.36
18993,61.0408,2.8273,5.36
19009,61.0903,24.106,5.46
19011,61.0946,-12.7923,5.62
19018,61.1132,59.1555,5.0
19037,61.1704,-20.3818,6.12
19038,61.1736,22.0821,4.36
19076,61.334,22.0092,5.9
19095,61.4054,-27.652,5.59
19111,61.4447,-20.5125,6.34
19121,61.4854,-8.8561,6.27
19129,61.5132,68.68,5.88
19167,61.6461,50.3514,4.25
19171,61.6517,27.6,5.18
19172,61.6524,54.0089,6.31
19177,61.6617,65.5209,6.14
19205,61.7522,29.0013,5.21
19222,61.7947,74.0005,6.49
19233,61.8387,-64.2231,6.37
19261,61.9246,15.1628,6.02
19284,61.9975,17.3399,5.89
19302,62.0644,37.728,6.07
19335,62.1521,38.0402,5.52
19343,62.1653,47.7126,3.96
19376,62.2565,13.3983,5.94
19388,62.2913,19.6093,5.51
19398,62.3243,-16.3859,5.45
19400,62.3423,54.8291,6.25
19412,62.3649,59.9081,6.29
19434,62.4293,3.3228,6.49
19454,62.5009,86.6264,5.84
19461,62.5116,80.6987,5.1
19483,62.5938,-6.9238,5.44
19509,62.6912,-35.2737,6.43
19511,62.6989,-8.8198,5.7
19513,62.7078,26.481,5.39
19515,62.7101,-41.9937,4.93
19525,62.7459,33.5868,5.75
19554,62.8341,5.523,5.71
19571,62.9007,-20.3563,5.8
19587,62.9664,-6.8378,4.04
19590,62.9838,-8.8375,6.45
19601,63.0011,-17.2746,6.41
19641,63.1305,17.2775,6.09
19672,63.2135,22.4135,6.14
19673,63.2161,68.5011,6.33
19719,63.3879,7.716,5.29
19720,63.394,10.2125,6.24
19721,63.3988,-40.3578,6.36
19725,63.4089,-1.1497,6.45
19730,63.4367,72.1262,6.05
19736,63.4576,12.7537,6.25
19740,63.485,9.2639,4.84
19746,63.4989,37.9671,6.47
19747,63.5003,-42.2939,3.85
19777,63.5987,-10.2559,4.87
19780,63.606,-62.474,3.33
19799,63.651,10.0114,5.22
19805,63.7023,-62.192,5.45
19810,63.717,37.5427,6.31
19811,63.7221,40.4837,4.67
19812,63.7244,48.4094,4.12
19823,63.7575,57.4604,6.06
19849,63.8235,-7.6446,4.43
19859,63.8703,6.1871,6.32
19860,63.8835,8.8924,4.27
19877,63.9426,15.4007,6.31
19893,64.0062,-51.4871,4.26
19917,64.0872,-60.9485,6.34
19921,64.1212,-59.3017,4.44
19949,64.1796,53.6118,5.2
19968,64.2231,61.85,5.69
19983,64.2836,57.8605,5.72
19990,64.3154,20.5787,4.93
19996,64.3301,-6.4722,5.95
20020,64.4178,-63.2555,5.88
20039,64.466,80.5358,6.39
20042,64.4734,-33.7983,3.55
20049,64.4966,-80.2142,5.67
20063,64.5337,42.1412,6.22
20070,64.5607,50.2956,4.6
20075,64.567,-20.7153,6.0
20087,64.5964,21.5794,5.64
20106,64.6561,-22.9698,6.09
20109,64.6666,-52.8603,6.08
20138,64.762,-33.9046,6.36
20156,64.8049,50.0488,5.46
20161,64.8194,-44.2678,5.33
20171,64.8587,21.1424,5.5
20186,64.9029,21.7736,5.34
20188,64.9059,10.1215,6.31
20205,64.9481,15.6277,3.65
20219,64.9901,14.0352,5.58
20231,65.0415,31.9532,6.16
20234,65.048,50.921,5.55
20241,65.0601,41.8082,5.95
20250,65.0885,27.3509,4.97
20252,65.1027,34.5667,4.93
20255,65.1043,18.7427,6.11
20261,65.151,15.0955,5.26
20263,65.1608,-6.2459,6.15
20264,65.1625,-20.6396,5.38
20266,65.1682,65.1405,5.26
20268,65.1719,6.1309,5.76
20271,65.1785,-7.5925,5.85
20284,65.2194,13.8645,6.15
20297,65.2418,-81.5802,5.78
20341,65.3627,-0.0979,5.86
20347,65.3804,-25.7285,6.08
20354,65.3881,46.499,4.8
20360,65.4063,-6.2841,6.45
20376,65.4483,60.7359,5.4
20380,65.4659,56.5063,5.91
20384,65.4717,-63.3868,5.24
20400,65.5144,14.0773,5.72
20417,65.5947,20.8214,5.91
20430,65.6455,25.6294,5.38
20455,65.7334,17.5426,3.77
20456,65.7413,59.6163,6.18
20465,65.7736,-24.8921,5.81
20467,65.7823,-35.5448,6.38
20484,65.8542,16.7773,5.64
20493,65.8848,20.9821,6.0
20498,65.8992,42.428,6.25
20507,65.9203,-3.7453,5.17
20522,65.966,9.461,5.1
20533,65.999,24.301,6.34
20535,66.009,-34.017,3.97
20542,66.0237,17.4442,4.8
20552,66.0513,-57.0712,6.28
20558,66.0603,12.158,6.42
20579,66.1214,34.1308,5.73
20591,66.1559,33.9599,5.77
20614,66.2377,19.0421,5.97
20619,66.2723,-61.2382,5.94
20630,66.3296,-44.1611,6.38
20635,66.3421,22.294,4.21
20641,66.3539,22.2001,5.27
20648,66.3722,17.928,4.3
20661,66.4052,15.9411,6.44
20698,66.5056,4.3735,6.37
20704,66.5261,31.4392,5.29
20711,66.5766,22.8137,4.28
20713,66.5861,15.6183,4.48
20715,66.5879,8.5903,6.06
20732,66.6516,14.7139,4.69
20765,66.7372,-24.0813,6.11
20771,66.7527,2.0796,6.23
20772,66.7536,57.5853,6.28
20776,66.7621,80.8242,5.42
20781,66.7747,-46.9468,6.1
20789,66.8227,22.9964,5.53
20804,66.8699,11.2123,5.87
20825,66.9418,-62.5212,5.74
20842,67.003,21.62,5.72
20848,67.0151,1.8586,6.14
20856,67.0395,-41.9598,6.41
20860,67.0554,83.8078,5.51
20873,67.0972,14.741,5.9
20877,67.1099,16.3596,4.96
20884,67.1338,1.3809,5.53
20885,67.1435,15.9622,3.84
20889,67.1539,19.1805,3.53
20892,67.1626,-19.4586,5.95
20894,67.1653,15.8709,3.4
20901,67.2088,13.0476,5.02
20904,67.2166,30.3615,6.38
20922,67.2789,-13.0484,5.61
20934,67.3335,-46.5154,6.13
20982,67.5025,83.3401,5.47
20985,67.5096,10.2624,6.47
20995,67.5356,15.6379,5.58
20997,67.5416,-13.5924,6.22
21029,67.6399,16.1941,4.78
21036,67.6554,13.7245,5.4
21038,67.66,32.4578,6.18
21039,67.6618,15.6919,5.47
21042,67.668,-35.6536,5.95
21053,67.6947,16.1488,6.5
21060,67.7087,-44.9537,5.07
21082,67.7799,15.1052,6.28
21108,67.8504,40.0102,6.25
21110,67.8578,-13.6441,6.25
21137,67.9654,15.8516,6.01
21139,67.9695,-0.044,4.91
21144,67.9873,36.7429,6.35
21148,68.0077,53.9108,5.78
21152,68.0198,5.41,6.37
21192,68.1564,-3.2095,5.76
21239,68.342,-10.7854,6.06
21242,68.3537,43.0639,6.09
21247,68.3776,72.5288,5.94
21248,68.3776,-29.7658,4.49
21251,68.3877,18.0168,6.24
21253,68.3921,-62.8236,5.79
21269,68.4507,9.4136,6.01
21273,68.4619,14.8445,4.65
21278,68.478,-6.7389,5.71
21281,68.4988,-55.045,3.3
21295,68.5345,5.5686,5.67
21296,68.5485,-8.2314,5.2
21297,68.5491,-8.97,5.24
21298,68.5592,-6.8377,6.09
21323,68.6583,28.9612,5.88
21324,68.6589,-24.0405,6.37
21363,68.7527,-19.9215,6.12
21393,68.8878,-30.5623,3.81
21402,68.9135,10.1609,4.25
21408,68.9274,19.8818,6.33
21421,68.98,16.5098,0.87
21428,69.007,-3.6116,6.34
21444,69.0798,-3.3524,3.93
21452,69.101,64.2616,5.91
21459,69.1211,23.341,6.01
21476,69.1726,41.2649,4.25
21479,69.1903,-62.077,5.59
21486,69.2123,-30.7168,6.28
21515,69.307,0.9983,5.32
21517,69.3116,18.543,6.49
21525,69.3302,-41.8731,6.4
21547,69.4004,-2.4734,5.22
21588,69.5391,16.0334,5.78
21589,69.5392,12.5109,4.27
21594,69.5453,-14.3036,3.86
21604,69.566,20.6847,5.85
21611,69.5906,-77.656,6.05
21644,69.7233,-12.1231,4.99
21666,69.7679,-51.6728,6.45
21670,69.7754,7.871,5.38
21673,69.7883,15.8,5.08
21683,69.8185,15.918,4.67
21685,69.8318,-14.3589,5.46
21689,69.8464,25.2183,6.21
21718,69.9467,-1.0524,6.11
21727,69.9779,53.0796,5.07
21730,69.9918,53.4732,5.36
21735,70.0142,12.1976,5.45
21743,70.0285,-24.4824,5.56
21763,70.1104,-19.6713,4.32
21770,70.1409,-41.8636,4.44
21819,70.3322,28.6151,5.73
21823,70.3504,48.301,5.66
21847,70.4587,38.2804,5.97
21861,70.5144,-37.1448,5.04
21881,70.5613,22.957,4.27
21914,70.6936,-50.4814,5.3
21928,70.7262,43.3653,5.3
21949,70.7664,-70.9311,5.53
21958,70.7888,-30.7654,5.66
21961,70.8073,24.089,6.18
21972,70.84,49.9738,5.86
21986,70.8947,-8.7942,5.98
21998,70.9344,-41.0648,6.24
22003,70.9511,32.8656,6.49
22024,71.0222,-8.5036,5.78
22028,71.0331,-18.6665,5.53
22034,71.0542,40.7865,6.09
22040,71.088,-59.7328,5.28
22044,71.1074,11.1462,5.39
22081,71.2413,-63.2297,6.46
22086,71.2673,-21.2833,5.72
22109,71.3756,-3.2546,4.01
22128,71.4269,23.628,6.34
22144,71.4812,-39.3566,6.04
22152,71.5016,76.6114,6.46
22157,71.5071,11.7056,5.35
22176,71.5699,18.7349,5.99
22189,71.6006,-2.9544,6.33
22192,71.6073,-28.0875,6.18
22220,71.6853,40.3127,5.99
22263,71.9009,-16.9349,5.49
22280,71.9565,-30.0206,6.35
22287,72.0009,56.7575,5.29
22300,72.0289,55.6028,6.32
22325,72.1355,-16.3296,5.76
22336,72.1508,-5.6734,5.77
22354,72.1859,3.5886,6.04
22361,72.2094,75.9415,5.96
22393,72.3035,31.4376,5.57
22407,72.3294,32.5883,5.84
22439,72.4263,-13.7692,6.27
22441,72.4337,15.9042,6.09
22449,72.4589,6.9612,3.19
22453,72.4778,37.4882,4.89
22479,72.5483,-16.2173,5.03
22488,72.5674,-41.321,6.06
22508,72.6516,70.9416,6.36
22509,72.653,8.9003,4.35
22531,72.7308,-53.4617,5.58
22534,72.7357,-53.4599,6.42
22545,72.789,48.7408,5.64
22549,72.8015,5.6051,3.68
22565,72.8434,18.8399,5.08
22573,72.8675,-34.9062,5.82
22597,72.9308,9.9751,6.11
22607,72.958,13.6552,6.3
22626,73.0215,63.5056,5.47
22667,73.1332,14.2508,4.71
22678,73.1583,36.7032,4.79
22697,73.1962,27.8976,5.97
22699,73.199,42.5866,5.68
22701,73.2237,-5.4528,4.36
22717,73.2739,-72.4083,6.28
22720,73.2908,52.8412,6.4
22730,73.3448,2.5083,5.33
22737,73.377,-66.6754,6.43
22783,73.5125,66.3427,4.26
22797,73.5629,2.4407,3.71
22833,73.6954,11.426,5.18
22834,73.6991,7.7792,5.33
22840,73.7113,0.4672,5.98
22842,73.7134,44.061,6.06
22844,73.7205,-58.5478,6.11
22845,73.7238,10.1511,4.64
22847,73.7284,-39.6287,6.11
22850,73.743,19.4855,6.36
22854,73.7631,55.2591,5.52
22860,73.7784,-16.7406,5.71
22871,73.7964,-74.937,5.47
22881,73.8277,-16.4179,5.71
22913,73.959,15.0403,5.79
22923,73.9932,5.3991,6.5
22936,74.0295,52.8697,5.75
22938,74.0376,7.9048,6.42
22949,74.065,24.5923,6.33
22955,74.0837,36.1685,6.1
22957,74.093,13.5146,4.06
22958,74.1008,-5.1714,5.5
23015,74.2484,33.1661,2.69
23041,74.3217,-1.0672,6.25
23040,74.3218,53.7521,4.43
23043,74.3431,17.1537,5.51
23060,74.4362,-14.2319,6.15
23068,74.4527,23.9486,5.79
23088,74.5391,25.0505,5.79
23092,74.5454,-2.2128,6.34
23123,74.6371,1.714,4.47
23148,74.7124,-82.4705,5.84
23161,74.7475,14.5432,6.14
23166,74.756,-16.3763,5.65
23179,74.8141,37.8905,4.93
23216,74.9431,53.1555,6.09
23221,74.9602,-10.263,5.39
23231,74.9821,-12.5372,4.78
23251,75.0554,-78.3,6.29
23261,75.0764,39.3947,5.95
23265,75.0863,81.194,5.09
23268,75.0967,39.6547,6.46
23296,75.1659,-2.066,6.31
23311,75.2028,-5.751,6.22
23362,75.3565,-20.0519,4.91
23364,75.3598,-7.174,4.8
23377,75.3939,-39.7181,6.02
23380,75.4001,61.0784,6.03
23408,75.4598,0.7222,5.91
23416,75.4922,43.8233,3.03
23419,75.5001,1.6088,6.45
23430,75.5407,-26.2748,5.01
23442,75.5825,74.2693,6.05
23446,75.595,-31.7715,5.92
23453,75.6195,41.0759,3.69
23467,75.6792,-71.3143,5.3
23474,75.6873,-22.7951,5.74
23475,75.689,-4.2101,5.86
23482,75.703,-49.1515,5.37
23484,75.7097,66.8238,6.2
23497,75.7738,21.5901,4.62
23511,75.8277,41.4417,6.11
23522,75.8546,60.4423,4.03
23551,75.9672,-14.3702,6.42
23554,75.9719,-24.3881,5.61
23555,75.9747,-41.7453,6.3
23582,76.0532,73.7639,6.21
23583,76.0607,30.4946,6.14
23589,76.0899,21.278,6.2
23595,76.1013,-35.4829,4.55
23596,76.1089,-35.7052,6.32
23607,76.1422,15.4042,4.65
23617,76.1652,74.067,6.1
23643,76.2272,-3.0397,6.04
23649,76.2415,-49.5778,5.05
23653,76.2525,-54.4074,6.26
23668,76.3175,-26.1522,5.71
23680,76.3488,1.1776,6.1
23685,76.3652,-22.3709,3.19
23693,76.3779,-57.473,4.71
23695,76.3838,19.8068,6.48
23724,76.5039,35.9364,6.49
23734,76.5352,58.9724,5.22
23737,76.5386,-73.0378,6.26
23743,76.5506,59.0214,6.08
23766,76.6236,61.1699,6.0
23767,76.6286,41.2346,3.18
23777,76.653,-13.1227,6.04
23783,76.6694,51.5981,4.98
23794,76.6902,-4.6552,5.12
23799,76.7065,43.1747,6.2
23818,76.7907,-19.3925,6.47
23831,76.8537,-12.491,5.97
23835,76.8612,18.645,4.91
23840,76.8917,-63.3996,5.19
23852,76.9097,9.4727,6.15
23871,76.9518,20.4185,5.28
23874,76.9576,-12.5924,6.33
23875,76.9626,-5.0863,2.78
23879,76.9703,8.4986,5.33
23883,76.981,21.7048,5.84
23900,77.0276,24.2652,5.5
23908,77.0552,-15.0954,6.38
23916,77.0841,-8.6653,5.8
23941,77.1819,-4.4562,5.11
23972,77.2866,-8.7541,4.25
23983,77.3317,9.8296,5.43
24003,77.4026,69.6396,6.43
24010,77.4248,15.5973,4.81
24017,77.4355,64.9199,6.37
24019,77.4377,28.0306,5.93
24041,77.5136,-0.5652,6.11
24072,77.5784,37.3019,6.02
24109,77.6786,46.9624,5.67
24114,77.6858,-25.9105,6.4
24130,77.7416,-2.2537,6.24
24162,77.8297,-2.4908,5.89
24169,77.8452,-11.8492,5.6
24193,77.9096,29.9036,6.42
24197,77.9232,16.0457,5.18
24203,77.939,1.0371,5.88
24244,78.0745,-11.8691,4.45
24254,78.0935,73.9467,5.44
24294,78.2005,-6.0571,5.9
24305,78.2328,-16.2054,3.29
24313,78.2618,61.85,6.17
24327,78.3079,-12.9413,4.36
24331,78.3228,2.8613,4.46
24332,78.3231,37.3376,6.48
24340,78.3572,38.4847,4.82
24348,78.3804,62.6911,6.49
24349,78.3815,1.9677,6.08
24372,78.4393,-67.1853,4.81
24377,78.4469,0.5605,6.33
24384,78.4722,-52.0307,6.03
24394,78.4998,-14.6069,6.22
24426,78.6202,-35.977,5.75
24436,78.6345,-8.2016,0.18
24440,78.6481,76.4728,6.36
24450,78.6836,5.1561,5.5
24451,78.6845,53.2139,6.16
24479,78.7974,59.4057,6.15
24493,78.8272,-1.4091,6.15
24505,78.8515,-26.9434,5.06
24504,78.8517,32.6876,5.01
24507,78.8537,-73.5885,6.49
24512,78.8653,22.2849,6.26
24520,78.9117,-52.1822,6.48
24555,79.0172,11.3414,5.52
24560,79.044,-11.3526,6.45
24575,79.0756,34.3122,5.99
24607,79.171,1.9473,6.42
24608,79.1721,45.999,0.08
24659,79.3709,-34.8944,4.81
24674,79.4017,-6.8444,3.59
24679,79.4177,-13.5197,5.48
24727,79.544,33.372,4.54
24732,79.5552,73.2681,5.81
24738,79.5653,42.7922,5.55
24740,79.5787,33.7674,6.15
24771,79.668,40.4652,6.22
24786,79.7093,-18.1302,5.96
24799,79.7501,33.7485,5.38
24813,79.7837,40.1007,4.69
24817,79.7968,2.5959,5.34
24820,79.8113,20.1347,6.12
24822,79.8191,22.0967,4.96
24825,79.8226,-18.5199,6.37
24829,79.8421,-50.6065,5.44
24831,79.8487,-27.3689,5.98
24832,79.8488,33.9854,6.49
24836,79.866,58.1174,6.13
24845,79.8939,-13.1768,4.29
24847,79.897,-1.4119,6.33
24873,79.996,-12.3156,5.29
24879,80.0038,33.9581,5.05
24881,80.0097,44.4254,6.49
24902,80.0612,41.0863,5.46
24909,80.0863,-34.6989,6.34
24914,80.0942,62.6537,5.64
24925,80.11,-5.3675,6.4
24927,80.1121,-21.2397,4.7
24955,80.1695,66.7468,6.39
24960,80.1823,2.5447,6.43
24977,80.2359,19.8144,6.2
24984,80.2473,27.9573,6.35
25001,80.3029,29.5699,5.66
25007,80.3203,-34.3451,6.05
25011,80.3304,4.012,6.49
25028,80.3827,-0.4165,5.68
25041,80.4315,8.4286,5.78
25044,80.4406,-0.3825,4.72
25045,80.4428,-24.7729,5.06
25048,80.4517,41.8047,5.22
25059,80.4804,-17.6036,6.47
25098,80.5923,-56.1345,6.1
25110,80.6407,79.2308,5.08
25142,80.7083,3.5444,4.99
25143,80.7097,41.0293,5.54
25180,80.7999,-26.7055,6.49
25187,80.8271,-8.4156,5.99
25192,80.8453,28.9368,6.45
25194,80.85,-39.6784,5.73
25197,80.8659,57.5445,5.24
25202,80.8756,-13.9273,5.25
25205,80.8795,5.323,6.34
25216,80.9072,16.6994,6.09
25223,80.9263,-0.1598,5.69
25240,80.9639,-0.8666,6.13
25247,80.9868,-7.808,4.13
25278,81.1055,17.3836,5.0
25280,81.1186,-16.9757,5.64
25281,81.1192,-2.3971,3.35
25282,81.1205,-0.8917,5.07
25288,81.1504,2.3532,6.33
25290,81.1602,31.2239,6.3
25291,81.1605,31.1432,5.94
25292,81.1631,37.3854,5.02
25301,81.1867,36.2,6.49
25302,81.1868,1.8464,4.89
25303,81.1929,-52.3162,6.26
25317,81.2316,-44.2257,6.09
25322,81.2476,73.7072,6.48
25329,81.2573,-10.3288,5.6
25336,81.2828,6.3497,1.64
25368,81.4021,-1.4913,6.44
25378,81.4459,0.5202,6.18
25397,81.4993,-19.6954,5.78
25401,81.5098,-5.5185,6.24
25410,81.5238,16.7002,6.23
25428,81.5729,28.6079,1.65
25429,81.5803,-58.9126,5.14
25453,81.6618,6.8687,6.41
25471,81.7033,34.3918,5.92
25473,81.7093,3.0957,4.59
25475,81.7136,33.2623,6.18
25476,81.7264,35.4573,6.17
25482,81.7493,-68.6225,6.02
25486,81.7698,-11.9008,6.3
25488,81.7722,-40.9438,5.86
25492,81.7845,30.2086,5.69
25499,81.792,17.9623,5.4
25502,81.8079,15.2577,6.18
25505,81.8142,2.3412,6.36
25532,81.902,-21.3758,6.08
25539,81.9087,21.937,4.88
25541,81.912,34.476,5.08
25555,81.94,15.8741,5.52
25580,82.0038,33.7642,6.41
25582,82.0061,1.2982,6.41
25583,82.0067,17.2392,5.77
25606,82.0614,-20.7592,2.81
25608,82.0639,-37.2309,5.56
25638,82.1449,13.679,6.35
25667,82.2371,-3.3074,6.39
25695,82.3187,25.1503,5.47
25708,82.3488,-3.4464,5.8
25730,82.4193,29.1866,6.2
25732,82.4233,-0.8024,6.49
25737,82.4333,-1.0922,4.71
25751,82.4782,1.7893,5.77
25768,82.5394,-47.0773,5.46
25769,82.5425,63.0672,5.43
25776,82.558,-84.7852,6.18
25781,82.5661,-63.9278,6.19
25785,82.583,4.2049,6.21
25786,82.5865,-7.4348,6.33
25790,82.6091,15.3605,5.93
25806,82.6805,22.4623,6.29
25810,82.6878,39.826,6.38
25813,82.696,5.9482,4.2
25816,82.7027,41.4621,5.99
25853,82.7818,-20.8636,5.53
25859,82.8031,-35.4704,3.86
25861,82.8105,3.2921,5.46
25869,82.8371,-6.7084,6.23
25887,82.9,-45.9254,5.86
25911,82.95,85.9387,6.5
25918,82.9694,-76.3417,5.18
25923,82.9828,-7.3015,4.62
25930,83.0017,-0.2991,2.25
25945,83.0531,18.5942,4.32
25950,83.0589,17.0582,5.5
25973,83.1403,57.2216,6.44
25976,83.1582,0.012,6.15
25980,83.1723,-1.5918,5.34
25984,83.182,32.192,4.71
25985,83.1826,-17.8223,2.58
25993,83.2141,-38.5133,5.45
26001,83.248,-64.2275,5.34
26019,83.2805,-35.1393,5.75
26054,83.3642,32.8013,6.5
26063,83.381,-1.1561,5.36
26064,83.3818,18.5402,5.67
26069,83.4063,-62.4899,3.76
26071,83.4093,34.7256,6.27
26072,83.4118,20.4742,6.19
26079,83.4346,-54.9023,6.42
26093,83.4762,14.3056,5.6
26104,83.5103,-7.0237,6.45
26106,83.5162,-1.0357,6.24
26108,83.5169,-1.4702,5.92
26126,83.57,3.7669,5.32
26149,83.622,-0.0123,6.25
26169,83.6866,-73.7414,5.79
26176,83.7052,9.4896,4.39
26190,83.7393,-61.176,6.32
26197,83.7542,-6.0093,5.67
26199,83.7612,-6.002,4.78
26207,83.7845,9.9342,3.39
26215,83.8052,10.2401,5.6
26219,83.8144,-33.08,5.76
26220,83.8159,-5.3873,4.98
26221,83.8186,-5.3897,5.13
26234,83.843,-4.4243,6.24
26235,83.8454,-5.4161,4.98
26237,83.8465,-4.8383,4.58
26241,83.8583,-5.9099,2.75
26248,83.863,24.0396,5.37
26263,83.8996,-3.2528,6.4
26264,83.9005,-78.8209,6.04
26268,83.9145,-4.8561,5.24
26291,83.9813,27.6624,6.27
26300,84.0119,-47.3137,6.1
26309,84.0428,-28.708,6.26
26311,84.0534,-1.2019,1.69
26315,84.0664,47.7153,6.1
26344,84.1468,54.4287,5.74
26345,84.1487,-6.0648,5.71
26363,84.2184,40.1824,6.08
26366,84.2264,9.2914,4.09
26368,84.2291,-66.5603,6.28
26382,84.2655,17.0404,5.53
26386,84.2681,11.035,5.97
26395,84.2865,-11.7755,6.1
26394,84.2866,-80.4717,5.65
26396,84.2868,26.9245,5.83
26408,84.3128,64.1549,6.15
26410,84.3169,66.6967,6.26
26412,84.3187,-27.8712,6.15
26414,84.3305,8.9519,6.11
26427,84.364,-5.9384,6.03
26451,84.4112,21.1426,2.97
26460,84.436,-28.6898,5.28
26463,84.4408,33.5592,6.36
26477,84.4724,-4.814,6.16
26487,84.5046,7.5415,5.87
26515,84.5726,-50.641,6.43
26535,84.6582,-6.574,5.96
26536,84.6587,30.4924,5.4
26545,84.6814,-40.7074,5.81
26549,84.6865,-2.6001,3.77
26563,84.7212,-7.2127,4.77
26571,84.739,26.6181,6.45
26592,84.7863,41.3589,6.44
26594,84.7964,4.1215,4.5
26602,84.8176,-17.8494,6.4
26606,84.8263,29.2152,5.98
26616,84.8629,21.763,6.42
26623,84.8785,-9.7066,6.49
26624,84.8798,-3.5647,5.99
26634,84.9122,-34.074,2.65
26638,84.9322,75.0438,6.19
26640,84.9341,25.8971,5.18
26649,84.9577,-32.6291,5.44
26712,85.1496,31.3582,6.04
26713,85.1554,-2.8252,6.22
26718,85.1752,31.9206,6.23
26727,85.1897,-1.9426,1.74
26728,85.1925,-10.4087,6.46
26736,85.2113,-1.1288,4.95
26762,85.2733,0.3377,5.93
26777,85.3238,16.5342,4.84
26779,85.3347,53.4823,6.21
26781,85.3374,29.4875,6.4
26796,85.3622,-33.4007,6.35
26820,85.418,-2.8965,6.41
26821,85.423,-16.7258,6.22
26853,85.5166,22.6604,6.35
26862,85.5483,-30.5355,6.18
26865,85.5582,-22.3737,5.88
26866,85.5604,-17.5304,6.15
26868,85.5633,-34.6679,5.29
26882,85.6102,65.6977,5.62
26885,85.6194,1.4747,4.9
26926,85.7246,-6.7963,5.97
26942,85.7569,56.5815,6.05
26953,85.7888,-1.6132,6.31
26964,85.8312,23.2044,6.23
26966,85.8402,-18.5574,5.73
26981,85.8756,-39.4069,6.25
27001,85.9213,-45.8331,6.38
27046,86.0353,61.4765,6.17
27072,86.1166,-22.4475,3.59
27075,86.1184,-20.1267,6.34
27100,86.1934,-65.7355,4.34
27116,86.2554,12.8884,6.47
27118,86.2575,4.0082,6.09
27164,86.3733,31.3249,6.5
27196,86.4752,49.8263,5.46
27204,86.4996,-32.3064,5.18
27212,86.5119,-4.2683,6.24
27243,86.614,-46.5972,5.31
27249,86.6265,56.1157,5.93
27253,86.6457,1.1685,5.95
27265,86.6896,15.8225,6.0
27280,86.7173,9.5225,5.78
27288,86.739,-14.8219,3.55
27293,86.7502,51.521,6.47
27303,86.7691,-28.6389,6.22
27308,86.7825,-16.2381,6.18
27316,86.8048,14.4884,5.72
27317,86.8055,-54.3607,6.19
27319,86.8112,42.527,6.3
27321,86.8212,-51.0667,3.85
27325,86.8279,-35.6742,6.29
27338,86.8592,17.7292,5.47
27341,86.8621,-10.5329,6.04
27346,86.8844,63.5988,6.49
27353,86.8944,25.5686,6.48
27364,86.9288,13.8996,5.28
27366,86.9391,-9.6696,2.07
27386,87.001,6.4542,5.26
27421,87.0932,20.8695,6.03
27435,87.1454,-4.0941,5.97
27468,87.254,24.5676,4.88
27472,87.2695,62.8082,6.18
27483,87.2936,39.1811,4.51
27511,87.3873,12.6514,4.89
27512,87.3922,-44.8754,6.38
27517,87.4023,-14.4835,5.49
27530,87.4566,-56.1665,4.5
27533,87.473,-22.9719,5.87
27534,87.4731,-66.9012,5.1
27549,87.5112,9.8712,5.79
27560,87.5544,4.4235,5.96
27566,87.57,-79.3615,5.46
27583,87.6201,-52.7679,6.32
27581,87.6204,14.3057,5.54
27588,87.6251,2.0247,5.97
27621,87.7217,-52.1087,5.16
27625,87.7342,51.5147,6.29
27628,87.7398,-35.7693,3.12
27629,87.7421,27.9678,5.6
27639,87.76,37.3057,4.72
27654,87.8298,-20.8775,3.76
27658,87.8416,-7.518,5.36
27660,87.8463,-64.0336,6.35
27661,87.8573,32.1247,6.28
27670,87.8692,-22.9268,6.16
27673,87.8725,39.1485,3.97
27705,87.9983,-29.4494,6.47
27713,88.0322,-9.042,5.95
27731,88.0719,58.9641,6.14
27737,88.0841,-57.156,5.93
27743,88.0929,14.1718,5.6
27747,88.0975,19.8679,5.96
27750,88.1102,1.8552,4.76
27766,88.1382,-37.631,5.62
27777,88.1653,39.5747,6.4
27778,88.167,33.9174,6.04
27795,88.2312,68.4717,6.22
27810,88.2787,-33.8014,4.88
27830,88.3318,27.6123,4.56
27890,88.5246,-63.091,4.65
27900,88.5556,10.5864,6.13
27901,88.5585,-29.1471,6.34
27902,88.5655,3.2258,6.3
27913,88.5962,20.2764,4.39
27937,88.6713,-49.627,6.11
27938,88.6816,-11.7743,5.62
27939,88.6835,0.9686,5.99
27947,88.7088,-52.6361,5.29
27949,88.7116,55.7069,4.96
27955,88.7187,-39.9579,5.55
27965,88.7362,19.7496,5.92
27971,88.7409,59.8884,5.2
27973,88.7459,31.7019,5.9
27989,88.7929,7.407,0.45
28010,88.8745,-37.1206,4.97
28011,88.8756,-4.6165,5.87
28019,88.8974,-4.7885,6.28
28085,89.0592,-22.8401,5.95
28098,89.0873,-31.3825,5.52
28103,89.1013,-14.168,3.71
28110,89.1168,9.5094,5.97
28117,89.1407,28.9423,6.35
28118,89.1435,-23.2154,6.37
28138,89.2042,-31.9763,6.44
28139,89.2058,11.5212,5.89
28154,89.2338,24.2497,6.03
28180,89.3099,-53.4257,6.48
28199,89.3842,-35.2833,4.36
28205,89.3956,66.0961,6.24
28232,89.4771,1.2243,6.22
28237,89.4986,25.9539,4.81
28252,89.5488,-0.994,6.21
28271,89.6018,1.8371,5.89
28287,89.6565,-44.0346,5.81
28296,89.7066,0.553,5.21
28302,89.7218,12.8083,5.7
28321,89.7545,-9.3823,6.15
28325,89.7679,-9.5581,5.04
28328,89.7866,-42.8151,3.96
28343,89.8408,49.9245,5.9
28358,89.8815,54.285,3.72
28360,89.8824,44.9474,1.9
28380,89.9302,37.2128,2.65
28385,89.941,55.3211,6.42
28390,89.9498,54.5471,6.14
28404,89.9838,45.9368,4.3
28413,90.0139,-3.0741,4.53
28434,90.0736,-12.8999,6.21
28438,90.0789,44.5921,6.21
28484,90.205,-51.2166,5.65
28499,90.244,47.902,5.71
28500,90.2519,27.5724,6.04
28517,90.2919,31.0345,6.18
28520,90.3046,-25.4177,6.04
28524,90.3179,-33.9118,5.54
28532,90.334,85.1821,6.17
28561,90.4235,22.401,6.36
28562,90.4294,48.9595,5.98
28574,90.4601,-10.5979,4.92
28596,90.5388,-60.0968,6.41
28614,90.5958,9.6474,4.12
28622,90.6409,-14.4972,6.2
28634,90.688,47.8093,6.49
28637,90.7025,49.9058,6.04
28642,90.7229,43.3784,6.38
28644,90.7297,32.6362,6.23
28656,90.7679,57.0184,6.5
28675,90.8148,-26.2848,5.03
28677,90.8245,42.9119,6.08
28686,90.8532,11.6811,6.09
28691,90.864,19.6906,5.14
28716,90.9799,20.1385,4.64
28734,91.0301,23.2636,4.16
28744,91.0563,-6.709,5.19
28756,91.0845,-32.1727,5.65
28764,91.1188,-45.0372,6.35
28765,91.1213,51.5735,6.39
28790,91.1674,-45.0795,5.93
28812,91.2424,5.42,5.67
28814,91.2432,4.1587,5.63
28816,91.2464,-16.4844,4.92
28820,91.2608,37.9643,6.32
28823,91.2643,42.982,5.9
28829,91.2843,59.3933,6.32
28831,91.2888,75.5859,6.28
28854,91.3626,-10.2427,5.88
28855,91.3632,-35.5137,5.8
28861,91.3913,33.5991,6.23
28899,91.523,-29.7585,5.79
28908,91.5359,35.3885,6.12
28910,91.5389,-14.9353,4.67
28909,91.539,-66.0397,5.72
28930,91.5935,29.5124,6.01
28943,91.6338,-23.1108,5.46
28946,91.6462,38.4828,5.35
28949,91.6614,-4.1938,5.37
28951,91.6633,63.4538,6.42
28957,91.6711,-42.2988,6.15
28984,91.7397,-21.8123,5.74
28988,91.7576,-45.0916,6.48
28991,91.764,-62.1544,5.04
28992,91.7653,-34.312,5.82
29025,91.8615,41.8543,6.15
29034,91.8818,-37.2529,5.0
29038,91.893,14.7685,4.42
29048,91.9235,-19.166,5.28
29064,91.9703,-42.154,5.5
29114,92.0964,41.0558,6.34
29129,92.1443,-44.3562,6.26
29134,92.1848,-68.8435,5.06
29140,92.1988,-6.8214,6.46
29150,92.2411,-22.4273,5.49
29151,92.2413,2.4997,5.7
29178,92.3341,-18.1263,6.36
29185,92.3476,-49.563,6.48
29196,92.3852,22.1903,5.93
29205,92.3939,-14.5847,5.56
29210,92.4009,-5.7114,6.16
29225,92.4333,23.1135,5.75
29233,92.4465,-26.7011,6.27
29234,92.4496,-22.7745,5.71
29246,92.4958,58.9356,5.35
29263,92.5434,-40.354,5.54
29271,92.5592,-74.7525,5.08
29276,92.5746,-54.9687,4.72
29294,92.6445,-27.1542,5.72
29304,92.6664,-45.282,6.28
29323,92.7551,-6.7542,6.15
29326,92.7574,18.1305,6.37
29348,92.8068,60.4535,6.48
29347,92.8069,-26.4821,6.08
29353,92.8126,-65.5897,5.01
29371,92.8663,13.6386,6.04
29379,92.8846,24.4204,5.83
29388,92.9024,48.7111,5.78
29401,92.9322,-4.6654,6.18
29404,92.9413,52.6474,6.28
29417,92.9659,-6.5503,5.06
29426,92.985,14.2088,4.45
29433,93.0056,19.7906,5.76
29434,93.0137,16.1304,4.95
29451,93.0839,32.6934,5.78
29490,93.2127,65.7185,5.36
29509,93.2482,6.0163,6.45
29525,93.3019,10.6279,6.43
29568,93.4389,-23.8622,6.37
29569,93.4389,51.1726,6.07
29575,93.476,-3.7414,5.83
29616,93.6191,17.9064,5.86
29629,93.6529,-4.5685,5.83
29650,93.7122,19.1569,5.2
29651,93.7139,-6.2747,3.99
29655,93.7196,22.5068,3.31
29679,93.785,-20.2723,5.88
29678,93.7852,13.8511,5.91
29692,93.8238,-18.477,5.99
29696,93.8447,29.4987,4.32
29704,93.8547,16.1432,5.34
29705,93.859,-9.0358,6.09
29711,93.8736,-4.9146,5.99
29716,93.8932,-0.5117,5.62
29728,93.9174,6.0662,6.07
29730,93.9188,59.999,5.37
29735,93.937,-13.7184,5.0
29736,93.9374,12.5511,5.44
29746,93.9749,1.169,6.37
29771,94.0321,-16.618,5.97
29788,94.0785,-59.2127,6.44
29789,94.0794,23.97,6.09
29798,94.0991,17.1816,6.39
29800,94.1107,12.2717,5.04
29807,94.1381,-35.1407,4.37
29808,94.1483,-39.2643,6.0
29840,94.2446,23.7409,6.24
29842,94.2551,-37.7376,5.54
29843,94.2647,-22.7146,6.05
29850,94.2776,9.9425,5.39
29852,94.2899,-37.2534,5.88
29860,94.3177,5.0997,5.7
29895,94.4239,-16.8159,5.15
29913,94.4656,-52.733,6.4
29919,94.4785,61.5153,5.01
29931,94.5234,14.3828,6.12
29941,94.5572,-19.967,5.51
29949,94.5702,46.3608,6.33
29982,94.6681,9.0473,6.24
29993,94.7033,-15.025,6.04
29996,94.7108,-9.39,5.36
29997,94.7116,69.32,4.76
30011,94.7457,-20.9256,5.79
30019,94.7577,17.3253,6.27
30028,94.7831,-8.586,6.22
30060,94.9058,59.0109,4.44
30062,94.9091,-22.1031,6.29
30069,94.9206,-34.3966,5.76
30073,94.9283,-7.8229,5.27
30093,94.9984,-2.9445,4.91
30099,95.0176,14.6512,5.67
30122,95.0783,-30.0634,3.02
30141,95.1465,-23.6378,6.49
30143,95.151,-34.1442,5.55
30190,95.2726,-11.8173,6.32
30200,95.2996,29.5409,6.41
30214,95.353,-11.7732,5.48
30217,95.3574,2.2686,6.3
30218,95.358,17.7636,6.32
30247,95.4421,53.4524,5.34
30272,95.5148,59.3721,6.05
30277,95.5285,-33.4363,3.85
30318,95.6518,12.5703,6.0
30321,95.6593,-69.9841,5.56
30324,95.6749,-17.9559,1.98
30342,95.7328,-56.3699,5.6
30343,95.74,22.5139,2.87
30352,95.7562,-63.6832,6.3
30357,95.7765,56.9765,6.47
30376,95.8104,-31.7903,6.31
30382,95.827,3.7645,6.41
30407,95.8997,-9.8747,6.11
30419,95.9421,4.5928,4.39
30420,95.9423,-15.0713,6.27
30423,95.9455,-58.5439,6.47
30436,95.983,-25.5775,5.61
30438,95.9879,-52.6957,-0.62
30444,96.0042,-36.7079,5.62
30448,96.0095,8.885,6.24
30457,96.0431,-11.53,5.21
30463,96.0578,-60.2814,5.78
30468,96.0858,-12.9619,6.12
30480,96.1107,-63.4286,6.45
30501,96.1823,25.0487,6.35
30503,96.1833,-28.7798,6.37
30505,96.1854,-40.284,6.3
30517,96.2198,16.0572,6.35
30520,96.2246,49.2879,4.92
30524,96.2325,-63.8282,6.26
30541,96.3042,7.0857,6.26
30545,96.3184,-0.9454,5.88
30564,96.3674,14.722,6.3
30565,96.3694,-69.6908,5.37
30566,96.375,-35.064,6.24
30570,96.3873,23.3272,6.05
30591,96.4319,-48.1768,5.76
30595,96.4464,-3.889,6.33
30602,96.468,11.1259,6.39
30608,96.4951,-7.895,6.4
30627,96.54,-3.5158,6.42
30651,96.6078,56.285,5.53
30660,96.6435,-4.5974,6.16
30666,96.665,-1.5073,5.87
30669,96.6777,-14.6034,6.32
30675,96.6869,-7.5119,6.35
30679,96.7037,58.4174,5.21
30700,96.7537,-4.3556,6.5
30703,96.7672,-58.0021,5.82
30706,96.7816,-37.8956,6.48
30711,96.7978,-25.856,6.05
30717,96.8073,0.2993,5.19
30720,96.815,-0.276,5.55
30728,96.8353,2.9083,5.55
30741,96.898,32.5631,6.43
30769,96.9862,20.4963,6.22
30772,96.9899,-4.7621,5.06
30788,97.0426,-32.5801,4.47
30794,97.0604,70.5353,6.03
30798,97.0699,1.9127,6.48
30804,97.0783,10.304,6.16
30815,97.1171,16.2385,6.24
30827,97.142,30.4931,5.75
30836,97.1559,-17.466,5.76
30840,97.1635,-32.3713,5.74
30849,97.1766,-41.0749,6.32
30867,97.2045,-7.0331,3.76
30883,97.2408,20.2122,4.13
30906,97.3117,2.6463,6.17
30932,97.3689,-56.8528,5.2
30953,97.4547,-50.239,5.28
30972,97.5124,46.6855,5.88
30973,97.5125,-65.5684,6.28
30986,97.547,-10.0815,5.92
30988,97.5492,-19.2148,6.44
31024,97.6454,-13.1482,6.16
31037,97.6929,-27.7696,5.92
31039,97.6964,58.1635,5.86
31056,97.7496,-40.9163,6.19
31066,97.7898,11.2514,6.17
31068,97.7944,-61.8796,6.15
31072,97.8046,-35.2589,5.82
31079,97.8259,-51.8262,5.58
31084,97.8459,-12.3919,5.16
31086,97.85,-32.8686,6.31
31099,97.8956,-36.9402,6.26
31105,97.906,15.9035,6.38
31119,97.9512,11.5443,5.22
31121,97.9586,-8.1582,5.43
31125,97.964,-23.4184,4.34
31137,97.993,-58.7538,5.69
31158,98.0772,17.7843,6.26
31159,98.0801,4.856,5.88
31165,98.0889,-37.6965,5.25
31167,98.0964,-5.8687,5.6
31168,98.097,11.6736,6.08
31173,98.1133,32.4549,5.82
31190,98.1624,-32.0305,5.73
31205,98.1953,-11.1664,6.3
31216,98.226,7.333,4.47
31241,98.2927,-38.6251,6.44
31265,98.3596,-52.3293,6.18
31266,98.3612,-20.9239,6.39
31277,98.4007,14.1554,5.57
31278,98.408,-1.2201,5.09
31299,98.4562,-36.2323,5.42
31359,98.6367,55.353,6.45
31362,98.6472,-32.7163,5.62
31385,98.693,7.5725,6.44
31407,98.7441,-52.9756,4.35
31416,98.7641,-22.9648,4.54
31434,98.8003,28.0223,5.26
31446,98.816,0.8902,5.78
31448,98.8233,9.9884,5.93
31457,98.8509,-36.7799,5.59
31469,98.8784,-22.109,6.32
31509,98.9753,-36.0885,6.36
31564,99.0952,-18.6599,5.71
31579,99.1368,38.4456,5.4
31583,99.1472,-5.2111,5.52
31592,99.1708,-19.2557,3.95
31593,99.1711,-22.6148,6.35
31599,99.1942,-13.321,5.95
31603,99.2136,-41.5572,6.36
31617,99.2579,-38.1466,6.03
31637,99.3077,-36.9907,5.72
31646,99.3502,6.1354,6.05
31650,99.3637,24.5908,6.44
31662,99.4038,10.8534,6.39
31665,99.41,56.8575,5.87
31672,99.4181,2.7043,6.17
31674,99.4199,-12.9848,6.11
31676,99.4235,61.4819,5.94
31681,99.4279,16.3994,1.93
31685,99.4403,-43.1959,3.17
31688,99.4481,-32.3399,5.25
31697,99.4696,4.9567,6.14
31700,99.4726,-18.2375,4.42
31703,99.4802,73.6956,6.26
31711,99.5018,-61.5336,6.15
31733,99.5853,-2.5439,6.14
31736,99.5955,-23.5803,6.48
31737,99.5959,28.9844,5.76
31758,99.6476,-16.8735,6.01
31765,99.6568,-48.2202,5.05
31766,99.6591,1.6135,6.23
31771,99.6648,39.3911,5.7
31789,99.7049,39.9026,5.34
31813,99.772,22.0309,6.09
31827,99.8197,-14.1457,4.82
31832,99.8326,42.489,4.8
31850,99.8811,24.5999,6.43
31852,99.888,28.2632,6.02
31859,99.9009,-23.6956,6.05
31870,99.9278,-30.47,5.7
31876,99.9489,12.9828,5.99
31889,99.9911,44.0141,6.35
31897,100.0121,-80.8137,5.61
31940,100.1202,77.9958,5.75
31946,100.1343,71.7488,5.88
31977,100.2398,-71.7751,6.5
31978,100.2444,9.8958,4.66
31992,100.2727,0.4953,5.79
32007,100.3091,-40.3499,6.16
32012,100.3217,11.0032,6.19
32019,100.3371,28.1966,6.45
32020,100.3414,16.3977,6.28
32040,100.4074,35.932,6.48
32064,100.4849,-9.1674,5.21
32067,100.4968,6.3454,6.36
32091,100.5683,-38.3988,6.28
32104,100.6013,17.6455,5.2
32144,100.692,-22.4488,6.26
32173,100.7709,44.5245,5.04
32177,100.7775,3.0338,6.18
32190,100.8072,37.1474,6.21
32208,100.8473,-39.1931,6.3
32222,100.9031,-73.118,6.36
32226,100.911,3.9325,5.88
32246,100.983,25.1312,3.06
32249,100.9971,13.2281,4.49
32261,101.0478,53.2964,6.28
32268,101.0522,36.1093,6.37
32269,101.0534,-54.6955,6.47
32292,101.1186,-31.0705,5.23
32311,101.1894,28.971,5.42
32322,101.2165,-27.3424,6.43
32332,101.232,-70.4338,6.1
32349,101.2885,-16.7131,-1.44
32362,101.3226,12.8961,3.35
32366,101.3462,-31.7929,5.92
32368,101.3474,-23.4625,6.04
32385,101.38,-30.949,5.62
32402,101.4738,-52.4097,5.81
32404,101.4758,12.6936,6.47
32411,101.4975,-14.7961,5.3
32434,101.5506,-37.7753,6.19
32438,101.559,59.4417,4.86
32439,101.5603,79.5663,5.44
32463,101.6351,8.5872,5.92
32474,101.6626,-10.1074,5.66
32477,101.6737,-54.6951,6.45
32480,101.6847,43.577,5.24
32489,101.7062,57.1693,5.34
32492,101.7129,-14.426,5.28
32494,101.7196,-51.2654,5.39
32500,101.7438,-87.025,6.46
32504,101.7562,-21.0154,6.07
32531,101.828,-55.54,5.6
32533,101.8327,8.0373,4.77
32537,101.8392,-37.9297,5.27
32539,101.8477,18.1936,6.35
32558,101.9051,-8.9985,5.08
32562,101.9149,48.7895,5.22
32578,101.9652,2.4122,4.48
32607,102.0481,-61.942,3.24
32609,102.051,55.7044,5.54
32617,102.0795,-1.3188,5.75
32677,102.2406,-15.1447,5.39
32682,102.2652,1.0021,6.16
32698,102.3184,-2.272,5.75
32740,102.4222,32.6069,5.72
32744,102.4333,-24.076,6.31
32746,102.4346,37.5127,6.49
32753,102.4577,16.2029,5.87
32759,102.4603,-32.5085,3.5
32761,102.4638,-53.6225,4.41
32765,102.4776,-46.6155,5.14
32768,102.4839,-50.6144,2.94
32775,102.5042,-60.2494,6.11
32809,102.5907,-17.0846,5.77
32810,102.5973,-31.7061,5.74
32814,102.6062,13.4132,5.68
32827,102.654,-25.7784,6.32
32838,102.6763,-8.041,6.31
32844,102.6915,41.7816,4.99
32851,102.7076,-0.5404,5.78
32855,102.7181,-34.3673,4.99
32864,102.7379,67.5719,5.14
32912,102.8624,-70.9635,5.41
32918,102.8857,-48.2927,6.42
32921,102.8877,21.7612,5.28
32931,102.9141,3.0421,6.37
32938,102.9269,-36.2301,5.94
32968,103.0,23.6017,5.68
32990,103.0953,-5.3162,6.3
33012,103.1893,-59.3413,6.41
33015,103.1964,-43.9756,6.47
33018,103.1973,33.9614,3.6
33024,103.2062,8.3804,5.75
33040,103.2513,-26.9575,6.33
33041,103.2559,38.8691,6.1
33044,103.2648,35.788,6.03
33048,103.2711,59.4487,5.34
33056,103.2816,44.8401,6.24
33064,103.3057,38.4384,6.32
33077,103.3285,-19.0328,5.65
33079,103.341,-18.9329,6.13
33082,103.3433,10.9969,6.3
33092,103.3871,-20.2243,4.82
33094,103.3906,-28.5387,6.05
33104,103.426,68.8883,5.11
33126,103.4811,-24.5388,6.23
33133,103.4878,38.5051,6.46
33139,103.5096,-50.6121,6.24
33152,103.5331,-24.1842,3.89
33154,103.5358,-5.8522,6.39
33160,103.5478,-12.0386,4.08
33184,103.6027,-1.127,5.44
33189,103.6112,-42.3656,6.32
33202,103.6608,13.178,4.73
33210,103.6752,-1.7565,6.2
33243,103.7455,-2.8036,6.03
33248,103.7614,-20.4049,5.8
33269,103.8111,43.91,6.16
33271,103.8134,45.8266,6.31
33277,103.8279,25.3756,5.74
33297,103.8943,8.3243,6.28
33302,103.9058,-20.1366,4.66
33316,103.9455,-22.9414,5.29
33330,103.9782,-31.7902,6.36
33345,104.0277,-14.0434,5.0
33347,104.0343,-17.0542,4.36
33357,104.0666,-48.7212,4.94
33372,104.1077,9.9566,5.9
33377,104.1336,46.274,5.85
33384,104.1437,-79.4202,5.45
33394,104.1904,-35.3413,6.27
33415,104.2339,46.7055,5.88
33420,104.2504,-8.1793,6.31
33421,104.2522,33.681,5.91
33444,104.3047,57.5632,6.03
33449,104.3192,58.4231,4.35
33451,104.3234,-35.5072,6.23
33453,104.3271,37.3947,6.48
33465,104.3566,11.9076,6.26
33478,104.3915,-24.6311,5.45
33485,104.4047,45.0941,4.9
33492,104.4277,-27.5375,6.22
33532,104.5315,-27.1644,6.36
33558,104.6046,-34.1117,5.07
33575,104.6496,-25.4142,5.59
33577,104.6516,-56.3948,6.46
33579,104.6564,-28.9721,1.5
33584,104.6622,7.6224,6.25
33588,104.6659,-55.7289,6.26
33590,104.6739,-45.7676,6.23
33591,104.6821,-30.9981,6.41
33595,104.698,26.0809,6.2
33603,104.7376,3.6024,5.96
33614,104.762,38.0526,6.02
33644,104.8341,7.317,6.34
33650,104.8664,25.9142,6.4
33666,104.9136,-21.6029,6.26
33682,104.9607,-67.917,5.18
33694,105.016,76.9774,4.55
33703,105.0345,-20.1584,6.32
33715,105.0659,16.079,5.73
33719,105.0754,-5.3674,6.29
33729,105.099,-8.4068,5.95
33754,105.1639,-9.203,6.49
33760,105.1772,-28.4895,6.28
33774,105.2072,-33.4657,6.39
33779,105.2146,-51.4026,5.14
33800,105.2716,-58.9403,6.01
33804,105.2748,-25.2156,5.64
33827,105.3391,70.8083,5.69
33856,105.4298,-27.9348,3.49
33873,105.4705,-1.3458,6.2
33878,105.485,-5.7221,5.22
33909,105.5645,-43.4039,6.44
33914,105.5729,15.3361,5.78
33927,105.6033,24.2154,5.2
33929,105.6063,17.7555,5.96
33937,105.6387,16.6745,5.86
33971,105.7282,-4.2392,4.99
33977,105.7561,-23.8333,3.02
34000,105.813,-59.1781,5.5
34002,105.8247,9.1383,5.96
34017,105.8765,29.3391,5.93
34033,105.9086,10.9518,5.14
34045,105.9396,-15.6333,4.11
34055,105.965,12.5943,6.01
34059,105.9736,-49.5843,4.92
34065,105.9892,-43.609,5.56
34066,105.9894,-10.1238,6.44
34081,106.0117,-42.3375,5.2
34086,106.0219,-5.324,5.63
34088,106.0272,20.5703,4.01
34105,106.0763,-56.7497,5.14
34142,106.196,-22.0316,6.09
34168,106.2875,47.775,6.37
34177,106.3183,-50.3601,6.47
34182,106.3265,22.6375,6.0
34200,106.3835,-34.7778,6.15
34215,106.4125,9.1858,5.78
34217,106.4159,52.7587,6.17
34234,106.4568,-10.6601,6.5
34238,106.4651,70.7319,6.49
34248,106.5021,-30.6557,6.34
34250,106.505,59.8019,6.4
34253,106.5094,-38.3829,6.09
34267,106.5485,34.4741,5.55
34270,106.5596,-68.8376,6.47
34297,106.6499,-12.394,6.48
34301,106.6699,-11.294,5.41
34318,106.7187,-24.9606,6.09
34338,106.777,4.9106,6.1
34339,106.7795,-40.8933,5.8
34349,106.8054,-51.9684,5.96
34350,106.8178,-59.7164,6.46
34358,106.8434,34.0094,5.94
34360,106.8441,-23.8407,5.75
34367,106.8537,28.1767,6.47
34387,106.9562,7.4713,5.74
34428,107.0553,33.8325,6.31
34440,107.0918,15.9309,5.47
34444,107.0979,-26.3932,1.83
34462,107.151,37.4451,6.19
34473,107.1764,-70.4973,5.68
34481,107.1868,-70.4992,3.78
34495,107.2128,-39.6557,4.83
34536,107.3344,-10.3466,6.23
34561,107.389,-16.2345,6.0
34579,107.4293,-25.231,5.69
34608,107.5283,21.2481,6.43
34617,107.539,-18.6856,6.23
34622,107.557,-4.2376,4.91
34624,107.5805,-27.4915,5.46
34670,107.6979,-48.9326,5.12
34693,107.785,30.2453,4.41
34722,107.8462,26.8567,5.75
34724,107.8485,-0.3019,5.44
34752,107.9137,39.3205,4.91
34758,107.9234,-20.8831,5.84
34763,107.9452,16.9764,6.5
34768,107.9641,5.6547,6.07
34769,107.9661,-0.4928,4.15
34780,108.0083,-63.1901,6.03
34782,108.0172,-30.8214,6.1
34789,108.0313,5.4744,6.15
34798,108.0509,-25.9426,5.91
34802,108.0659,-40.4988,5.3
34817,108.1076,-36.5444,5.94
34819,108.1099,24.1287,5.85
34834,108.1406,-46.7596,4.49
34860,108.2045,27.2251,6.46
34888,108.28,-11.2514,5.77
34899,108.3057,-45.1825,4.87
34909,108.3428,16.1591,5.07
34912,108.3475,51.4287,5.46
34914,108.35,-22.6741,5.99
34922,108.3843,-44.6405,4.42
34924,108.4019,-27.3564,6.12
34940,108.4516,-22.9058,6.34
34954,108.4889,-30.3398,6.32
34956,108.4916,71.8165,6.36
34975,108.5453,-3.9018,5.8
34981,108.5634,-26.3525,4.42
34982,108.5647,-9.9475,5.9
34987,108.5836,3.1114,5.36
34999,108.6177,-10.3162,6.02
35005,108.636,12.1159,5.71
35020,108.6589,-48.2719,4.75
35025,108.6748,24.8852,5.84
35029,108.6918,-46.8497,5.72
35037,108.7028,-26.7727,4.01
35044,108.7133,-27.0379,5.58
35054,108.7381,-41.4264,5.95
35080,108.8309,-0.1613,6.42
35083,108.8378,-30.6865,5.36
35084,108.8386,-52.4995,5.96
35120,108.9142,7.9777,5.78
35127,108.9301,-10.5836,5.95
35132,108.9471,-23.7403,6.34
35136,108.9588,47.2404,5.54
35146,108.9792,59.6381,5.2
35152,108.9882,27.8974,5.75
35180,109.0608,-15.5857,5.46
35181,109.0645,-46.7746,5.64
35202,109.1327,-38.3189,5.81
35205,109.1458,-27.8813,4.66
35210,109.1535,-23.3156,4.83
35213,109.1599,-23.3111,6.02
35226,109.2059,-36.5926,5.03
35228,109.2076,-67.9572,3.97
35241,109.2384,-30.8969,6.3
35253,109.264,26.6898,6.38
35264,109.2857,-37.0975,2.71
35301,109.382,-6.68,6.29
35304,109.3905,52.1311,5.93
35317,109.4277,38.8763,6.48
35326,109.4501,-26.7976,6.45
35341,109.5093,40.8834,5.87
35345,109.5171,30.9559,6.19
35347,109.5177,-43.9868,5.86
35350,109.5234,16.5405,3.58
35363,109.5767,-36.734,4.65
35384,109.6332,49.4647,5.0
35393,109.6397,-39.2103,5.24
35406,109.6591,-36.7427,5.11
35412,109.6683,-24.5587,4.88
35415,109.677,-24.9544,4.37
35427,109.7137,-26.5859,5.29
35442,109.758,-19.2803,6.06
35463,109.8071,-33.7271,6.31
35476,109.8432,2.7407,5.9
35487,109.867,-16.3949,5.7
35509,109.9484,7.1431,5.91
35548,110.0285,15.143,6.45
35550,110.0308,21.9823,3.5
35564,110.0894,-52.3119,5.5
35589,110.1617,-52.0859,5.38
35611,110.2288,-26.9639,6.0
35615,110.2429,-14.3605,5.59
35623,110.263,42.656,6.33
35626,110.2681,-25.8917,5.87
35643,110.3231,45.2282,5.74
35699,110.4871,20.4437,5.09
35707,110.5085,-8.9794,6.42
35710,110.5112,36.7606,5.12
35712,110.5145,0.1771,5.99
35725,110.5559,38.996,6.4
35727,110.5564,-19.0166,4.94
35735,110.5716,59.902,6.36
35737,110.5775,-2.9792,6.23
35749,110.6058,-5.9828,5.83
35751,110.6179,0.701,6.43
35785,110.7169,55.2815,5.8
35795,110.7529,-31.9238,5.4
35842,110.8673,22.9454,6.17
35846,110.869,25.0506,5.04
35848,110.8707,-27.8343,5.37
35855,110.8829,-32.2021,5.41
35893,110.9931,-35.8379,6.32
35904,111.0238,-29.3031,2.45
35907,111.0353,40.6724,5.23
35920,111.0718,-22.9128,6.2
35933,111.1152,15.5172,6.47
35941,111.1394,27.6378,5.77
35946,111.1546,-71.4708,6.49
35951,111.1675,-16.2014,5.18
35957,111.1828,-31.8089,5.35
35960,111.1974,-37.2913,6.14
35975,111.212,-19.0123,6.24
35984,111.2378,51.8873,5.8
35987,111.2425,11.6696,5.37
35998,111.2852,-13.752,5.79
36017,111.3332,-21.9826,6.04
36019,111.3415,81.2575,6.3
36024,111.3553,-25.2178,5.79
36039,111.4091,-79.0942,5.54
36041,111.4121,9.2761,4.99
36045,111.4291,-31.7387,6.32
36046,111.432,27.7983,3.78
36055,111.4633,-5.775,5.98
36114,111.5911,-51.0185,5.09
36123,111.6159,10.6081,6.38
36141,111.6717,11.0089,6.39
36143,111.677,-34.1407,5.9
36145,111.6786,49.2116,4.61
36156,111.7347,20.2576,5.94
36168,111.7479,-23.086,5.65
36186,111.7833,-17.8649,5.6
36188,111.7878,8.2894,2.89
36211,111.8577,66.3316,6.47
36236,111.9289,-22.8592,5.98
36238,111.935,21.4455,5.2
36251,111.9653,-11.5569,5.79
36258,111.9965,-29.1559,5.55
36264,112.008,-26.839,6.26
36265,112.0087,6.9421,5.22
36284,112.041,8.9255,4.33
36325,112.1662,27.5529,6.36
36340,112.1969,15.1099,6.23
36345,112.2132,-31.8484,5.95
36346,112.2142,-64.5098,6.38
36348,112.2145,48.184,5.7
36351,112.2194,46.3148,6.42
36362,112.2705,-31.4562,5.78
36363,112.2738,-38.8121,5.41
36366,112.2775,31.7841,4.16
36377,112.3078,-43.3019,3.25
36388,112.3278,-1.9053,5.6
36393,112.3353,28.1184,5.07
36395,112.3416,-14.9981,6.05
36396,112.3421,-10.3267,5.75
36399,112.3567,-7.5515,5.86
36425,112.4491,12.0066,4.55
36429,112.4533,27.9162,5.01
36431,112.4642,-23.0243,4.85
36439,112.4827,49.6727,5.35
36444,112.4989,-52.6513,5.87
36496,112.6288,-54.3994,5.95
36514,112.6775,-30.9623,4.65
36526,112.7131,-5.2265,6.24
36528,112.7196,68.4657,5.63
36547,112.7687,82.4116,4.92
36553,112.7866,11.203,6.38
36616,112.9515,17.0862,5.45
36640,113.0242,-8.8809,5.9
36641,113.0248,1.9145,5.24
36657,113.0928,-35.9612,6.35
36721,113.2907,-24.7108,5.84
36723,113.2986,3.2903,5.59
36728,113.3049,-40.0585,6.27
36732,113.3315,-19.4124,5.64
36736,113.3424,-14.3383,6.21
36740,113.3535,37.1879,6.4
36760,113.4021,15.8267,5.27
36773,113.4499,-14.5239,4.82
36778,113.4627,-36.3384,5.42
36779,113.4647,51.3142,6.44
36795,113.5134,-22.2962,4.44
36796,113.5208,10.5681,6.28
36807,113.5536,-33.4636,6.11
36812,113.5662,3.3717,5.83
36817,113.5778,-23.4737,5.06
36848,113.6451,-27.0124,5.78
36850,113.65,31.8886,1.58
36856,113.6649,-51.4745,6.29
36896,113.7867,30.9609,5.34
36914,113.8403,-74.275,6.33
36917,113.8456,-28.3693,4.65
36942,113.9154,-52.5338,4.93
36962,113.9807,26.896,4.06
36965,113.9833,43.0311,6.37
36977,114.0067,-55.8877,6.39
36981,114.0162,-14.4928,5.66
36986,114.0309,-22.1605,6.4
37000,114.0695,-8.3113,6.27
37023,114.1319,46.1804,5.66
37031,114.1449,5.8621,5.89
37036,114.171,-19.7024,5.69
37043,114.183,-48.8302,5.69
37046,114.196,55.7552,5.93
37088,114.3197,-4.111,5.14
37089,114.3206,-23.7754,6.34
37091,114.3242,40.0255,6.34
37096,114.3422,-34.9686,4.53
37128,114.4376,-38.0106,6.38
37140,114.4745,48.7739,5.93
37165,114.5598,24.3604,6.37
37173,114.5752,-25.3648,4.69
37174,114.5759,-48.6014,5.68
37202,114.6355,-38.7814,6.2
37204,114.6368,35.0485,5.58
37223,114.6829,-36.4968,5.78
37229,114.7078,-26.8039,3.8
37248,114.7514,-53.2734,6.06
37265,114.7915,34.5846,4.89
37269,114.8,24.2225,6.18
37279,114.8272,5.2275,0.4
37289,114.8508,-16.8473,6.4
37293,114.8624,-26.8631,6.5
37297,114.864,-38.3081,4.84
37300,114.8691,17.6745,5.04
37322,114.9326,-38.1393,5.73
37329,114.9495,-38.2607,5.76
37339,114.9754,32.0098,6.16
37345,114.9916,-37.5794,5.99
37364,115.0564,-19.6609,5.92
37369,115.0613,38.3446,5.77
37375,115.0876,-11.7525,6.43
37379,115.0967,-15.2639,4.98
37391,115.1295,87.0202,5.05
37394,115.148,-8.1854,6.01
37404,115.1966,13.7713,6.23
37406,115.2065,57.0829,6.09
37428,115.2438,23.0186,5.93
37441,115.3019,48.1319,5.58
37447,115.312,-9.5511,3.94
37450,115.316,-38.5336,5.41
37461,115.3405,-44.6322,6.41
37465,115.348,-22.3368,6.16
37478,115.3965,3.6248,5.95
37504,115.455,-72.6061,3.93
37508,115.4661,13.4805,5.79
37521,115.5134,14.2085,5.55
37530,115.5426,-58.6309,6.4
37580,115.6817,34.0002,6.05
37590,115.7006,-26.3513,5.64
37599,115.7224,-58.2302,6.2
37606,115.7382,-45.1718,5.04
37609,115.7519,58.7105,4.93
37614,115.7726,0.1894,6.17
37623,115.8,-36.0501,5.6
37629,115.8279,28.8841,4.23
37634,115.8384,4.9458,6.5
37636,115.8425,22.3994,6.25
37648,115.885,-28.411,4.63
37664,115.9243,-40.9333,5.12
37666,115.9289,-38.2019,6.42
37677,115.952,-28.9548,3.94
37701,116.0174,50.4339,5.31
37704,116.0288,25.7842,5.3
37705,116.0319,2.4054,6.46
37710,116.0406,-36.0627,5.8
37720,116.0546,-69.8216,6.16
37723,116.0586,12.8601,6.4
37740,116.112,24.3981,3.57
37751,116.1424,-24.6741,5.62
37752,116.1425,-37.943,5.89
37773,116.1828,-66.072,6.37
37819,116.3138,-37.9686,3.62
37823,116.3252,-43.7526,6.02
37826,116.3307,28.0263,1.16
37843,116.3714,-14.6905,6.06
37853,116.3966,-34.1766,5.36
37854,116.398,-56.7226,6.1
37891,116.487,-14.5638,5.03
37901,116.509,-6.7723,5.49
37908,116.5312,18.5102,4.89
37915,116.544,-37.9337,5.87
37921,116.5676,10.7683,5.25
37934,116.6144,62.8307,6.5
37939,116.6394,-37.7725,6.31
37946,116.6636,37.5174,5.15
37949,116.6668,65.4556,5.93
37951,116.6863,-12.6753,6.39
37982,116.7741,-39.331,6.33
37995,116.8023,-22.5195,5.9
37996,116.8109,-36.0737,6.46
38010,116.8542,-38.5112,5.07
38016,116.8764,33.4158,5.14
38020,116.8813,-46.6085,5.22
38031,116.9105,-15.9907,6.31
38037,116.9384,-16.0145,6.38
38048,116.9866,-12.1929,5.48
38070,117.0216,-25.9372,4.4
38074,117.0356,-40.6523,6.14
38087,117.0813,-56.4711,6.3
38089,117.0844,-47.0775,4.69
38106,117.1402,23.141,6.18
38146,117.2571,-24.9122,5.32
38147,117.2576,13.3719,6.07
38152,117.278,-56.4104,5.57
38159,117.3036,-46.8577,5.82
38160,117.3039,-60.284,5.78
38164,117.3096,-46.3732,4.1
38167,117.3111,-35.2433,5.94
38170,117.3236,-24.8598,3.34
38183,117.368,-44.7512,6.32
38184,117.37,-13.3529,6.23
38196,117.3847,12.8143,6.42
38200,117.3976,-33.289,5.61
38206,117.4166,-14.0854,6.34
38209,117.42,-19.5055,6.49
38210,117.4208,-66.196,5.78
38211,117.4215,-17.2281,5.17
38246,117.5236,-19.5236,6.11
38253,117.5441,-9.1834,5.6
38267,117.5995,-50.5094,5.89
38292,117.6772,-44.58,6.45
38300,117.6973,3.2773,6.17
38303,117.7129,4.4594,6.49
38306,117.7226,0.0795,6.38
38307,117.7302,-11.1285,6.16
38316,117.7503,-24.5285,6.43
38319,117.7599,33.2336,6.06
38325,117.774,54.1291,6.03
38349,117.8139,37.0822,6.49
38355,117.8348,-43.0952,6.34
38370,117.9182,-42.8882,6.05
38372,117.9204,-12.8194,6.37
38373,117.925,1.7669,5.12
38375,117.9294,-21.1737,5.62
38382,117.9431,-13.8972,5.16
38394,117.9867,19.3252,6.03
38403,118.0162,45.9331,6.5
38406,118.0298,3.2775,6.3
38414,118.0544,-40.5758,3.71
38423,118.0658,-34.706,5.01
38427,118.0787,-14.8462,5.69
38438,118.1239,-54.3672,5.7
38449,118.1519,55.2095,6.36
38455,118.1611,-38.8628,4.49
38474,118.1995,-5.4282,5.76
38497,118.2646,-36.3638,5.44
38500,118.2652,-49.6131,4.63
38518,118.3257,-48.1029,4.22
38538,118.3743,26.7659,4.97
38593,118.5459,-35.8773,5.48
38623,118.622,47.386,6.25
38635,118.6664,-34.8467,6.14
38639,118.6781,47.5646,5.47
38656,118.7225,-57.3029,5.62
38667,118.7518,-52.5834,6.36
38686,118.8078,-30.9177,6.45
38712,118.881,8.8631,5.86
38722,118.9163,19.8841,5.38
38723,118.9203,35.4127,6.23
38732,118.9441,-43.8451,6.02
38783,119.0777,-60.5265,5.74
38792,119.0947,-30.2845,6.28
38794,119.0996,4.4856,6.16
38827,119.1948,-52.9824,3.46
38835,119.2148,-22.8801,4.2
38846,119.2409,-43.5004,5.36
38845,119.2409,-42.4065,6.09
38848,119.2478,15.7904,5.8
38863,119.3032,-63.2969,6.14
38868,119.3162,8.6413,6.03
38870,119.3183,1.127,6.35
38872,119.3268,-44.1099,5.08
38879,119.3337,-47.8907,6.21
38901,119.4171,-30.3346,4.76
38908,119.4429,-60.3034,5.59
38917,119.4656,-45.5777,5.14
38925,119.4783,-40.7844,6.46
38945,119.5246,7.2136,6.42
38957,119.5602,-49.2449,4.47
38959,119.5689,43.9774,6.36
38962,119.5864,2.2245,5.3
38963,119.5895,-51.4486,6.44
38975,119.6311,16.5187,6.05
38994,119.7107,-60.8245,5.77
39014,119.7575,-45.2159,5.98
39023,119.7738,-23.3104,5.09
39035,119.8013,-49.9769,6.35
39038,119.8065,-49.9738,6.37
39041,119.8157,-73.2441,6.33
39061,119.8684,-39.2968,5.22
39067,119.8961,13.2422,6.05
39070,119.9064,-60.5871,5.19
39073,119.9171,-60.2074,6.3
39079,119.9341,-3.6796,4.93
39094,119.9641,36.0821,6.5
39095,119.9669,-18.3991,4.61
39117,120.049,73.918,5.37
39122,120.0613,-48.9816,6.01
39138,120.0832,-63.5675,4.81
39153,120.1207,-48.8718,6.13
39172,120.1839,-2.8819,6.41
39177,120.1971,17.3087,5.6
39180,120.2004,19.8162,6.3
39184,120.2082,-54.1513,5.87
39191,120.2328,25.3928,5.87
39194,120.2533,23.5832,6.34
39198,120.2644,-6.4191,6.45
39211,120.3054,-1.3924,4.69
39213,120.308,4.8798,5.65
39221,120.3364,59.0473,5.78
39225,120.346,-54.5155,6.12
39236,120.3762,16.4553,5.99
39238,120.3816,-55.4547,6.28
39251,120.4064,-37.2837,5.9
39261,120.4271,60.3244,6.02
39263,120.4324,25.0894,6.32
39271,120.4614,8.9139,6.22
39279,120.48,35.4131,6.34
39299,120.5255,-37.0501,6.31
39311,120.5665,2.3343,4.39
39326,120.6082,-6.3371,6.34
39340,120.6284,63.0903,6.09
39348,120.6493,57.2738,6.48
39360,120.6866,-41.3099,5.52
39380,120.7674,-32.4636,5.83
39420,120.8734,-42.9483,6.28
39424,120.8796,27.7944,4.94
39429,120.8961,-40.0032,2.21
39487,121.0675,-32.6748,5.25
39514,121.136,-25.6997,6.35
39524,121.1726,-19.7282,6.12
39527,121.1767,-50.5904,5.96
39530,121.1789,-62.8364,6.25
39535,121.1888,18.8421,6.21
39538,121.1966,79.4797,5.39
39566,121.2654,-53.1079,5.52
39567,121.2688,13.1184,5.14
39584,121.3346,-46.9784,6.18
39607,121.4044,27.5298,6.21
39617,121.437,-33.5694,6.15
39625,121.4568,-0.5733,6.4
39659,121.5767,22.6355,5.96
39675,121.6142,-9.2445,6.25
39690,121.6681,-45.266,5.04
39691,121.6734,-48.4974,6.34
39722,121.7915,43.2604,6.35
39730,121.8168,-17.3688,6.5
39734,121.8252,-20.5543,5.33
39757,121.8863,-24.3044,2.83
39780,121.941,21.582,5.3
39794,121.9827,-68.6171,4.35
39843,122.1027,-63.8008,6.32
39847,122.1146,51.5067,4.78
39863,122.1486,-2.9838,4.36
39866,122.1569,-37.6812,6.36
39874,122.1768,13.6409,6.25
39876,122.1816,-20.3632,6.37
39898,122.2369,-11.3396,6.31
39903,122.2536,-61.3017,4.74
39906,122.2568,-19.245,4.4
39919,122.2896,-48.6844,5.66
39920,122.2925,-35.455,6.21
39938,122.3461,42.4308,6.26
39943,122.3689,-16.2489,5.66
39953,122.3831,-47.3366,1.75
39957,122.3901,-56.0855,5.66
39958,122.3966,29.0931,6.47
39961,122.3997,-44.1228,5.2
39970,122.4298,-47.9372,5.23
39974,122.4488,-42.6408,6.27
39995,122.5158,58.2484,5.91
40007,122.5546,25.8446,6.44
40016,122.5857,-49.2374,6.46
40023,122.6134,25.5082,5.73
40035,122.6666,-13.7993,5.53
40058,122.7454,14.6295,6.22
40063,122.757,-37.2924,6.42
40077,122.795,-48.462,5.83
40084,122.818,-12.927,4.72
40085,122.8192,9.8213,6.08
40086,122.8251,54.5405,6.48
40091,122.8396,-39.6186,4.44
40096,122.8579,-42.9873,4.73
40107,122.8876,-7.7725,5.36
40155,122.9999,-46.6444,5.77
40160,123.0253,-43.4005,6.48
40167,123.053,17.6481,4.67
40183,123.1283,-46.2643,6.0
40215,123.2033,68.4741,5.34
40220,123.2148,-37.9245,6.4
40231,123.2489,16.5143,6.03
40240,123.287,29.6566,5.62
40259,123.3332,-15.7882,4.99
40263,123.3408,-1.1659,6.48
40274,123.373,-35.8995,4.78
40282,123.3926,-50.1961,5.52
40285,123.4007,-46.9917,5.14
40291,123.421,-33.5696,6.38
40299,123.4402,-46.5787,6.49
40305,123.4592,56.4523,5.88
40321,123.493,-36.3223,5.09
40324,123.4946,-36.3408,6.11
40326,123.512,-40.3477,4.42
40341,123.546,-32.1407,6.07
40342,123.5464,17.6759,6.47
40344,123.5554,-35.4901,5.77
40354,123.5875,13.0483,6.39
40357,123.5995,-45.8345,5.86
40397,123.7135,-46.4859,6.45
40429,123.8165,-62.9156,5.16
40433,123.847,-50.4492,6.44
40474,123.9605,60.3806,6.43
40476,123.9691,-30.9259,6.22
40485,123.9951,-35.9032,6.15
40526,124.129,9.1857,3.53
40559,124.2248,84.0577,6.45
40604,124.3464,-16.2851,6.32
40617,124.3819,8.8663,6.28
40639,124.4423,-36.0676,6.42
40646,124.4601,59.5711,5.63
40655,124.4825,-59.1668,6.47
40656,124.4928,-30.0037,6.43
40675,124.5601,15.6779,6.42
40677,124.5659,54.1438,6.26
40678,124.5724,-35.4517,5.59
40680,124.5782,-65.6132,5.06
40693,124.5991,-12.6298,5.95
40702,124.6303,-76.92,4.05
40706,124.6391,-36.6595,4.44
40749,124.7733,-48.1979,6.45
40766,124.8129,-10.1658,6.31
40772,124.8216,62.5071,5.73
40787,124.873,-34.5901,6.44
40793,124.8842,75.7569,5.55
40817,124.9541,-71.515,5.33
40818,124.9577,3.9481,6.04
40834,125.0023,-71.5055,5.63
40843,125.0161,27.2186,5.13
40858,125.0541,-0.9091,6.18
40859,125.0709,-5.3298,6.12
40866,125.0872,20.7478,5.8
40875,125.1083,57.7432,5.89
40876,125.114,-22.9247,6.12
40878,125.1215,53.5744,6.5
40881,125.134,24.0224,5.92
40888,125.162,-77.4846,4.34
40889,125.168,72.4073,6.0
40926,125.2819,-64.106,6.11
40932,125.3004,-57.9732,5.96
40943,125.3377,-36.4842,5.18
40944,125.3384,-20.079,5.58
40945,125.346,-33.0544,4.83
40947,125.3508,-39.6207,6.15
40990,125.4778,-17.5863,5.71
41003,125.5188,-73.4001,5.28
41011,125.5396,74.8203,6.4
41036,125.6258,-6.1792,6.14
41037,125.6286,-59.5095,1.86
41039,125.6321,-48.4904,4.79
41060,125.6836,60.6312,6.42
41067,125.6953,-13.0547,6.13
41074,125.7081,-26.3482,5.88
41075,125.7089,43.1884,4.25
41080,125.7254,-7.5431,5.92
41081,125.7299,-52.1238,5.89
41107,125.8206,-38.2861,6.28
41117,125.8411,18.3323,5.94
41152,125.9522,53.22,5.52
41163,125.98,10.6321,6.11
41191,126.0849,-80.9147,5.67
41208,126.1379,82.4308,6.28
41211,126.1464,-3.7512,5.61
41214,126.1518,-4.7169,6.03
41224,126.1782,42.0052,6.02
41242,126.23,-23.1538,5.67
41250,126.2384,-42.7699,5.97
41260,126.2657,-24.0463,5.32
41262,126.2704,35.0114,6.08
41282,126.3293,-21.0461,6.01
41296,126.3806,-51.7275,5.18
41299,126.3981,2.1022,5.74
41306,126.414,-17.4394,6.44
41307,126.4153,-3.9064,3.91
41312,126.4344,-66.1365,3.77
41319,126.4583,17.0466,6.11
41321,126.4651,-64.6007,5.95
41323,126.4663,-42.1531,5.45
41325,126.4783,7.5645,5.13
41328,126.4817,-14.9298,5.96
41361,126.5739,-39.059,6.07
41373,126.6052,-52.8075,6.05
41375,126.6135,-3.9873,5.6
41377,126.6155,27.8939,5.58
41395,126.675,-12.5345,5.52
41400,126.6831,12.6549,5.56
41404,126.6961,26.9355,6.3
41426,126.741,-52.7048,6.49
41449,126.8185,-31.6727,6.33
41451,126.8199,-70.0936,5.51
41483,126.9027,-53.0885,5.08
41484,126.9033,45.6538,6.32
41515,126.9976,-35.1138,5.75
41547,127.0824,-8.8162,6.43
41564,127.1215,-2.5171,6.42
41572,127.1502,-23.071,6.5
41574,127.1534,24.1451,6.05
41578,127.1556,14.2109,5.94
41597,127.2125,-9.7486,6.01
41616,127.2698,-47.9289,5.33
41621,127.2816,-44.1604,5.82
41639,127.3645,-44.7248,5.03
41644,127.3742,-54.2118,6.44
41653,127.4017,-55.1909,6.36
41674,127.4402,-46.3317,5.98
41676,127.4429,67.2974,5.89
41704,127.5668,60.7184,3.35
41723,127.6192,-32.1593,5.61
41737,127.6635,-44.7373,6.3
41781,127.7943,-47.8666,6.39
41798,127.8332,37.265,6.18
41806,127.8529,-39.0641,6.31
41813,127.8732,-54.3939,6.34
41816,127.8774,24.0812,5.71
41817,127.8789,-19.5774,5.42
41822,127.899,18.0946,5.33
41833,127.9221,18.9878,6.5
41861,128.0207,-53.212,5.68
41893,128.1391,-15.0302,6.38
41894,128.1393,53.115,6.23
41904,128.1661,10.066,6.48
41905,128.1688,-47.0421,6.49
41907,128.1745,-73.357,6.11
41909,128.1772,20.4413,5.33
41926,128.2177,-31.5027,6.38
41927,128.222,69.32,6.31
41935,128.2294,38.0168,5.88
41939,128.2438,-34.634,6.36
41940,128.2506,24.0849,6.35
41941,128.2578,-45.7529,6.36
41949,128.2702,-24.6069,6.19
41970,128.3328,-38.3707,6.48
41975,128.341,36.4364,6.2
41986,128.3762,-46.9707,6.25
42001,128.4102,-38.8488,5.92
42008,128.4312,4.757,5.89
42010,128.4378,13.2574,6.26
42028,128.5068,-2.1516,5.8
42049,128.5556,8.4524,6.04
42070,128.6219,-37.6112,6.28
42071,128.6239,-27.0982,6.4
42075,128.6331,-32.5984,6.41
42080,128.6508,65.1453,5.47
42088,128.6817,-49.9442,5.01
42090,128.6829,36.4197,5.76
42123,128.802,-39.9706,6.44
42129,128.8149,-58.2248,5.27
42134,128.8319,-58.0093,4.84
42142,128.854,2.7434,6.35
42146,128.8675,-7.9823,5.72
42147,128.8697,-26.8435,5.95
42172,128.9627,6.6205,5.91
42177,128.9668,-50.9697,5.79
42187,129.0321,15.3137,6.33
42249,129.2032,74.7237,6.31
42265,129.2741,9.6556,5.92
42286,129.3285,-62.8534,5.45
42299,129.3632,-4.934,6.18
42312,129.411,-42.9891,4.11
42313,129.4142,5.7038,4.14
42334,129.4674,-26.255,5.24
42365,129.5792,32.802,5.96
42372,129.5927,53.4016,5.66
42394,129.6679,-19.7369,6.32
42400,129.6868,-53.0904,6.45
42402,129.6894,3.3415,4.45
42415,129.7497,52.9251,6.34
42425,129.7714,-70.3867,5.19
42430,129.7836,-22.6629,5.05
42434,129.7921,59.9392,6.47
42438,129.7989,65.0207,5.63
42440,129.8052,-60.3173,6.35
42452,129.8235,52.7117,5.91
42455,129.8426,-36.6068,6.12
42459,129.8494,-53.4398,5.45
42462,129.8524,8.0177,6.46
42483,129.927,-29.5609,4.86
42484,129.9277,73.6299,6.16
42504,129.9901,-53.0548,5.18
42509,130.0063,-12.4754,4.98
42515,130.0256,-35.3083,3.97
42516,130.0268,20.0078,6.39
42527,130.0537,64.3279,4.59
42535,130.0729,-53.0155,5.56
42536,130.0734,-52.922,3.6
42538,130.0763,31.942,6.21
42540,130.0801,-40.2639,5.2
42549,130.0921,19.67,6.42
42556,130.1126,19.5448,6.29
42564,130.1469,-45.1911,5.67
42568,130.1543,-59.761,4.31
42570,130.1566,-46.6488,3.77
42579,130.1815,-57.5455,6.34
42604,130.2544,45.8338,5.35
42614,130.2722,-48.9227,5.9
42624,130.3048,-47.3171,4.74
42637,130.3317,-78.9634,5.46
42662,130.4306,-15.9431,4.87
42679,130.4871,-45.4107,5.2
42701,130.541,-11.966,6.46
42712,130.5675,-48.0991,5.48
42715,130.5792,-53.1001,5.49
42717,130.5871,-55.7747,6.26
42726,130.6059,-53.114,4.83
42775,130.7375,-35.9433,6.42
42777,130.7508,46.901,6.21
42794,130.8013,-79.0702,6.05
42795,130.8014,12.6809,5.62
42799,130.8062,3.3987,4.3
42806,130.8217,21.4686,4.66
42828,130.8981,-33.1864,3.68
42834,130.9178,-49.8228,5.15
42835,130.9183,-7.2337,4.63
42850,130.9764,-68.2116,6.33
42854,130.9991,4.3346,6.37
42884,131.0999,-42.6493,4.05
42895,131.1252,-65.8257,6.03
42911,131.1713,18.1549,3.94
42913,131.1758,-54.7086,1.93
42917,131.1877,10.0817,5.63
42923,131.2164,-37.1473,5.74
42928,131.2298,-21.1678,6.1
42931,131.2553,5.6806,6.13
42936,131.2731,-58.7243,6.2
42951,131.3365,-2.601,6.41
42954,131.3393,30.6978,6.12
42981,131.3952,4.6646,6.45
43002,131.4554,-25.3881,6.07
43012,131.4801,-79.5046,5.79
43023,131.5069,-46.0415,3.87
43026,131.5102,-2.0488,5.7
43035,131.5287,-11.0068,6.22
43067,131.5939,-13.5477,4.32
43073,131.5991,-41.1254,6.21
43082,131.6273,-45.9125,5.43
43103,131.6743,28.76,4.03
43105,131.6773,-56.7698,4.5
43109,131.6944,6.4189,3.38
43114,131.7052,-34.623,6.33
43121,131.7336,12.1101,5.89
43142,131.8125,-1.8971,5.28
43148,131.8285,-46.1554,5.71
43152,131.8395,-17.0529,6.48
43177,131.9184,-41.7362,6.35
43195,132.001,-52.8502,6.29
43204,132.0203,-6.5588,6.09
43209,132.0366,-42.4635,6.43
43215,132.061,-28.6388,6.42
43234,132.1083,5.8379,4.35
43246,132.1562,-1.0448,6.42
43266,132.2053,66.7082,6.2
43305,132.3406,-3.443,5.3
43325,132.4132,-40.3202,5.47
43338,132.4372,-21.0483,6.48
43347,132.4485,-45.3079,4.94
43351,132.4589,-72.5513,6.1
43352,132.4646,-32.7804,5.19
43354,132.4683,-39.1417,6.38
43370,132.5093,-29.463,5.86
43392,132.5876,-42.0898,6.0
43394,132.5902,-28.6176,6.17
43409,132.6334,-27.7101,4.02
43410,132.6344,33.2853,6.22
43413,132.6394,-46.5292,5.09
43414,132.6445,-66.7932,5.34
43427,132.688,18.8322,6.41
43454,132.7564,15.3505,6.36
43496,132.8935,-7.1772,5.55
43499,132.9022,-57.6336,5.59
43520,132.9585,-44.1509,6.38
43528,132.9817,-40.9866,6.49
43531,132.9868,43.7265,5.15
43550,133.0419,42.0029,5.98
43553,133.0491,45.3129,5.96
43570,133.1008,5.3403,6.34
43573,133.1089,-32.5093,6.49
43575,133.1192,28.2592,6.25
43580,133.1281,-13.2329,6.12
43584,133.1443,32.4741,5.67
43587,133.1506,28.3314,5.96
43589,133.1609,-48.3591,5.92
43590,133.1613,-36.5453,6.41
43593,133.1701,-52.1289,6.39
43603,133.2001,-38.7241,5.79
43620,133.2658,-56.6496,6.02
43623,133.2723,-16.9523,6.43
43624,133.2747,59.0561,6.35
43644,133.344,61.9622,5.72
43669,133.4528,-60.3539,5.78
43671,133.4608,-47.5207,5.31
43673,133.4615,-40.4476,6.42
43685,133.4821,35.5383,6.14
43721,133.5613,30.5792,5.4
43726,133.5758,-5.4345,6.01
43763,133.7252,-58.2397,6.36
43783,133.7619,-60.6447,3.84
43797,133.799,-54.9655,5.7
43798,133.8017,-18.2412,5.75
43807,133.8301,-45.0417,6.26
43811,133.8453,17.2313,6.28
43813,133.8487,5.9455,3.11
43822,133.8734,-7.9711,6.07
43825,133.8813,-27.6816,4.87
43834,133.9154,27.9276,5.23
43850,133.977,-15.4394,6.47
43851,133.9815,11.6261,5.44
43853,133.9831,-23.8184,6.39
43878,134.0803,-52.7235,4.68
43894,134.1274,40.2016,5.9
43899,134.1422,-16.7087,5.95
43902,134.1543,4.2366,6.13
43903,134.1562,64.604,5.57
43908,134.1745,-85.6632,5.43
43923,134.2086,45.6318,5.72
43932,134.236,32.9106,5.44
43937,134.2434,-59.2294,4.93
43957,134.2846,17.1438,6.17
43970,134.3121,15.3227,5.22
44001,134.3965,15.5812,5.68
44010,134.4251,9.3878,6.19
44024,134.4816,-48.5729,5.88
44031,134.4943,30.2338,6.25
44066,134.6217,11.8578,4.26
44075,134.6824,-16.1332,5.8
44093,134.7184,-47.2348,5.17
44126,134.7948,18.135,6.3
44127,134.8035,48.0423,3.12
44130,134.816,-28.8061,6.24
44143,134.8516,-59.0844,5.17
44148,134.8621,13.0744,6.49
44154,134.8862,32.4186,5.23
44162,134.9164,-19.2078,6.19
44191,135.0227,-41.2537,4.45
44213,135.0928,-43.174,6.04
44231,135.1284,37.6044,6.21
44248,135.1615,41.7834,3.96
44256,135.1906,-60.9638,5.8
44283,135.2854,-68.6839,5.89
44290,135.2975,-26.6636,6.2
44299,135.337,-41.8643,5.56
44307,135.3505,32.2523,5.89
44315,135.3808,5.641,6.08
44331,135.42,39.7137,6.39
44337,135.4357,-52.1887,5.23
44342,135.4537,27.9028,6.07
44356,135.4917,-0.4828,5.64
44367,135.5268,-39.4023,6.25
44382,135.6117,-66.3958,4.0
44390,135.6364,67.6296,4.74
44405,135.6844,24.4529,5.45
44406,135.6868,7.2983,5.85
44423,135.7723,-53.5504,6.39
44471,135.9065,47.1567,3.57
44504,136.0017,54.2839,5.74
44509,136.0241,-47.4415,6.46
44511,136.0388,-47.0977,3.75
44565,136.2,-57.8526,6.43
44574,136.2297,32.377,6.46
44599,136.2868,-72.6027,4.47
44613,136.3504,48.5304,5.48
44626,136.4099,-70.5385,4.66
44659,136.4932,5.0923,4.99
44665,136.5317,-64.4999,6.37
44700,136.6325,38.4523,4.56
44708,136.6418,-55.8024,6.1
44717,136.6798,59.3446,6.44
44738,136.7498,1.4627,6.16
44768,136.8625,22.9809,6.39
44798,136.9368,10.6682,5.23
44816,136.9991,-43.4326,2.23
44818,137.0003,29.6542,5.42
44824,137.0119,-25.8585,4.62
44825,137.0175,32.5405,6.47
44857,137.0981,66.8733,5.15
44883,137.1758,-8.5895,5.6
44887,137.1815,-26.7676,6.15
44888,137.1855,-16.2772,6.48
44892,137.1976,26.63,5.95
44897,137.2134,33.8825,5.95
44901,137.2183,51.6047,4.46
44923,137.2677,-18.3286,5.73
44936,137.2979,-12.3577,5.76
44946,137.3397,22.0454,5.16
44961,137.3982,-8.7876,5.47
44979,137.4375,-49.4243,6.48
44984,137.4435,11.5645,6.48
45001,137.485,-30.3653,5.59
45002,137.4881,-52.083,6.19
45033,137.5869,21.9964,6.04
45038,137.598,67.1342,4.8
45058,137.6617,30.9632,6.04
45075,137.7289,63.5138,4.67
45080,137.7421,-58.9669,3.43
45085,137.7683,-44.8679,4.99
45097,137.803,80.8289,6.37
45101,137.8199,-62.317,3.96
45122,137.8891,-46.5839,5.78
45127,137.9206,-39.2589,6.05
45150,137.982,5.4687,6.34
45158,137.9949,-19.7477,5.72
45166,138.0511,-76.6629,6.13
45167,138.0538,3.867,6.14
45170,138.0744,14.9954,6.49
45184,138.1086,-7.1099,6.1
45189,138.1273,-43.6133,5.56
45214,138.211,-60.9168,6.36
45219,138.2318,-59.414,5.54
45238,138.301,-69.7175,1.67
45242,138.3278,-42.2734,6.27
45249,138.3397,-29.6644,6.38
45259,138.3576,-38.6164,6.31
45270,138.3936,-47.3384,5.92
45272,138.4053,21.2832,6.48
45290,138.451,43.2179,5.3
45305,138.5129,-14.6948,6.46
45314,138.5343,-44.1459,5.85
45328,138.5751,-55.5697,5.26
45333,138.5856,61.4234,5.18
45336,138.5908,2.315,3.89
45344,138.6021,-43.2275,5.24
45386,138.7382,-37.6024,5.85
45410,138.8078,14.9415,5.36
45412,138.8098,34.6334,5.98
45413,138.811,-45.5555,6.25
45418,138.8236,-58.3884,6.02
45421,138.8385,84.181,6.3
45424,138.854,-15.0249,6.32
45437,138.8947,-57.5778,6.32
45439,138.9032,-38.5699,4.92
45448,138.9378,-37.4131,4.63
45455,138.9575,56.7415,5.28
45461,138.9698,72.9465,5.93
45481,139.0168,-44.8987,6.02
45493,139.047,54.0217,4.8
45496,139.0504,-57.5414,4.34
45505,139.096,-44.2657,5.12
45526,139.1724,-8.7448,5.49
45527,139.1738,-6.3532,5.24
45543,139.2377,-11.1029,6.45
45544,139.2379,-39.4015,5.31
45556,139.2726,-59.2753,2.21
45559,139.2822,-14.5741,5.83
45571,139.3225,-68.6896,5.38
45581,139.355,-74.8944,5.28
45585,139.3651,-74.7347,5.86
45590,139.3799,46.8172,5.96
45603,139.4263,-54.4949,6.33
45614,139.464,11.5012,6.4
45615,139.4653,-67.0509,6.14
45631,139.5245,-51.0509,5.26
45661,139.6081,35.3641,5.94
45675,139.6765,-51.5607,5.83
45688,139.7111,36.8029,3.82
45742,139.8854,-55.1865,6.28
45743,139.888,-15.8345,5.79
45751,139.9433,-11.9749,4.77
45754,139.9498,-34.1033,6.4
45764,139.9824,74.0168,6.42
45811,140.1209,-9.5556,4.8
45814,140.1237,-37.5816,6.04
45836,140.1825,51.2657,6.14
45854,140.2311,-15.6176,6.3
45856,140.2368,-62.4046,4.79
45858,140.2475,38.1883,6.12
45860,140.2644,34.3925,3.14
45888,140.3484,45.3701,6.4
45896,140.3632,32.9022,6.16
45902,140.3733,-25.9654,4.71
45915,140.4304,56.6992,5.79
45920,140.4588,-55.5149,5.61
45924,140.4622,-42.1947,5.56
45941,140.5285,-55.0107,2.47
45962,140.6,-46.0475,5.74
46026,140.8014,-28.8339,4.71
46045,140.8557,-48.287,6.27
46049,140.8639,-60.3023,6.3
46058,140.8827,25.1828,6.41
46067,140.9157,-46.9088,6.21
46075,140.9372,-37.757,6.47
46093,140.9972,-51.7371,6.05
46101,141.0229,-61.6488,5.99
46107,141.0405,-80.7872,5.34
46114,141.0678,-39.4254,6.05
46143,141.1548,-70.0758,6.45
46146,141.1637,26.1824,4.47
46168,141.2318,51.5739,6.3
46194,141.2829,-43.9767,6.31
46221,141.3502,-5.1174,5.6
46225,141.3641,-61.9506,5.77
46232,141.3856,16.5856,6.31
46247,141.4341,63.941,6.24
46283,141.5749,-53.3789,5.09
46288,141.593,-1.4641,6.01
46297,141.6185,-40.5017,6.19
46328,141.6841,-64.9299,6.05
46329,141.6871,-28.7877,6.12
46358,141.7771,-71.6021,5.46
46371,141.8262,-22.3434,4.72
46390,141.8969,-8.6587,1.99
46404,141.9455,-6.071,5.38
46407,141.9549,-71.7812,6.33
46410,141.9651,75.0983,6.2
46454,142.1141,9.0568,5.4
46457,142.1216,8.1884,5.72
46460,142.1275,-66.702,5.9
46471,142.1666,45.6018,5.4
46482,142.1966,-62.2732,5.91
46504,142.2597,-1.2569,6.27
46509,142.2868,-2.769,4.59
46511,142.3027,-20.7491,5.66
46515,142.3114,-35.9513,4.51
46517,142.3177,-38.4035,6.15
46529,142.352,-2.2052,6.14
46543,142.3851,-4.2465,6.25
46566,142.4495,55.7453,6.5
46569,142.4578,-23.3453,6.26
46578,142.4772,-26.5896,5.49
46594,142.5214,-51.5172,5.45
46618,142.5939,-15.5772,5.86
46620,142.5977,-58.3619,5.88
46651,142.6755,-40.4669,3.6
46652,142.6801,33.6558,5.87
46657,142.692,-31.8892,5.75
46701,142.8056,-57.0344,3.16
46733,142.8815,63.0618,3.65
46734,142.8841,-31.8718,5.91
46735,142.8852,35.1035,5.39
46736,142.8872,-35.7143,5.86
46737,142.8877,-66.719,6.27
46741,142.9013,-73.0809,5.46
46744,142.9124,-10.552,6.13
46750,142.9302,22.9681,4.32
46768,142.9824,-10.3704,6.12
46771,142.9866,11.3,4.99
46774,142.9899,9.7158,5.07
46776,142.9956,-1.1847,4.54
46810,143.0769,-28.6279,6.43
46811,143.0803,-40.6493,5.35
46813,143.0851,-19.4003,5.74
46840,143.1725,1.8642,6.11
46853,143.218,51.6786,3.17
46859,143.2324,-13.5168,5.95
46869,143.2583,-8.5053,6.12
46874,143.2821,-39.1292,6.43
46879,143.2969,45.5139,6.49
46880,143.302,-21.1158,5.02
46891,143.3263,28.368,6.5
46893,143.3331,-7.1901,6.25
46897,143.3587,-22.864,5.92
46904,143.3764,36.487,6.19
46914,143.4357,-49.0051,5.12
46928,143.4729,-80.9413,5.07
46938,143.4965,23.4541,6.26
46950,143.5367,-51.2553,5.01
46952,143.5557,36.3976,4.54
46974,143.6111,-59.2298,4.08
46977,143.6207,69.8302,4.54
46982,143.636,-5.9148,5.56
47006,143.7062,52.0516,4.47
47013,143.7225,72.2059,5.77
47029,143.7661,39.6214,4.81
47039,143.7995,-35.8237,6.48
47070,143.8909,-19.5833,6.33
47080,143.9168,35.8108,5.4
47096,143.9705,14.3796,6.32
47119,144.0283,74.3189,6.46
47145,144.1059,-48.7512,6.18
47168,144.1785,31.1618,5.57
47172,144.1934,-52.9439,6.18
47175,144.2069,-49.3551,4.34
47187,144.251,-25.2968,5.68
47189,144.2608,16.438,5.73
47193,144.2723,81.3264,4.28
47199,144.2911,-32.1786,5.62
47204,144.3028,-53.6685,5.44
47205,144.303,6.8358,5.0
47224,144.3684,-36.096,5.96
47231,144.4063,60.2138,6.41
47242,144.4414,-3.1706,6.45
47249,144.4648,-9.4245,6.4
47260,144.4845,73.0804,6.39
47267,144.506,-43.1909,5.51
47300,144.5908,40.2398,5.28
47310,144.6141,4.6494,4.68
47391,144.8377,-61.3281,4.51
47401,144.8663,67.2723,5.96
47422,144.9381,-62.943,6.4
47427,144.9476,-10.5703,6.31
47431,144.9639,-1.1427,3.9
47452,145.0766,-14.3322,5.07
47454,145.0836,-10.7692,6.37
47479,145.1775,-57.9836,5.3
47498,145.2588,-57.2594,5.8
47508,145.288,9.8924,3.52
47521,145.3198,55.8666,6.5
47522,145.3209,-23.5915,4.76
47544,145.3963,31.2778,5.9
47550,145.4104,25.913,6.26
47559,145.4497,-55.2138,5.99
47570,145.5016,39.758,5.61
47591,145.5541,-66.9148,6.33
47592,145.5611,-23.9162,4.93
47594,145.5622,69.2377,5.72
47627,145.6724,-35.5017,6.39
47631,145.6781,35.0935,6.12
47633,145.6797,48.4311,6.36
47654,145.7385,72.2527,5.15
47664,145.7792,54.3638,6.5
47694,145.865,-51.2282,6.15
47701,145.8886,29.9747,5.64
47717,145.9263,-53.8914,5.56
47723,145.9329,14.0217,5.36
47758,146.0505,-27.7696,4.78
47779,146.125,18.8636,6.49
47791,146.1526,64.9841,6.18
47854,146.3118,-62.5079,3.69
47868,146.3417,-30.2028,6.45
47884,146.379,78.1347,6.25
47893,146.4193,-57.1861,6.47
47908,146.4629,23.7743,2.97
47913,146.4826,-58.794,6.22
47943,146.5418,6.7086,5.8
47956,146.5851,-76.776,5.43
47959,146.5972,11.81,5.67
47960,146.5985,1.7857,5.65
47963,146.6266,-44.7551,5.58
47965,146.6319,57.128,5.09
48002,146.7756,-65.072,2.92
48017,146.8256,79.1367,6.09
48023,146.8425,23.6477,6.49
48029,146.8583,11.5682,6.44
48113,147.1466,46.0212,5.08
48119,147.1669,-56.4119,6.05
48191,147.3673,-37.1868,5.95
48218,147.4588,21.1795,6.1
48219,147.464,-36.2685,6.36
48224,147.4882,-45.7328,5.09
48266,147.5986,65.5933,6.27
48273,147.6257,4.3438,6.24
48287,147.6749,-46.934,5.72
48310,147.7317,-62.7451,5.56
48319,147.7487,59.0391,3.78
48320,147.7533,-80.0611,6.47
48324,147.7582,13.0663,6.45
48339,147.8001,-59.4257,5.79
48341,147.8084,-4.2433,6.01
48348,147.8323,-46.194,5.62
48351,147.8404,-6.1821,6.42
48356,147.8695,-14.8465,4.11
48374,147.9195,-46.5476,4.58
48375,147.9217,-11.3404,6.48
48390,147.9709,24.3958,5.29
48396,147.998,-16.5346,6.08
48402,148.0265,54.0643,4.55
48413,148.05,0.0757,6.34
48414,148.0511,2.4539,6.02
48437,148.127,-8.1049,5.07
48455,148.1915,26.0071,3.88
48468,148.2425,-27.3324,6.28
48469,148.2504,-55.3732,6.5
48519,148.4289,5.9586,5.9
48527,148.4588,-51.1467,5.95
48559,148.5518,-25.9325,4.87
48561,148.5736,-45.2835,5.72
48584,148.6326,-22.4875,6.23
48613,148.7136,-50.244,5.71
48615,148.7177,-19.0093,4.94
48638,148.764,61.1161,6.29
48682,148.9292,49.8198,5.27
48706,149.0223,-40.8245,6.39
48715,149.0407,-71.3893,6.3
48730,149.0913,-51.3362,6.39
48734,149.1084,8.9331,5.85
48748,149.1478,-33.4185,5.83
48763,149.1954,-26.5497,6.27
48774,149.2156,-54.5678,3.52
48776,149.2256,-27.4752,6.32
48782,149.2493,-69.1018,6.18
48799,149.2956,-52.6388,6.13
48802,149.3065,57.4184,5.97
48833,149.4214,41.0557,5.11
48835,149.4275,-48.4141,6.06
48839,149.4329,-1.9418,6.43
48861,149.4868,45.4144,6.34
48876,149.5318,8.314,6.05
48883,149.5558,12.4448,5.26
48893,149.5955,72.8796,5.86
48895,149.6088,27.7591,6.48
48926,149.7181,-35.8909,5.23
48943,149.7763,-23.9508,6.11
48982,149.9012,29.6453,5.75
49005,149.9655,56.8119,5.5
49029,150.0534,8.0443,4.68
49052,150.1441,-56.9462,6.5
49065,150.1829,-82.2147,5.53
49081,150.2543,31.9247,5.37
49092,150.3001,-56.0966,6.42
49137,150.4197,-53.3641,6.2
49160,150.492,-57.3498,6.2
49164,150.5004,-60.4209,5.93
49220,150.704,21.9493,5.68
49223,150.7059,-62.1567,6.41
49233,150.7498,-60.1787,6.18
49259,150.8359,-46.6362,6.11
49281,150.8922,-61.8841,6.14
49293,150.9208,-9.5738,6.09
49321,151.0118,-18.1014,6.3
49329,151.0353,3.2013,6.43
49339,151.0876,-24.2856,5.7
49343,151.0975,-39.9759,6.42
49363,151.1514,53.8917,5.71
49394,151.2578,-51.3136,6.23
49402,151.2812,-13.0647,4.6
49408,151.2933,52.3713,6.31
49418,151.3137,-36.3844,6.27
49445,151.4207,15.7575,6.36
49477,151.5303,-52.188,6.5
49485,151.5468,-47.3699,5.06
49530,151.6977,5.6115,6.2
49569,151.7895,-17.1416,5.59
49583,151.8331,16.7627,3.48
49593,151.8572,35.2447,4.49
49619,151.8989,-48.2608,6.4
49637,151.9763,9.9977,4.39
49641,151.9846,-0.3716,4.48
49642,151.986,-62.2214,6.45
49645,152.007,-37.3335,6.34
49658,152.0664,31.6043,6.23
49669,152.0936,11.9672,1.36
49688,152.1433,83.9184,6.31
49689,152.1477,-15.6119,6.25
49698,152.1785,-65.8155,5.26
49712,152.2344,-51.8113,4.85
49764,152.3758,-68.6828,5.8
49769,152.3837,-35.8568,6.14
49802,152.4854,-12.0953,6.24
49809,152.5248,-12.8157,5.3
49812,152.5315,-8.4082,5.91
49841,152.6475,-12.3538,3.61
49844,152.6571,-41.7149,5.98
49865,152.7328,-8.4184,5.64
49870,152.7457,40.6616,6.34
49893,152.8033,37.402,5.86
49900,152.824,-7.3166,6.23
49926,152.8979,-58.8278,6.07
49929,152.9091,13.3552,6.43
49934,152.9436,-58.0606,5.7
49967,153.012,-28.606,6.28
49994,153.0957,-52.1634,6.16
50013,153.1587,-19.1528,6.45
50027,153.2016,4.6147,5.77
50044,153.2549,-59.9181,6.07
50066,153.3312,-27.029,6.23
50067,153.3383,-61.6588,6.42
50069,153.343,-56.5867,6.48
50070,153.3453,-51.2329,5.27
50075,153.3541,-33.0319,6.38
50078,153.3669,-51.7558,5.78
50083,153.3778,-66.3728,5.15
50099,153.4345,-70.0379,3.29
50103,153.4416,-40.3461,5.91
50109,153.4572,27.1358,6.05
50122,153.4858,-40.3108,6.33
50142,153.5374,-23.814,6.36
50174,153.6243,21.1682,6.02
50191,153.6845,-42.1221,3.85
50218,153.7765,31.4681,6.47
50222,153.7819,59.9855,6.18
50232,153.8194,-54.9742,6.16
50234,153.8371,-36.5177,6.17
50241,153.8815,-43.1122,5.59
50287,154.0136,-59.9034,6.22
50292,154.0376,-11.2034,6.08
50303,154.0603,29.3106,5.49
50316,154.1172,28.6827,6.46
50319,154.1351,23.503,5.95
50332,154.1674,-51.2047,6.2
50333,154.1698,13.7284,5.42
50335,154.1725,23.4173,3.43
50336,154.1743,25.3707,5.84
50371,154.2709,-61.3323,3.39
50372,154.2747,42.9145,3.45
50384,154.3117,23.1065,5.81
50391,154.3342,-46.8349,6.48
50414,154.4079,-8.0689,5.25
50448,154.509,65.1084,5.74
50456,154.5317,-28.992,5.52
50480,154.6178,-41.6685,5.97
50485,154.6371,43.0486,6.48
50492,154.6578,-36.8046,6.31
50493,154.659,-56.1107,5.8
50509,154.7449,46.7609,6.42
50516,154.7531,24.7121,6.42
50520,154.7713,-64.6763,5.66
50536,154.8203,-12.5281,6.01
50546,154.862,48.397,6.0
50552,154.8849,-5.106,6.38
50555,154.9032,-55.0293,4.59
50562,154.9252,-65.1372,6.35
50564,154.9346,19.4714,4.78
50583,154.9923,19.8419,2.01
50584,154.998,-9.0588,6.31
50606,155.062,53.7793,6.45
50609,155.0697,-47.6991,5.66
50635,155.1299,54.2169,6.01
50676,155.2284,-56.0432,4.5
50685,155.2643,68.7477,5.88
50693,155.2832,-17.9849,6.5
50728,155.3696,-23.7109,6.47
50755,155.4597,14.9758,6.16
50785,155.5436,-58.2656,6.34
50786,155.5444,41.2299,5.73
50790,155.554,-19.8666,6.12
50799,155.5817,-41.6501,4.82
50801,155.5825,41.4994,3.06
50847,155.7424,-66.9015,4.97
50851,155.7519,6.5429,6.06
50860,155.7764,33.9082,5.89
50868,155.8047,-30.1622,6.25
50885,155.8605,-4.074,5.93
50887,155.8681,-0.9022,6.45
50888,155.8726,-38.0097,5.34
50893,155.8861,-3.6429,6.39
50903,155.9196,-41.9532,6.24
50904,155.924,29.6159,6.36
50916,155.9611,-57.9539,6.34
50933,156.0327,65.5665,4.94
50935,156.0359,33.7185,5.52
50939,156.0548,2.3681,6.33
50954,156.0989,-74.0315,3.99
50976,156.1857,-73.9718,6.18
50993,156.2479,-58.5763,5.93
51008,156.3133,8.7849,5.61
51014,156.3217,-42.4674,6.18
51046,156.4348,-7.0601,5.6
51047,156.4375,35.4256,6.49
51056,156.4786,33.7963,4.72
51069,156.5229,-16.8361,3.83
51077,156.5413,-42.7384,6.13
51117,156.6539,-0.9881,6.33
51140,156.7039,-54.8773,5.58
51161,156.7522,19.3646,6.15
51172,156.7881,-31.0678,4.28
51192,156.852,-57.6388,4.65
51194,156.8558,-65.7047,6.0
51200,156.867,41.6012,6.0
51213,156.9124,9.7624,6.01
51232,156.9698,-58.7394,3.81
51233,156.9712,36.7075,4.2
51245,157.0087,-49.4057,6.1
51248,157.0159,48.787,6.42
51265,157.0762,-63.1646,6.42
51290,157.1522,45.2123,6.37
51302,157.1832,-3.7423,6.05
51313,157.2192,-64.1723,5.27
51327,157.2653,-65.1763,6.42
51362,157.3697,-2.739,5.19
51364,157.3709,-29.6639,5.58
51376,157.3975,-30.6071,5.57
51384,157.4259,84.2521,5.52
51401,157.4768,65.6263,6.32
51420,157.5269,38.9251,5.79
51425,157.5367,-66.9847,6.19
51437,157.5729,-0.637,5.08
51438,157.5836,-71.9927,4.72
51448,157.6111,64.2578,6.07
51459,157.6574,55.9806,4.82
51461,157.6635,-61.3565,6.41
51490,157.7449,-7.6375,6.2
51491,157.7494,-13.5885,5.59
51495,157.7586,-73.2215,4.94
51502,157.7709,82.5585,5.25
51523,157.8426,-53.716,4.89
51551,157.9531,-28.2371,6.04
51556,157.964,32.3795,5.9
51560,157.9861,-45.0697,6.04
51561,157.9894,-45.0667,5.76
51576,158.0062,-61.6854,3.3
51585,158.0492,14.1372,5.43
51610,158.1401,-44.6185,5.91
51623,158.1992,-58.6668,5.98
51624,158.2028,9.3066,3.84
51635,158.237,-47.0034,5.02
51658,158.3083,40.4255,4.72
51676,158.3558,-58.1902,6.09
51685,158.3789,34.9887,5.57
51718,158.5037,-23.7452,5.08
51732,158.553,-60.9876,6.25
51775,158.7003,6.9536,5.07
51795,158.7407,-23.1763,6.1
51802,158.7591,8.6504,5.67
51808,158.7733,75.713,4.86
51814,158.7901,57.0825,5.16
51816,158.7935,-43.6647,6.09
51821,158.8036,-39.5626,5.5
51835,158.8533,-76.309,6.29
51839,158.8676,-78.6078,4.11
51849,158.8971,-57.5576,4.45
51852,158.9119,-18.569,6.49
51883,159.0084,80.4946,6.48
51885,159.0188,-26.6753,6.29
51905,159.0695,-16.3443,6.01
51912,159.0857,-59.5643,5.08
51914,159.0891,36.327,6.29
51933,159.1343,-12.2285,5.71
51979,159.3075,-27.4127,4.87
51984,159.3172,-53.8553,6.43
51986,159.3261,-48.2256,3.84
52004,159.3628,-58.7333,5.47
52009,159.3885,-13.3845,4.89
52032,159.4678,34.0786,6.42
52043,159.5111,-57.2563,5.89
52085,159.6459,-16.8766,4.91
52098,159.6801,31.9762,4.68
52102,159.6876,-59.183,4.69
52103,159.6891,-59.2624,6.5
52112,159.7097,-42.7534,6.1
52113,159.7102,-12.4436,6.04
52127,159.7488,-58.8169,5.96
52136,159.7739,53.6685,5.55
52139,159.7825,37.9101,5.84
52150,159.8164,-74.4934,6.08
52154,159.8267,-55.6033,4.29
52160,159.8452,-64.1118,6.33
52221,160.0478,-65.1002,5.51
52273,160.2148,-35.7417,6.36
52308,160.323,-59.6769,6.35
52316,160.3511,-1.7412,6.25
52338,160.4513,68.4436,5.74
52340,160.4649,-79.7833,5.97
52353,160.4866,65.7165,5.12
52366,160.547,31.697,6.02
52370,160.5589,-64.4665,4.76
52391,160.6308,-13.9745,6.24
52405,160.6691,-59.2158,5.36
52407,160.68,-32.7157,5.63
52419,160.7393,-64.3945,2.74
52422,160.7581,26.3257,5.51
52425,160.7668,69.0762,5.01
52452,160.8371,4.7477,5.77
52457,160.8543,23.1884,5.08
52468,160.8846,-60.5666,4.58
52469,160.888,46.204,5.18
52478,160.9305,57.1993,5.79
52487,160.9634,-64.2491,5.74
52488,160.9678,-60.1178,6.45
52502,161.0289,-63.9611,4.8
52513,161.0609,19.7589,6.27
52520,161.0838,-70.8597,6.25
52526,161.0955,-59.9933,6.32
52535,161.1136,-72.4436,6.26
52537,161.1351,-70.8553,6.43
52577,161.2668,67.4114,5.95
52584,161.2895,2.488,6.27
52595,161.3182,-80.4695,5.46
52633,161.4464,-80.5402,4.45
52638,161.4663,30.6824,5.36
52660,161.5237,6.3733,6.38
52678,161.5691,-64.5146,5.33
52679,161.5713,-60.6029,6.26
52685,161.5939,57.3661,6.34
52686,161.602,18.8916,5.5
52689,161.6056,14.1948,5.49
52701,161.6234,-64.2633,5.23
52709,161.6548,-43.1925,6.29
52727,161.6922,-49.4201,2.69
52730,161.7004,-69.2098,6.34
52736,161.7135,-64.3835,4.87
52737,161.7169,-17.2968,5.44
52742,161.7396,-56.7572,5.14
52785,161.8776,-69.4377,6.35
52797,161.91,-57.4674,6.29
52806,161.9347,-59.8753,6.47
52815,161.9731,-64.2629,6.46
52827,162.0226,-59.9192,5.98
52841,162.0589,-31.6879,5.87
52863,162.169,-1.9589,5.92
52877,162.2078,65.1325,6.4
52882,162.2387,29.4161,6.15
52911,162.3143,10.5453,5.32
52922,162.3519,-59.3238,5.85
52929,162.3701,63.81,6.42
52943,162.406,-16.1941,3.11
52948,162.4312,-9.8526,5.85
52959,162.4739,27.9739,6.05
52965,162.4877,-34.0582,5.61
52980,162.5752,-8.8977,5.8
53035,162.7727,-3.0926,5.95
53043,162.7962,56.5822,5.66
53064,162.849,59.3202,5.57
53100,162.9455,-57.2723,6.29
53141,163.057,1.025,6.37
53151,163.1195,-79.5594,6.36
53154,163.1286,-57.2404,5.26
53157,163.1338,52.5037,6.44
53167,163.1504,-0.2016,6.31
53229,163.3277,34.2156,3.79
53231,163.3383,-58.8935,6.26
53240,163.3543,-2.255,6.12
53252,163.3728,-20.1382,5.23
53253,163.3732,-58.8533,3.78
53257,163.3807,69.854,5.91
53259,163.3869,-15.4457,6.34
53260,163.3893,-56.4205,6.45
53261,163.3938,54.5852,5.12
53272,163.4255,-70.7203,5.99
53273,163.4323,-2.1292,5.45
53295,163.4946,43.19,4.66
53316,163.5741,-13.7581,5.65
53334,163.6233,-61.8266,5.95
53355,163.6758,25.4907,6.19
53377,163.7426,34.0349,5.73
53379,163.7543,-42.2511,6.08
53387,163.7982,-20.665,6.45
53394,163.8219,-60.5172,5.93
53411,163.8635,-43.0205,6.4
53417,163.9035,24.7498,4.3
53423,163.9264,0.7369,5.91
53426,163.9353,33.507,5.02
53449,164.0062,6.1854,5.91
53465,164.0604,42.0084,6.03
53472,164.0703,22.3517,6.17
53492,164.1435,25.5003,6.36
53502,164.1792,-37.1375,4.6
53530,164.2828,-50.765,5.9
53546,164.3159,-75.0998,6.16
53556,164.3342,-69.0381,6.48
53589,164.4508,-59.7322,6.36
53699,164.8073,-33.7375,5.7
53701,164.8085,-61.3207,6.16
53702,164.809,-84.5939,6.19
53706,164.8245,51.8824,6.22
53721,164.8676,40.4301,5.03
53723,164.879,-16.3537,5.88
53726,164.8864,36.0932,5.99
53740,164.9448,-18.2991,4.08
53761,164.9876,77.7702,6.18
53762,164.9976,-43.8071,5.81
53771,165.0347,-51.8178,6.15
53773,165.0385,-42.2259,4.37
53778,165.0487,-14.0833,5.86
53781,165.0612,45.5263,5.47
53791,165.0865,42.912,6.03
53798,165.1066,51.5021,6.41
53807,165.1402,3.6175,4.84
53811,165.1514,-53.1119,6.44
53818,165.1702,-31.8396,6.06
53824,165.1868,6.1015,4.98
53838,165.2103,39.2121,5.06
53849,165.2389,-15.7926,6.35
53860,165.2739,63.4212,6.38
53907,165.457,-2.4845,4.73
53910,165.46,56.3823,2.34
53940,165.5577,-41.1141,6.48
53954,165.5824,20.1797,4.42
53963,165.6017,-26.8312,6.21
54027,165.8106,-0.7521,6.12
54029,165.8122,-11.3032,5.51
54030,165.817,-31.9608,6.44
54038,165.864,70.0308,6.44
54048,165.9022,-13.4349,6.34
54049,165.9026,-0.0008,5.95
54061,165.9327,61.7511,1.81
54082,166.001,-57.9553,6.16
54136,166.1303,38.2414,6.01
54137,166.1304,-47.6792,5.67
54173,166.2259,-35.8047,5.43
54182,166.2551,7.3361,4.62
54185,166.2673,-49.3923,6.11
54204,166.3335,-27.2936,4.92
54214,166.3916,-11.0887,6.09
54255,166.4898,-27.2878,5.69
54264,166.5239,-51.2127,6.28
54289,166.6013,-64.84,6.39
54291,166.6149,-50.9567,6.31
54294,166.6221,-58.675,6.07
54301,166.6353,-62.4241,4.62
54319,166.6834,17.7374,6.4
54327,166.708,-70.8779,5.58
54336,166.7268,1.9557,5.52
54360,166.8198,-42.6388,5.15
54380,166.8923,-48.64,6.44
54388,166.9155,23.3237,6.48
54430,167.0657,-29.9725,6.47
54461,167.1417,-61.9472,5.11
54463,167.1475,-58.975,3.93
54477,167.1835,-28.0806,5.43
54487,167.2045,24.6584,5.7
54522,167.3296,36.3094,5.71
54537,167.4106,43.2078,5.89
54539,167.4161,44.4986,3.0
54540,167.4163,67.2103,6.07
54561,167.4724,-32.3675,5.79
54673,167.8732,-71.4362,6.34
54682,167.9145,-22.8256,4.46
54688,167.9325,14.4002,6.3
54703,167.9911,-26.8062,6.43
54708,168.015,-58.4234,6.24
54718,168.0427,-46.2668,6.27
54721,168.0454,68.2719,6.4
54725,168.0616,-32.4338,6.35
54742,168.1266,-18.4998,6.11
54745,168.1355,35.8144,6.41
54746,168.1381,-49.1011,5.37
54749,168.145,-21.7494,6.39
54751,168.1501,-60.3176,4.59
54767,168.1886,-64.1698,5.22
54783,168.2364,-49.7361,6.12
54811,168.3112,-44.3722,5.77
54829,168.3783,-59.6193,5.74
54840,168.4142,-53.2319,5.75
54842,168.4171,41.0888,6.33
54849,168.4399,-0.0695,5.4
54863,168.5075,8.061,5.79
54872,168.5267,20.524,2.56
54879,168.5602,15.4298,3.33
54929,168.7256,-43.7337,6.22
54951,168.801,23.0955,4.56
55003,168.9282,-57.3559,6.42
55016,168.9662,13.3076,5.31
55068,169.1164,-45.8802,6.3
55084,169.1657,-3.6515,4.45
55086,169.1747,49.4763,5.88
55106,169.2424,-7.1347,6.11
55130,169.3003,-38.0144,6.24
55133,169.3099,-41.9343,6.46
55137,169.3224,2.0109,5.18
55140,169.3293,-67.8235,6.06
55164,169.412,-34.7373,6.44
55219,169.6198,33.0942,3.49
55225,169.6425,-79.6686,6.35
55249,169.7291,1.6505,5.9
55266,169.7831,38.1857,4.76
55280,169.8202,-64.5826,5.99
55282,169.8355,-14.779,3.56
55308,169.9024,-75.1424,6.26
55332,169.9618,-72.9583,6.46
55350,170.0173,-71.9943,6.41
55412,170.2238,67.1009,6.2
55425,170.2518,-54.491,3.9
55434,170.2844,6.0294,4.05
55485,170.4556,57.0748,6.43
55497,170.4879,-77.6083,6.43
55528,170.5964,-44.6458,6.1
55560,170.7067,43.4827,4.99
55564,170.7135,64.3304,6.02
55581,170.784,-56.7794,5.82
55588,170.8029,-36.1648,5.0
55595,170.8249,0.1321,6.05
55597,170.8393,-64.9547,5.09
55598,170.842,-18.7799,5.08
55642,170.9807,10.5297,4.0
55645,170.9856,-57.8804,6.5
55650,171.0097,1.4078,5.39
55657,171.0466,-72.2566,5.55
55667,171.0919,-42.6691,6.13
55687,171.1525,-10.8594,4.81
55705,171.2208,-17.684,4.06
55716,171.2458,11.4303,5.8
55756,171.373,-36.0631,5.21
55763,171.388,-37.7475,5.87
55765,171.4019,16.4566,5.58
55779,171.4315,-63.9723,5.18
55791,171.4588,3.8602,6.35
55797,171.4883,55.8503,5.73
55821,171.6066,33.4506,6.33
55831,171.6476,-61.1152,5.22
55846,171.6906,3.0127,6.49
55849,171.6971,-53.16,5.8
55874,171.7899,-12.3568,5.93
55941,171.9739,-1.7,6.23
55945,171.9843,2.8563,4.95
55953,171.9944,-35.3288,6.44
55979,172.0769,-72.474,6.09
56000,172.1463,-42.6742,5.14
56034,172.2673,39.3369,5.3
56035,172.2696,61.7778,5.83
56050,172.3131,-63.5539,6.45
56078,172.411,-24.4641,5.77
56080,172.4244,15.4134,5.74
56083,172.4319,56.7377,6.29
56127,172.5787,-3.0035,4.77
56135,172.6035,46.6575,6.3
56146,172.6212,18.4097,5.54
56148,172.6299,43.173,5.94
56170,172.7214,47.9291,6.4
56201,172.8127,-61.2785,6.28
56211,172.8512,69.3311,3.82
56242,172.9381,14.365,6.27
56243,172.942,-59.4421,5.07
56245,172.9484,-20.7766,6.24
56250,172.9534,-59.5156,5.12
56253,172.9628,81.1272,6.12
56280,173.0684,-29.2614,4.93
56287,173.0833,-66.9618,5.89
56290,173.0865,61.0828,5.46
56293,173.0972,-26.7469,6.15
56318,173.1981,-7.8275,5.94
56319,173.2006,-40.4363,5.64
56332,173.2256,-31.0872,5.13
56343,173.2511,-31.8575,3.54
56364,173.3117,-16.2803,6.05
56388,173.4014,2.4991,6.49
56391,173.4053,-40.5867,5.39
56410,173.4849,36.8157,6.38
56445,173.5919,3.0604,5.76
56452,173.6248,-32.8333,5.96
56473,173.6771,16.7969,5.95
56480,173.6905,-54.2641,4.62
56497,173.7375,-49.1369,5.5
56500,173.7455,-4.3612,6.43
56508,173.7658,20.4415,6.45
56510,173.7704,54.7854,5.63
56518,173.8057,-47.3726,5.64
56550,173.9264,-61.2879,6.23
56561,173.9455,-63.0198,3.11
56573,173.9815,-47.6415,5.26
56583,174.0109,69.3233,5.19
56601,174.0748,27.7813,5.8
56606,174.0933,-61.0524,5.84
56620,174.1455,-33.57,5.71
56632,174.1698,-37.2372,6.3
56633,174.1706,-9.8023,4.7
56647,174.2372,-0.8239,4.3
56656,174.2533,-61.2834,5.14
56657,174.2551,-32.988,6.32
56675,174.3164,-75.8965,5.64
56700,174.3919,-47.7474,5.46
56716,174.4263,77.5957,6.49
56727,174.4521,-67.6204,5.94
56731,174.471,50.6183,6.14
56754,174.5307,-61.8266,5.15
56756,174.5411,8.8838,6.18
56769,174.5849,-63.3728,6.46
56770,174.5862,43.6255,5.56
56775,174.6004,-2.4359,6.22
56779,174.615,8.1343,5.24
56784,174.6347,33.6259,6.29
56789,174.6398,46.8343,6.09
56802,174.6665,-13.2022,5.48
56809,174.6891,45.1084,6.29
56816,174.7047,64.347,6.49
56830,174.7518,-24.7205,6.4
56862,174.8735,-65.3977,5.01
56899,174.9598,-16.6202,6.17
56901,174.9631,-14.4685,6.21
56922,175.0534,-34.7447,4.7
56944,175.1143,57.9704,6.35
56961,175.1542,-62.5681,6.32
56970,175.1771,-53.9685,5.95
56975,175.1963,21.3528,5.26
56986,175.2236,-62.0901,4.93
56996,175.2567,-83.1,6.32
56997,175.2626,34.2026,5.31
57001,175.2858,-29.1968,6.44
57013,175.3327,-43.0957,5.54
57029,175.3938,31.746,5.73
57045,175.4313,55.172,6.28
57047,175.4331,-32.4993,5.2
57079,175.5147,-20.294,6.21
57092,175.5618,-75.2273,6.48
57111,175.6184,66.7448,5.32
57137,175.7272,-79.3064,6.38
57165,175.8633,-37.1901,5.98
57175,175.88,-62.4894,5.0
57211,175.9701,-62.8782,6.1
57214,175.9795,-6.6771,6.05
57240,176.0549,25.2183,6.02
57283,176.1907,-18.3506,4.71
57322,176.3027,-49.0699,6.26
57328,176.3209,8.2582,4.84
57363,176.4024,-66.7288,3.63
57371,176.4333,-45.6901,5.28
57380,176.4649,6.5298,4.04
57399,176.5131,47.7793,3.69
57439,176.6285,-61.1784,4.11
57443,176.6344,-40.5013,4.89
57477,176.7317,55.6283,5.27
57497,176.7793,-35.9068,6.16
57507,176.8166,-30.286,6.48
57512,176.8299,-57.6965,5.42
57562,176.9789,8.2459,5.31
57565,176.9968,20.2189,4.5
57581,177.0604,-66.8149,4.75
57587,177.0981,-10.3128,6.24
57606,177.1615,14.2842,5.9
57613,177.1879,-26.7498,5.1
57629,177.2558,-0.3187,6.15
57632,177.2662,14.5723,2.14
57646,177.3115,16.243,6.05
57669,177.4212,-63.7885,4.3
57670,177.4242,34.9317,5.73
57696,177.4859,-70.2258,4.98
57732,177.5817,-15.8637,6.13
57741,177.6137,-62.6494,5.68
57749,177.6552,-27.278,6.48
57757,177.672,1.7654,3.59
57779,177.7309,12.279,6.37
57791,177.7593,-5.3333,5.62
57803,177.7865,-45.1734,4.47
57805,177.7896,33.375,6.25
57819,177.8418,-12.1879,6.34
57841,177.9234,-30.8341,5.85
57851,177.9636,-65.2059,4.89
57870,178.0433,-56.9878,5.56
57936,178.2273,-33.9081,4.29
57939,178.2326,37.7328,6.42
57971,178.3619,-35.0666,6.17
58001,178.4573,53.6947,2.41
58002,178.4596,0.5521,6.31
58041,178.548,-57.4102,6.05
58057,178.6086,-37.7491,6.46
58082,178.6771,-25.7141,5.26
58085,178.6859,-66.376,6.38
58103,178.7501,-63.2792,5.89
58110,178.7631,8.4439,5.58
58119,178.8088,36.7565,6.47
58158,178.9172,-28.477,5.93
58159,178.9189,15.6468,5.53
58177,178.978,-39.6895,6.13
58181,178.9934,56.5986,5.83
58188,179.0041,-17.1508,5.17
58242,179.1834,-47.0724,6.26
58259,179.222,61.5493,6.22
58272,179.2658,-33.3154,6.2
58326,179.4168,-62.4487,5.59
58369,179.5302,32.2741,6.42
58379,179.5635,-56.3173,5.44
58427,179.6986,-64.3396,5.59
58436,179.7266,-25.9088,6.42
58445,179.7641,0.5306,6.18
58450,179.7891,-10.476,6.49
58452,179.7946,-45.8322,6.36
58453,179.7953,-51.6967,6.04
58460,179.8231,33.167,5.95
58469,179.8568,-62.8309,6.34
58484,179.907,-78.2218,4.88
58510,179.9872,3.6552,5.36
58512,179.9892,34.0347,6.49
58545,180.0785,80.8533,6.21
58574,180.176,-21.8375,6.28
58576,180.1849,-10.4448,5.54
58587,180.2132,-19.659,5.28
58590,180.2183,6.6144,4.65
58603,180.2573,-1.768,6.32
58642,180.3719,-57.5037,6.16
58654,180.4147,36.0423,5.59
58684,180.5294,43.0455,5.22
58697,180.5862,-85.6318,6.05
58706,180.6191,-71.489,6.41
58720,180.6573,-69.1923,5.89
58741,180.7153,-7.6837,6.24
58758,180.7571,-63.3129,4.32
58803,180.9138,-42.4338,5.15
58809,180.9355,5.558,6.39
58810,180.9356,-74.2141,6.44
58858,181.0691,21.4592,5.89
58859,181.0697,-51.4725,6.48
58867,181.0802,-63.1657,4.72
58874,181.1189,85.5869,6.27
58884,181.1623,-68.3289,5.34
58901,181.1887,-59.2532,6.3
58905,181.1944,-76.5192,5.04
58921,181.2385,-60.9682,5.95
58948,181.3028,8.7328,4.12
58952,181.3114,76.906,5.78
58989,181.4157,62.9333,6.14
59003,181.4734,-65.5469,6.3
59008,181.4862,-35.6939,6.23
59010,181.4993,-3.1315,6.37
59021,181.5219,-32.9608,6.49
59046,181.5831,-68.6514,6.23
59050,181.5962,-65.7094,5.95
59072,181.7202,-64.6136,4.14
59151,181.9587,-75.3671,5.17
59173,182.0219,-50.6613,4.46
59184,182.0614,-48.6925,5.34
59196,182.0898,-50.7224,2.58
59200,182.1031,-60.8471,6.22
59199,182.1031,-24.7288,4.02
59229,182.2243,-44.3259,5.75
59232,182.2275,-41.2316,5.51
59285,182.422,1.8983,5.95
59291,182.4462,74.6614,6.34
59307,182.5108,-34.7047,6.16
59309,182.5146,5.807,5.72
59316,182.5314,-22.6198,3.02
59352,182.6318,16.8093,6.4
59353,182.6408,-37.8703,6.07
59364,182.6921,27.2815,6.01
59384,182.7504,81.7098,6.0
59389,182.7551,-68.2609,6.48
59394,182.7662,-23.6024,5.45
59396,182.7719,-61.2774,6.08
59439,182.882,-51.3592,6.23
59449,182.9131,-52.3684,3.97
59458,182.9371,57.0544,6.34
59468,182.9633,25.8704,5.66
59489,183.004,28.5365,6.47
59501,183.0387,20.5421,5.6
59504,183.0496,77.6162,5.14
59517,183.0916,-62.9508,5.91
59551,183.196,-70.1518,6.05
59588,183.304,-34.1253,6.34
59607,183.3544,-38.9292,5.77
59608,183.3583,10.2624,5.85
59622,183.4033,-33.7929,6.34
59647,183.4853,-78.5739,6.34
59654,183.5114,-45.7239,5.31
59678,183.5706,-64.4085,6.2
59708,183.681,53.4347,6.18
59728,183.7483,-20.8442,5.82
59742,183.7767,-29.2372,6.5
59746,183.7856,70.2001,5.72
59747,183.7865,-58.7489,2.79
59750,183.7939,-10.3099,6.11
59767,183.8361,87.7,6.27
59774,183.856,57.0326,3.32
59785,183.878,-41.9128,6.24
59796,183.923,72.5513,6.29
59803,183.9519,-17.542,2.58
59819,184.001,14.8991,5.09
59831,184.0314,40.6603,5.69
59847,184.0856,23.9454,4.93
59851,184.0995,-72.6145,6.21
59856,184.1257,33.0618,4.99
59879,184.2056,86.4358,6.33
59895,184.264,-16.6937,6.05
59898,184.2765,-65.6929,6.06
59920,184.3732,53.1914,5.8
59923,184.3775,28.9371,5.71
59929,184.3943,-67.9607,4.06
59941,184.4343,15.1448,6.36
59950,184.4471,-36.094,6.15
60000,184.5873,-79.3123,4.24
60009,184.6096,-64.003,4.06
60018,184.6315,30.2493,6.23
60030,184.6679,-0.7871,5.9
60044,184.7086,75.1606,5.47
60059,184.7493,-55.143,5.01
60066,184.7585,26.0084,6.44
60087,184.83,23.0347,6.26
60098,184.8736,28.1572,6.38
60122,184.953,48.9841,5.28
60129,184.9766,-0.6667,3.89
60157,185.0451,-22.1756,5.94
60168,185.0743,26.0018,6.16
60170,185.0822,26.6198,5.52
60172,185.0881,3.3127,4.97
60183,185.1178,-65.8426,6.2
60189,185.1405,-22.2158,5.2
60197,185.1724,27.0548,6.32
60202,185.1796,17.7927,4.72
60210,185.2031,15.541,6.47
60212,185.2118,57.8643,5.54
60221,185.2321,-13.5657,5.14
60260,185.3409,-60.4014,3.59
60305,185.4846,47.1823,6.33
60308,185.4893,-56.3744,5.91
60320,185.5308,-67.5221,5.15
60327,185.5453,24.7739,6.21
60329,185.5501,-68.3072,5.73
60351,185.6263,25.8462,4.78
60353,185.6339,5.3056,6.46
60379,185.7061,-57.6761,5.38
60417,185.8127,-67.6322,6.36
60418,185.8139,-4.9744,6.47
60421,185.8287,-11.8121,6.48
60425,185.84,-24.8406,5.66
60449,185.8977,-35.4127,5.32
60454,185.9032,-39.3024,6.39
60463,185.9366,-38.9114,5.79
60467,185.9461,42.5427,6.03
60468,185.9493,-30.3354,6.39
60485,186.0062,51.5622,4.76
60514,186.0772,26.0986,5.17
60525,186.1117,25.5824,6.41
60549,186.1865,-41.3841,6.24
60584,186.2634,56.7779,5.82
60589,186.2766,63.8028,6.31
60591,186.2859,-42.5143,6.1
60595,186.2992,-11.6105,5.95
60599,186.3128,23.9263,6.03
60601,186.3234,-65.7696,6.29
60603,186.3267,-27.749,6.09
60610,186.3407,-35.1864,5.71
60638,186.4095,-86.1506,6.32
60646,186.4625,39.0187,5.01
60697,186.6003,27.2683,4.92
60699,186.602,71.9299,6.33
60710,186.6325,-51.4506,4.82
60718,186.6498,-63.0991,0.77
60729,186.703,-48.913,6.25
60735,186.7154,-32.83,5.56
60742,186.7347,28.2686,4.35
60746,186.7471,26.8257,4.98
60771,186.8535,-63.789,6.02
60780,186.8702,-58.3165,6.35
60781,186.8703,-58.9918,5.38
60795,186.8964,55.7128,5.68
60804,186.9253,8.6104,6.36
60809,186.9561,-16.6319,6.3
60813,186.965,-4.6153,6.23
60823,187.01,-50.2306,3.91
60851,187.0805,-64.341,6.05
60855,187.0937,-39.0411,5.45
60861,187.1071,-61.7948,6.21
60870,187.141,-56.4073,6.15
60904,187.228,25.9129,5.29
60941,187.3627,24.1089,5.47
60957,187.4301,20.8962,5.68
60965,187.4666,-16.5151,2.94
60969,187.4758,-56.525,5.78
60978,187.4892,58.4055,5.37
60979,187.4912,-41.7359,6.0
60988,187.5129,51.5356,6.21
60992,187.5176,58.7678,6.07
60994,187.5205,-13.3931,6.37
60998,187.5282,69.2013,5.01
61015,187.5728,-23.6964,5.63
61053,187.7088,53.0762,6.2
61071,187.7524,24.5672,5.47
61084,187.7914,-57.1126,1.59
61103,187.8393,7.6043,6.05
61134,187.9114,-5.0527,6.19
61136,187.9181,-59.4239,5.49
61158,187.984,-63.5059,5.96
61172,188.0184,-32.5337,6.46
61174,188.0187,-16.1959,4.3
61181,188.0412,-73.001,5.88
61199,188.1171,-72.133,3.84
61208,188.1371,-21.212,6.41
61212,188.1504,-13.859,5.74
61246,188.2621,10.2957,6.29
61270,188.3428,-19.7925,6.26
61281,188.371,69.7882,3.85
61295,188.3926,24.283,6.28
61296,188.3928,-12.8303,5.58
61309,188.4121,33.2477,5.42
61317,188.4379,41.3568,4.24
61318,188.445,-9.4521,5.48
61320,188.4475,33.3847,6.24
61328,188.4969,-49.9097,6.38
61359,188.5968,-23.3966,2.65
61379,188.6769,-44.6725,5.76
61384,188.6836,70.0218,4.95
61394,188.713,22.6292,4.8
61404,188.7269,-67.7569,6.11
61418,188.7823,18.377,5.03
61420,188.784,21.8814,5.86
61443,188.8741,-61.8414,6.22
61468,188.9401,-41.0219,5.12
61496,188.9949,-20.5274,6.2
61498,189.0045,-39.8694,5.78
61557,189.1944,-50.3354,6.4
61558,189.1974,-5.8319,5.88
61571,189.2431,17.0896,5.7
61585,189.2962,-69.1355,2.69
61621,189.4259,-27.1387,5.41
61622,189.4264,-48.5413,3.85
61637,189.5185,3.2825,6.33
61658,189.5936,1.8547,5.68
61688,189.6862,-18.2502,6.0
61692,189.6929,40.8747,6.35
61703,189.7182,-67.193,6.22
61719,189.7592,22.6595,6.39
61720,189.7645,-30.4223,5.86
61724,189.7807,21.0626,5.49
61738,189.811,-75.3706,6.46
61740,189.8117,-7.9955,4.66
61748,189.8202,35.952,6.39
61789,189.969,-39.9872,4.63
61796,189.9829,-66.5111,6.26
61910,190.3168,-13.0139,5.17
61916,190.346,-46.1457,5.84
61932,190.38,-48.9599,2.2
61936,190.3915,62.7131,6.02
61937,190.3936,10.4263,6.22
61941,190.4167,-1.4495,2.74
61951,190.4563,-19.7591,6.02
61960,190.4709,10.2358,4.88
61966,190.4858,-59.6858,4.91
61968,190.4882,6.8066,5.57
61981,190.521,-69.4076,6.31
62012,190.6482,-48.813,4.66
62026,190.7075,-55.947,6.06
62027,190.7095,-63.0586,5.27
62046,190.7675,61.1554,6.39
62058,190.7884,-56.1762,5.99
62081,190.8593,-40.1778,6.43
62084,190.8683,-58.9027,6.41
62103,190.9084,-1.5768,5.91
62128,190.9944,-36.3491,6.38
62131,191.0023,-28.3239,5.46
62170,191.1079,80.6211,6.33
62172,191.113,44.103,6.34
62207,191.2487,39.2786,5.95
62212,191.2586,-68.8307,6.16
62223,191.2826,45.4402,5.42
62267,191.4047,7.6733,5.22
62268,191.408,-60.9812,4.69
62322,191.5703,-68.1081,3.04
62325,191.5932,9.5408,5.65
62327,191.5948,-56.4888,4.62
62356,191.6615,16.5776,5.12
62360,191.6926,-33.3154,5.87
62376,191.7595,5.9505,6.31
62394,191.8067,11.9581,6.11
62402,191.8289,62.7811,5.88
62421,191.8893,-6.3016,6.27
62423,191.8931,66.7903,5.43
62434,191.9305,-59.6887,1.25
62443,191.9642,3.5727,6.42
62448,191.9736,-24.8517,6.43
62478,192.0599,13.5531,6.47
62500,192.1098,-27.5972,5.65
62512,192.1639,60.3199,5.83
62516,192.1744,48.4668,6.25
62523,192.1969,24.8405,6.29
62541,192.2258,14.1226,5.71
62561,192.2783,83.4178,5.92
62572,192.3075,83.4129,5.38
62576,192.323,27.5523,5.76
62600,192.4085,48.74,6.5
62608,192.4373,-71.9862,5.55
62641,192.545,37.5169,5.87
62653,192.5718,22.8636,6.43
62655,192.5814,-48.4596,6.26
62683,192.6716,-33.9993,4.9
62703,192.7413,-52.7874,5.7
62732,192.8249,-60.3298,5.71
62743,192.8456,-10.3382,6.48
62757,192.9038,3.0567,6.02
62763,192.9247,27.5407,4.93
62786,192.9873,-39.6804,5.99
62788,192.9915,-26.7384,6.14
62799,193.0228,-48.0943,6.31
62807,193.0511,17.074,6.32
62821,193.1025,-53.8299,6.26
62825,193.1147,16.1225,6.29
62861,193.2678,-54.9525,5.91
62867,193.2791,-48.9433,4.33
62875,193.2971,-3.5531,6.11
62886,193.324,21.245,4.89
62894,193.3412,-60.3285,5.75
62896,193.3589,-40.1788,4.25
62904,193.3842,19.4815,6.42
62915,193.4088,-4.2245,6.45
62931,193.4538,-60.3762,5.89
62933,193.457,12.4185,6.25
62956,193.5068,55.9598,1.76
62972,193.5548,33.5344,6.25
62983,193.5781,-11.6486,6.0
62985,193.5882,-9.5389,4.77
63003,193.6486,-57.1779,4.03
63005,193.6538,-57.1686,5.08
63007,193.6634,-59.1467,4.62
63024,193.7356,47.1967,5.75
63031,193.7431,-85.1234,5.45
63033,193.7446,-44.1514,5.89
63066,193.8311,-42.9157,5.46
63076,193.869,65.4385,5.23
63090,193.902,3.3976,3.39
63109,193.9719,-15.327,6.18
63117,193.9881,-56.8358,5.34
63121,194.0025,38.3147,5.61
63125,194.0077,38.3182,2.89
63143,194.0735,54.0995,5.84
63165,194.1322,-72.1852,5.93
63204,194.2427,-54.5873,6.48
63210,194.2683,-51.1987,5.17
63211,194.2825,46.1769,6.11
63220,194.3028,-12.0669,6.33
63243,194.3882,-22.7535,6.31
63297,194.5786,64.9255,6.44
63340,194.6971,75.4725,6.0
63355,194.7311,17.4094,4.76
63414,194.9148,-3.8119,5.79
63432,194.9803,66.5973,5.37
63462,195.0687,30.785,4.88
63490,195.1363,-33.5051,6.01
63494,195.1498,-3.3686,5.99
63497,195.1619,18.3729,6.2
63503,195.1816,56.3663,4.93
63533,195.2901,17.1232,5.97
63584,195.4465,63.6102,6.01
63608,195.5448,10.9591,2.85
63613,195.5657,-71.5488,3.61
63647,195.6686,59.7163,6.5
63688,195.7723,-71.4757,5.93
63724,195.8889,-49.5272,4.83
63738,195.9418,-20.5835,5.58
63820,196.201,-41.1963,6.24
63822,196.2074,73.025,6.43
63849,196.2779,-47.1168,6.44
63883,196.3784,-52.1157,6.43
63901,196.4353,35.7989,5.2
63916,196.4678,45.2685,5.64
63945,196.5697,-48.4633,4.71
63948,196.5887,21.1535,6.0
63950,196.5941,22.6163,5.53
63952,196.5953,62.042,6.15
63972,196.646,-41.5884,5.59
64003,196.726,-35.8618,5.63
64004,196.7278,-49.9062,4.27
64022,196.7946,27.6249,4.8
64033,196.8513,-59.8605,5.98
64053,196.9097,-53.4597,5.7
64077,196.9736,27.5561,6.2
64078,196.9742,-10.7404,5.15
64094,197.0298,-65.306,5.44
64108,197.0855,-78.446,6.43
64117,197.116,-67.7968,6.34
64122,197.1354,-8.9842,5.57
64166,197.2637,-23.118,4.94
64179,197.3018,10.0225,5.79
64181,197.3095,-9.5381,6.32
64212,197.4113,37.4231,6.01
64217,197.4252,38.5339,6.25
64224,197.4387,-10.3293,5.95
64226,197.4495,16.8486,5.91
64238,197.4876,-5.5389,4.38
64241,197.4981,17.5291,4.32
64246,197.5136,38.4989,5.91
64320,197.7436,-52.5669,6.05
64332,197.7873,-42.2328,5.78
64348,197.8471,-43.3685,5.24
64375,197.9135,-26.5517,6.49
64390,197.9641,-69.942,5.92
64394,197.9705,27.876,4.23
64395,197.9711,-63.303,6.32
64408,198.0144,-37.8031,4.85
64407,198.0145,-16.1979,5.04
64417,198.0351,24.2581,6.31
64425,198.0735,-59.9205,4.58
64437,198.1061,80.4713,6.25
64445,198.1373,11.5562,5.76
64466,198.2032,-66.2268,5.91
64472,198.2119,-42.6997,6.19
64478,198.2321,-59.8163,6.18
64496,198.3022,18.7271,6.1
64515,198.3474,-50.6998,5.9
64520,198.3619,-18.8264,6.26
64530,198.3998,36.8876,6.5
64540,198.4291,40.1528,4.94
64557,198.4908,-43.1392,6.16
64577,198.5457,-19.9313,5.31
64580,198.5506,-58.6839,5.91
64583,198.5643,-59.1029,4.9
64587,198.5723,-78.4474,5.84
64607,198.6302,11.3318,5.64
64623,198.6807,-48.9568,5.84
64651,198.7895,-36.3714,6.17
64661,198.8125,-67.8946,4.79
64682,198.8574,-69.6792,6.37
64692,198.8835,40.8552,5.77
64725,198.9941,-19.9428,5.21
64751,199.0598,19.0517,6.46
64774,199.1194,68.408,6.2
64779,199.1347,19.7852,6.43
64790,199.1877,-65.1381,6.06
64792,199.1946,9.4237,5.19
64797,199.2111,17.0178,6.49
64803,199.2213,-31.5061,5.1
64820,199.3043,-66.7834,4.86
64822,199.308,-43.9794,5.82
64823,199.3151,13.6756,5.33
64838,199.3746,-0.676,6.36
64844,199.386,40.5726,4.72
64852,199.4012,5.4698,4.78
64906,199.5606,49.682,5.14
64924,199.604,-18.3086,4.74
64927,199.6154,34.0983,5.81
64933,199.6454,-51.2857,6.18
64951,199.7014,-79.976,6.34
64962,199.7302,-23.1714,2.99
64979,199.7678,35.1279,6.01
64994,199.8291,-72.0355,6.04
65072,200.0791,40.1506,5.6
65108,200.1461,-59.7728,6.2
65109,200.1503,-36.7121,2.75
65112,200.1577,-52.7478,5.47
65119,200.1734,2.9423,6.26
65129,200.2014,-55.8007,6.0
65144,200.2407,-46.8801,5.76
65183,200.3742,-19.4893,6.21
65198,200.4237,2.0874,5.69
65230,200.5165,43.9033,6.34
65241,200.5405,5.1549,5.89
65247,200.5679,-52.183,5.81
65271,200.6582,-60.9884,4.52
65288,200.7187,-47.9432,6.18
65289,200.7193,-72.1467,6.06
65301,200.7548,-17.7352,5.36
65303,200.7609,-48.5628,6.37
65311,200.786,-33.1899,6.17
65323,200.8288,-4.9244,5.88
65372,200.9674,-49.8227,6.48
65376,200.9747,37.0339,6.1
65378,200.9809,54.9254,2.23
65381,200.9879,-20.9245,6.44
65387,201.0018,-64.5356,4.52
65417,201.1272,12.4317,6.44
65420,201.1381,-5.1639,5.76
65466,201.2779,23.8544,5.75
65468,201.2807,-74.8875,5.04
65474,201.2984,-11.1612,0.98
65477,201.3059,54.988,3.99
65479,201.3089,-64.4851,5.32
65522,201.46,-70.6273,5.65
65530,201.5015,63.2607,6.5
65535,201.5318,-39.755,5.11
65536,201.5334,72.3915,5.82
65545,201.5478,-1.1925,5.97
65550,201.5691,46.0281,5.88
65581,201.6802,-12.7076,5.27
65593,201.7338,-41.4976,5.69
65595,201.7384,78.6438,5.74
65606,201.7767,-49.1437,6.31
65621,201.8111,-40.1627,6.4
65630,201.8361,-49.3813,6.27
65639,201.8635,-15.9736,4.76
65678,201.9989,52.7456,6.34
65682,202.0078,-26.4022,6.49
65721,202.1081,13.7802,4.97
65723,202.1093,40.7298,6.49
65728,202.1132,59.9457,5.4
65754,202.1908,50.7188,6.42
65755,202.1951,-69.6271,6.17
65783,202.2833,-64.6758,6.09
65790,202.3043,10.8184,5.65
65796,202.3123,-1.3643,6.42
65810,202.3552,-51.1651,5.04
65835,202.4284,-23.2814,6.4
65862,202.5003,7.1788,6.18
65892,202.6071,-6.4703,6.1
65936,202.7611,-39.4073,3.9
65951,202.816,42.1061,6.07
65969,202.8884,-28.1127,6.48
66006,202.9914,-6.2557,4.68
66015,203.0119,-18.7288,6.01
66019,203.0225,-38.3988,6.14
66060,203.1438,-29.5653,6.45
66065,203.1498,-28.6927,5.69
66086,203.2007,24.3472,6.11
66091,203.2154,-15.363,5.52
66098,203.242,-10.1649,5.21
66152,203.3997,-65.6326,6.36
66198,203.5305,55.3484,5.6
66200,203.5329,3.659,4.92
66223,203.591,38.7892,6.37
66234,203.6141,49.0159,4.68
66236,203.6208,-48.2721,6.32
66247,203.6687,-13.2143,5.92
66249,203.674,-0.5959,3.38
66251,203.6784,76.5467,6.46
66254,203.6817,-33.3108,6.46
66257,203.6989,37.1824,4.91
66320,203.8804,-5.3964,5.7
66326,203.8891,10.2051,6.48
66385,204.1662,49.4867,6.48
66400,204.2021,-26.4952,5.73
66405,204.2107,-34.4678,6.48
66417,204.2462,24.6133,5.72
66427,204.2752,-44.1432,5.96
66435,204.2961,71.2423,5.5
66438,204.3008,-61.6916,5.63
66454,204.3479,-46.4278,5.91
66458,204.3654,36.2948,4.82
66521,204.5318,-58.4146,6.41
66522,204.5328,14.302,6.49
66563,204.6755,-29.5607,5.81
66574,204.691,-70.4448,6.11
66575,204.704,-57.6227,6.0
66594,204.7596,18.2654,6.46
66607,204.8002,-75.6838,6.32
66613,204.8122,51.8042,6.49
66634,204.8774,52.9211,5.46
66640,204.8945,10.7463,5.57
66645,204.9202,-39.7476,6.29
66656,204.9524,-40.0516,5.61
66657,204.972,-53.4664,2.29
66666,204.9996,-49.95,5.74
66681,205.045,-64.5766,5.79
66690,205.0651,31.0118,6.21
66700,205.0893,57.2075,6.28
66704,205.0973,50.5193,6.31
66725,205.163,28.0651,6.22
66727,205.1687,19.9557,5.73
66738,205.1846,54.6817,4.63
66753,205.2341,-85.786,5.56
66763,205.2598,22.4958,5.63
66798,205.3742,64.8224,5.85
66803,205.4035,-8.7031,5.03
66821,205.4367,-54.5594,4.99
66849,205.5047,-58.787,5.38
66860,205.5541,8.3886,6.16
66878,205.5956,82.7525,5.92
66892,205.6203,41.6743,6.3
66903,205.6641,78.0643,5.91
66907,205.6809,34.989,5.98
66923,205.7277,-50.7902,6.43
66924,205.7294,-41.401,5.96
66925,205.7338,-56.768,6.0
66936,205.7662,3.5381,5.35
66984,205.9171,-42.0675,5.96
66992,205.9381,22.7005,6.12
67005,205.9783,52.0644,6.02
67036,206.0668,-51.0124,6.44
67057,206.1242,-16.1791,5.55
67071,206.1904,-25.5009,6.21
67103,206.3046,55.8802,6.47
67104,206.3061,10.3254,6.42
67139,206.3962,-15.7674,6.18
67143,206.4039,-26.116,5.81
67153,206.4232,-33.0434,4.23
67172,206.4847,-12.4265,5.5
67194,206.5568,41.0888,5.88
67199,206.5606,-54.6833,6.42
67210,206.5796,38.5037,5.92
67231,206.6486,54.4327,5.68
67234,206.664,-51.4327,4.64
67239,206.6806,25.7024,5.97
67244,206.7348,-36.2519,5.15
67246,206.7393,6.3506,6.33
67250,206.7495,38.5427,5.51
67261,206.7953,-62.5897,6.4
67271,206.8059,-9.7094,6.04
67275,206.8168,17.4568,4.5
67288,206.8556,-17.8598,5.41
67292,206.8649,-50.2493,5.92
67301,206.8856,49.3133,1.85
67304,206.9111,-50.3207,5.46
67384,207.1614,31.1901,5.61
67457,207.3615,-34.4506,4.19
67459,207.3696,15.7978,4.05
67464,207.3762,-41.6877,3.41
67472,207.4042,-42.4737,3.47
67480,207.4284,21.2641,4.92
67483,207.4374,36.6328,6.43
67485,207.4393,61.4895,5.97
67494,207.4681,-18.1341,4.96
67523,207.5273,-29.0812,6.19
67537,207.5808,-39.9008,6.43
67545,207.6028,5.4972,6.0
67548,207.6157,58.5394,6.45
67589,207.7475,68.3154,6.39
67605,207.7884,34.6645,5.89
67620,207.8363,-24.3898,6.43
67627,207.8581,64.7233,4.58
67648,207.9024,-36.433,6.34
67663,207.9468,-46.8986,5.77
67664,207.9476,-69.4012,5.73
67665,207.9479,34.4443,4.76
67669,207.9568,-32.994,4.32
67696,208.0042,-31.6191,6.11
67703,208.0204,-52.8115,5.26
67714,208.0766,12.1652,6.1
67778,208.2852,40.338,6.48
67782,208.2932,28.6481,5.91
67786,208.3023,-31.9276,4.75
67787,208.304,17.9329,5.71
67819,208.3868,-35.6642,5.53
67836,208.4296,-53.3733,5.87
67848,208.4627,53.7287,5.7
67851,208.4678,-35.3142,6.17
67861,208.4885,-47.1282,5.83
67890,208.5698,-28.5694,6.05
67927,208.6713,18.3986,2.68
67929,208.6758,-1.5031,5.16
67942,208.7047,-67.6521,5.74
67953,208.7429,-8.0588,6.19
67973,208.8007,-52.1608,5.66
68002,208.8851,-47.2883,2.55
68009,208.9125,-82.6661,5.95
68030,208.959,14.0565,6.16
68065,209.0439,32.0325,6.31
68079,209.0829,-46.5927,5.82
68080,209.0833,-54.1324,6.14
68092,209.1162,1.0505,5.9
68101,209.1374,-54.7041,6.0
68103,209.1423,27.4922,5.02
68177,209.3656,-23.0227,6.14
68184,209.3837,61.4923,6.49
68191,209.4122,-63.6866,4.71
68224,209.4952,-25.9981,6.42
68245,209.5679,-42.1007,3.83
68269,209.6299,-24.9722,5.2
68270,209.6303,-65.8006,6.2
68276,209.6622,21.6963,5.76
68279,209.6664,14.6494,6.01
68282,209.6699,-44.8035,3.87
68333,209.8227,-50.3696,5.92
68380,209.9554,-3.5497,6.36
68390,210.001,-25.0102,5.77
68413,210.0728,-61.4809,6.49
68431,210.1369,-78.59,6.09
68455,210.2192,-66.2689,5.96
68478,210.2939,27.3865,6.23
68493,210.3295,-40.2219,6.12
68498,210.335,8.8949,5.98
68516,210.4035,17.6686,6.36
68520,210.4116,1.5446,4.23
68523,210.4312,-45.6034,4.34
68537,210.4613,68.6787,6.34
68567,210.5507,45.7536,6.28
68581,210.595,-27.4298,5.47
68594,210.6332,9.6863,6.18
68637,210.7491,50.9718,6.16
68641,210.7571,-31.6842,6.18
68643,210.7674,-17.367,6.32
68670,210.8607,-56.2134,5.93
68673,210.8646,-41.4233,6.08
68682,210.8846,10.7875,6.27
68687,210.9033,7.5462,6.25
68702,210.956,-60.373,0.61
68705,210.9712,-22.4216,6.3
68707,210.9823,4.901,6.24
68739,211.0607,-5.3814,6.39
68756,211.0976,64.3758,3.67
68763,211.1125,-14.9717,6.35
68776,211.156,2.2975,6.28
68815,211.3338,-76.7967,5.69
68842,211.4439,-54.6693,6.2
68862,211.5116,-41.1796,4.36
68872,211.5455,-43.0916,6.18
68895,211.5928,-26.682,3.25
68902,211.6048,-59.7159,6.39
68933,211.6722,-36.3687,2.06
68940,211.6788,-9.3135,5.46
68956,211.7353,74.5938,6.43
69011,211.9202,-48.704,6.43
69012,211.9232,-49.8679,6.45
69038,211.9823,43.8545,5.13
69065,212.0595,-63.208,6.39
69068,212.0723,49.458,5.26
69090,212.1154,-74.8507,6.02
69107,212.1924,59.3377,6.47
69112,212.2125,77.5474,4.8
69113,212.2163,-43.4707,6.19
69122,212.2344,-59.2767,6.34
69127,212.2525,-10.3346,6.45
69174,212.3961,-51.5046,5.96
69191,212.479,-53.4387,4.74
69226,212.5998,25.0918,4.82
69241,212.6288,-70.3055,6.07
69269,212.7103,-16.302,4.93
69298,212.7581,-69.7193,6.07
69316,212.8131,32.2958,6.14
69340,212.8803,1.3623,6.42
69373,213.0169,69.4327,5.18
69389,213.066,2.4095,4.99
69398,213.1023,-24.3633,6.35
69415,213.1918,-27.2611,5.07
69427,213.2239,-10.274,4.18
69458,213.3052,-26.6123,6.23
69462,213.3184,-53.6657,5.53
69483,213.3706,51.79,4.53
69491,213.416,-54.6256,6.09
69493,213.4195,-0.8451,5.89
69536,213.5222,12.9596,5.53
69564,213.5895,-5.9479,6.36
69569,213.5982,41.519,6.23
69585,213.6486,13.9753,6.45
69592,213.6706,21.8734,6.38
69598,213.6782,-41.8374,5.61
69612,213.7119,10.101,5.29
69614,213.721,3.3359,6.41
69618,213.7382,-57.0861,5.03
69623,213.7553,-29.2819,6.1
69655,213.8389,-53.5099,6.4
69658,213.8505,-18.2007,5.53
69671,213.9107,-45.0004,6.31
69673,213.9181,19.1873,-0.05
69701,214.0037,-5.9995,4.07
69704,214.01,45.5661,6.5
69713,214.042,51.367,4.75
69727,214.0892,-6.6215,6.44
69732,214.0966,46.0879,4.18
69735,214.1016,39.7447,6.38
69747,214.1257,-3.1962,6.15
69751,214.1372,20.1221,6.25
69763,214.1614,-66.5879,5.72
69773,214.2031,-8.8844,6.47
69778,214.2299,-77.6642,6.48
69792,214.2658,-18.5857,6.22
69818,214.3382,51.3074,6.19
69829,214.3685,15.2634,5.84
69862,214.455,48.0021,6.32
69879,214.4992,35.5095,4.8
69881,214.5024,-7.5418,6.47
69896,214.5582,-81.0076,4.89
69929,214.6596,-18.7159,5.86
69958,214.733,54.8638,6.47
69965,214.7547,-25.8163,5.87
69974,214.7775,-13.3712,4.52
69977,214.7799,-27.1412,6.35
69989,214.8176,13.0044,5.41
69995,214.8496,-37.0028,5.93
69996,214.851,-46.0581,3.55
70012,214.8856,-2.2653,5.14
70022,214.9207,0.3844,6.18
70027,214.9388,16.3068,4.84
70029,214.9488,38.7941,6.33
70035,214.9654,-61.2728,5.22
70038,214.9719,-6.7461,6.42
70051,215.0361,30.4291,6.45
70054,215.0405,-43.0589,5.55
70069,215.0815,-56.3865,4.3
70090,215.1395,-37.8853,4.05
70104,215.1773,-45.1869,4.78
70236,215.5584,29.37,6.5
70243,215.5822,-34.7868,5.57
70248,215.5967,-80.1089,5.06
70264,215.6547,-58.4592,4.76
70270,215.6613,-48.3198,6.1
70300,215.7594,-39.5118,4.41
70306,215.7746,-27.7537,4.78
70310,215.7788,25.338,6.22
70319,215.8131,1.2427,6.25
70320,215.814,-47.417,6.41
70325,215.8344,-50.7722,6.03
70327,215.8448,8.4466,4.86
70336,215.8568,-11.7139,6.22
70363,215.9527,-53.1762,5.99
70384,216.0037,8.244,5.94
70385,216.0083,27.4132,6.39
70400,216.0475,5.8201,5.1
70414,216.0764,8.0848,6.19
70418,216.0924,-82.8482,6.42
70451,216.1702,-44.311,6.43
70452,216.1704,-11.6696,6.49
70469,216.2028,-24.8063,5.34
70492,216.2764,-68.1953,5.56
70497,216.3001,51.8517,4.04
70501,216.3235,-13.3532,6.49
70517,216.3714,38.3931,6.28
70528,216.4158,-66.1729,6.36
70538,216.4491,-26.8521,6.48
70574,216.5343,-45.2214,4.56
70576,216.545,-45.3793,4.33
70580,216.5564,-42.3185,6.33
70602,216.6142,19.2268,5.4
70626,216.7079,-39.8739,6.36
70638,216.7323,-83.6679,4.31
70657,216.7796,-65.8216,5.87
70663,216.8012,-46.1341,5.83
70680,216.8518,-6.1202,6.18
70692,216.8813,75.6959,4.25
70753,217.0435,-29.4916,4.97
70755,217.0509,-2.228,4.81
70762,217.0686,36.197,6.22
70791,217.1587,49.845,5.58
70794,217.1739,-6.9004,5.42
70798,217.1813,-59.1975,6.46
70809,217.2164,-47.992,6.4
70873,217.4028,41.7964,6.36
70874,217.4045,-76.729,6.06
70892,217.457,31.7912,6.06
70894,217.4605,0.8289,5.96
70915,217.5361,-45.3213,5.51
70931,217.5875,-49.5189,5.38
70949,217.6891,4.7723,6.01
70952,217.6929,63.1858,6.1
70966,217.7359,-40.8451,6.39
70987,217.7952,-38.8698,5.99
71002,217.8183,-67.7171,5.84
71040,217.9286,60.2256,6.26
71053,217.9577,30.3711,3.57
71075,218.0198,38.3079,3.04
71094,218.0845,26.6773,6.0
71111,218.1289,55.398,5.74
71115,218.1359,22.26,5.91
71121,218.1545,-50.4571,4.44
71154,218.2901,-30.715,6.07
71168,218.3344,36.9592,6.39
71182,218.3749,-52.6795,5.86
71184,218.3853,-54.9986,5.86
71196,218.4109,79.6602,6.27
71243,218.5485,32.5345,6.32
71251,218.5654,57.0658,6.46
71277,218.6605,36.6262,6.02
71280,218.6653,49.3682,5.74
71284,218.6695,29.7448,4.47
71295,218.7113,-20.4394,6.49
71333,218.8211,-60.0156,6.39
71352,218.8769,-42.1577,2.33
71353,218.8812,-41.5174,5.88
71406,219.0287,23.2503,6.39
71419,219.0794,-46.2455,5.55
71429,219.1006,-39.5973,6.13
71453,219.184,-40.2115,5.74
71469,219.2512,-12.3062,6.2
71494,219.3018,-53.0607,6.49
71500,219.334,-46.1334,5.39
71510,219.3687,2.2774,6.45
71530,219.445,-67.9313,6.03
71536,219.4719,-49.4258,4.05
71568,219.5528,43.6421,5.74
71571,219.5584,18.2985,5.9
71573,219.5634,54.0234,5.83
71581,219.5806,-38.7941,6.04
71618,219.7095,44.4045,5.39
71639,219.7959,-46.584,6.06
71658,219.8527,-49.055,6.37
71681,219.9141,-60.8395,1.35
71683,219.9204,-60.8351,-0.01
71729,220.0912,21.9758,6.13
71746,220.1366,-56.4407,6.3
71759,220.1765,13.5344,5.93
71762,220.1815,16.4183,4.49
71783,220.2559,-36.1348,5.67
71795,220.2872,13.7283,3.78
71832,220.4115,8.1618,4.86
71837,220.4317,11.6609,5.55
71853,220.4635,-30.9331,6.38
71857,220.476,21.1237,6.4
71860,220.4824,-47.3881,2.3
71861,220.4831,-58.6157,6.21
71865,220.4901,-37.7934,4.01
71870,220.499,-77.0114,6.34
71876,220.5132,61.262,6.24
71908,220.6279,-64.9746,3.18
71957,220.7648,-5.6574,3.87
71974,220.8065,-24.9977,5.7
71995,220.8557,26.5279,4.8
72000,220.8673,-62.9667,6.39
72010,220.9145,-35.1732,4.06
72012,220.9352,40.4592,5.72
72097,221.2315,-58.4774,6.1
72104,221.2466,-35.1918,4.92
72105,221.2469,27.0742,2.35
72121,221.2957,-55.6016,6.1
72122,221.2989,-1.4175,6.06
72124,221.307,32.7885,6.27
72125,221.3104,16.9644,4.6
72131,221.3219,-62.8755,5.36
72135,221.3285,-51.3149,6.44
72139,221.3357,18.8849,6.15
72154,221.376,0.7173,5.68
72194,221.4907,-15.4595,6.33
72197,221.5007,-25.4429,5.15
72208,221.525,15.1317,5.78
72210,221.5281,-23.1529,5.8
72217,221.5455,-21.1757,6.43
72220,221.5625,1.8929,3.73
72250,221.6209,-47.4411,5.74
72290,221.7555,-52.3833,5.22
72296,221.7711,-38.2904,5.9
72308,221.8025,-52.2052,6.07
72310,221.8069,-21.3249,6.05
72323,221.844,-25.6242,5.61
72338,221.8838,-43.5568,6.3
72357,221.9366,-26.0875,5.23
72370,221.9655,-79.0447,3.83
72373,221.9788,-12.8398,6.34
72378,221.9899,-26.6461,5.76
72412,222.0975,24.3667,6.15
72432,222.1586,-36.6346,5.89
72438,222.1857,-66.5935,5.91
72449,222.2254,-0.8477,6.15
72469,222.2789,37.8109,6.15
72471,222.2799,-56.6675,6.21
72487,222.3278,46.1164,5.76
72488,222.3282,-24.2515,5.68
72489,222.3295,-14.149,5.32
72508,222.3849,51.3745,6.49
72518,222.4044,-68.9362,6.5
72524,222.4223,48.7206,5.68
72552,222.4933,28.6158,5.8
72567,222.5655,23.9118,5.86
72571,222.5728,-27.9602,4.42
72573,222.5818,82.5125,5.63
72582,222.6242,37.2718,5.47
72603,222.6719,-15.9971,5.15
72607,222.6766,74.1555,2.07
72622,222.7199,-16.0416,2.75
72629,222.7505,-0.2575,6.18
72631,222.7543,-2.2988,4.93
72659,222.847,19.1006,4.54
72664,222.8607,59.2937,5.48
72670,222.8753,-77.1759,6.44
72683,222.9097,-43.5753,4.32
72702,222.9638,-18.3553,6.27
72772,223.1389,-30.5772,6.3
72773,223.147,-63.8098,5.91
72800,223.2129,-37.8031,5.02
72833,223.3064,-73.1902,5.59
72846,223.3473,15.7051,6.41
72848,223.3502,19.1523,6.0
72929,223.5839,-24.6421,5.27
72934,223.5954,-11.8983,5.78
72959,223.658,-33.3006,5.85
72965,223.6775,-65.9911,6.09
72983,223.7252,-69.8609,6.38
73036,223.8946,-60.1139,5.18
73049,223.9362,-33.8558,5.32
73068,223.9943,32.3001,6.12
73087,224.0552,14.4463,5.9
73095,224.0718,-52.8096,5.38
73100,224.0956,49.629,5.63
73107,224.1286,-32.6367,6.06
73111,224.1337,-47.8791,5.62
73116,224.1491,-39.416,6.36
73118,224.1598,-62.3644,6.39
73129,224.1833,-62.781,5.08
73133,224.1921,-11.4097,5.48
73156,224.265,21.5555,6.5
73165,224.2961,-4.3461,4.47
73166,224.2987,16.3881,5.72
73171,224.3072,-29.1576,6.28
73184,224.364,-21.4113,5.72
73193,224.3884,-0.1675,5.51
73199,224.3963,65.9324,4.63
73223,224.4715,-76.6626,5.37
73241,224.5367,-48.8622,6.34
73273,224.6331,-43.1339,2.68
73279,224.6524,-39.907,6.17
73284,224.6637,-27.6573,5.65
73309,224.7208,-4.989,6.08
73310,224.7235,-11.1439,5.88
73334,224.7904,-42.1041,3.13
73341,224.8081,-37.8812,6.45
73350,224.8463,4.5678,5.91
73354,224.8633,-43.1598,6.1
73369,224.904,39.2652,5.64
73394,224.9824,-75.0326,6.2
73415,225.0472,-77.1605,5.92
73454,225.1614,47.2774,6.35
73464,225.2178,22.0456,6.29
73473,225.2433,-8.5189,4.91
73493,225.3045,-38.0583,5.88
73497,225.3325,-2.7549,5.52
73507,225.363,60.2044,5.91
73536,225.4538,-0.1403,5.71
73540,225.4613,-83.2278,5.65
73555,225.4866,40.3906,3.49
73559,225.4921,-34.3588,6.21
73566,225.5266,-28.0605,5.83
73568,225.5271,25.0083,4.8
73571,225.5358,-7.5753,6.38
73620,225.7253,2.0913,4.39
73624,225.747,-32.6432,5.45
73634,225.7753,35.2058,5.52
73695,225.9487,47.654,4.83
73706,225.9906,65.9197,6.22
73714,226.0178,-25.2819,3.25
73745,226.1119,26.9477,4.52
73764,226.1788,-40.8612,6.29
73771,226.1957,-83.0383,5.65
73776,226.2002,-64.0314,5.16
73807,226.2796,-47.0512,3.91
73826,226.3298,-41.0672,5.13
73841,226.3579,48.1509,5.59
73850,226.3912,-30.5511,6.48
73881,226.5101,-48.8834,6.48
73901,226.5581,-36.2646,6.27
73909,226.5695,54.5563,5.24
73927,226.6129,-22.0317,6.13
73937,226.6384,-30.9184,5.97
73941,226.6466,36.456,6.35
73945,226.6567,-16.2568,5.19
73953,226.7046,-16.4843,6.41
73966,226.7332,-52.0297,6.4
73996,226.8248,24.8696,4.93
74000,226.8348,18.4419,6.03
74006,226.8581,-49.0886,5.77
74026,226.918,5.4981,6.16
74044,226.984,-61.1287,6.49
74047,226.9865,-65.2754,6.18
74066,227.0506,-40.5839,5.75
74083,227.0814,50.055,6.33
74087,227.0991,26.3012,5.67
74096,227.1482,25.1086,5.82
74100,227.1634,-42.8679,5.85
74117,227.211,-45.2798,4.07
74121,227.2231,13.2351,6.16
74181,227.3564,-63.6429,6.25
74184,227.3747,-67.0841,5.76
74224,227.5306,-38.7925,5.98
74239,227.5777,-26.3326,5.75
74272,227.685,67.7811,6.18
74273,227.6874,-61.4223,6.29
74296,227.7866,-84.7878,5.88
74305,227.8166,-55.346,5.45
74336,227.8951,-45.2775,6.44
74376,227.984,-48.7377,3.88
74380,227.9907,-48.7436,5.7
74386,228.0178,18.976,5.9
74391,228.0502,-19.1064,6.49
74392,228.0555,-19.7916,4.54
74395,228.0717,-52.0991,3.41
74418,228.1301,-48.2189,6.32
74421,228.1417,-72.7706,6.02
74441,228.1966,10.7025,6.5
74449,228.2067,-44.5004,4.83
74470,228.2543,-61.7438,6.27
74479,228.282,-36.0914,6.09
74490,228.3226,-24.0083,6.47
74493,228.3301,-19.6475,6.07
74500,228.3705,-25.3092,6.47
74505,228.3827,22.9832,6.31
74514,228.3983,38.2648,6.19
74539,228.4722,-26.1936,5.84
74552,228.4966,-61.3429,6.36
74561,228.5251,31.7879,5.98
74571,228.5429,42.1714,6.12
74582,228.5799,-70.0795,5.75
74596,228.6217,29.1642,5.28
74600,228.6407,-17.7685,6.18
74604,228.6555,-31.5191,4.91
74605,228.6583,67.3477,5.15
74623,228.7109,-5.5026,6.28
74649,228.7974,4.9394,5.32
74666,228.8754,33.3151,3.46
74689,228.9547,0.3721,5.62
74690,228.9612,50.9386,6.47
74695,228.9732,6.4649,6.47
74696,228.9736,-48.0736,5.96
74707,229.0168,-41.4911,5.15
74716,229.0436,-43.485,6.05
74732,229.096,-22.3994,5.52
74750,229.1529,-60.904,5.74
74769,229.216,-47.8645,6.46
74775,229.2295,-46.2023,6.44
74778,229.2371,-60.9572,5.04
74785,229.252,-9.3829,2.61
74793,229.2745,71.8239,5.02
74824,229.379,-58.8009,4.07
74837,229.412,-63.6105,4.85
74857,229.4577,-30.1487,4.35
74875,229.5391,-41.0611,6.3
74895,229.5942,0.9395,6.5
74896,229.6021,20.5728,5.68
74901,229.6089,-0.4612,5.88
74911,229.6335,-47.8752,4.27
74929,229.6721,-31.2093,6.18
74941,229.7048,-60.4963,5.43
74946,229.7279,-68.6795,2.87
74950,229.735,-40.7882,5.59
74975,229.8274,1.7667,5.04
75000,229.8753,32.5149,6.33
75003,229.8824,-37.0968,6.19
75043,230.0214,51.9585,5.65
75049,230.036,29.6163,5.51
75091,230.169,-67.4815,6.27
75093,230.1735,44.4346,6.14
75097,230.1823,71.834,3.0
75101,230.1966,-2.4129,6.34
75110,230.2237,-18.1585,6.16
75118,230.2557,-15.5484,6.14
75119,230.2584,0.7156,5.35
75125,230.2787,24.9581,6.36
75127,230.2818,-5.8248,5.54
75141,230.3431,-40.6475,3.22
75164,230.3971,-40.7494,6.21
75177,230.4518,-36.2612,3.57
75178,230.4525,32.9337,5.38
75181,230.4566,-48.317,5.65
75206,230.535,-47.9275,4.99
75230,230.5968,12.5675,6.29
75256,230.6552,62.0472,5.99
75257,230.6557,39.5815,5.56
75260,230.6601,63.3417,5.72
75264,230.6704,-44.6896,3.37
75272,230.6883,-29.3419,6.5
75294,230.7574,-15.1341,6.46
75304,230.789,-36.8584,4.54
75308,230.7942,-60.6571,5.65
75312,230.8009,30.2882,4.99
75323,230.8444,-59.3207,4.48
75324,230.8542,-46.1404,6.49
75342,230.9319,-1.0223,6.11
75352,230.9678,-12.3694,5.72
75369,231.0214,45.271,6.07
75379,231.0497,-10.3219,4.92
75411,231.1231,37.377,4.31
75439,231.1876,-39.7101,5.36
75458,231.2324,58.966,3.29
75501,231.3344,-38.7336,4.6
75530,231.4475,15.4281,5.16
75535,231.4721,19.4807,6.26
75565,231.5605,-68.3092,5.89
75572,231.5728,34.3358,5.46
75587,231.6341,54.0203,6.44
75647,231.8256,-36.7675,5.46
75665,231.8879,-64.5315,5.71
75674,231.912,25.1017,6.01
75695,231.9577,29.1055,3.66
75696,231.9643,60.6702,5.9
75730,232.0642,-16.7164,5.64
75736,232.0862,-88.1328,6.49
75742,232.1134,-51.5979,6.1
75761,232.1595,1.8422,5.15
75770,232.185,47.2015,6.15
75788,232.2368,55.1948,6.45
75790,232.2445,-28.8668,6.43
75810,232.3006,16.3955,6.38
75818,232.3304,-38.6348,6.44
75822,232.338,62.0996,6.32
75828,232.3512,-46.7327,5.26
75915,232.5888,-41.919,6.23
75919,232.5949,31.286,6.45
75939,232.651,-20.7285,6.2
75944,232.6683,-16.6095,5.82
75959,232.705,-71.6541,6.39
75973,232.7323,40.8331,5.04
75974,232.733,64.2085,5.74
76006,232.843,36.6167,6.39
76008,232.8544,77.3493,5.0
76013,232.8784,-73.3895,5.4
76033,232.931,-20.1648,6.28
76041,232.9458,40.8994,4.98
76048,232.9593,-32.8811,6.49
76063,233.0176,-38.6224,6.23
76069,233.0403,16.0562,6.22
76106,233.153,-19.6704,5.5
76126,233.2301,-16.8528,5.53
76127,233.2325,31.3592,4.14
76133,233.2414,-1.1863,5.5
76143,233.2897,-24.4903,6.26
76165,233.3512,-40.4907,6.4
76198,233.4697,17.1375,6.49
76207,233.5072,-40.0663,5.82
76219,233.5438,-10.064,4.61
76234,233.587,-39.3491,6.36
76243,233.6106,-9.1833,5.16
76259,233.6555,-28.0469,5.13
76267,233.6716,26.7149,2.22
76276,233.7008,10.5389,3.8
76297,233.7853,-41.1667,2.8
76307,233.8121,39.01,5.14
76311,233.8176,53.9221,5.97
76333,233.8814,-14.7896,3.91
76337,233.8887,17.6556,6.1
76366,233.9549,38.3739,6.3
76371,233.9719,-44.9583,4.55
76372,233.9724,11.2657,6.04
76376,233.9878,54.6306,5.77
76395,234.0474,-33.0927,6.26
76397,234.0506,-44.3967,5.44
76424,234.1216,16.1191,5.93
76425,234.1231,10.0105,5.26
76440,234.1799,-66.3169,4.11
76456,234.2224,29.9913,6.46
76470,234.2561,-28.1351,3.6
76503,234.3688,-26.2798,6.19
76509,234.3835,54.5088,5.85
76519,234.4134,69.2832,5.65
76532,234.4502,-23.1415,5.79
76534,234.4565,40.3533,5.25
76552,234.5138,-42.5675,4.34
76567,234.5658,-28.2066,6.32
76568,234.5673,46.798,5.76
76569,234.5677,-21.0162,5.82
76594,234.6425,50.4234,5.84
76600,234.6641,-29.7777,3.66
76603,234.667,-8.7914,6.45
76608,234.6757,-39.1277,6.05
76617,234.7036,34.6751,6.12
76618,234.7063,-52.3726,5.43
76628,234.7271,-19.3017,5.36
76651,234.7897,57.9244,6.45
76664,234.8276,-77.9177,6.19
76666,234.8391,-23.1502,6.33
76669,234.8445,36.6358,4.64
76705,234.9416,-34.4119,4.66
76716,234.9862,-59.9078,5.95
76733,235.0432,12.053,6.22
76736,235.0484,-70.2277,6.45
76739,235.0648,-31.2137,6.35
76742,235.0704,-23.8181,4.97
76750,235.089,-73.4466,5.64
76809,235.2427,-47.736,6.21
76810,235.2462,16.0246,6.0
76829,235.298,-44.6606,4.64
76852,235.3879,19.6705,4.51
76866,235.4475,12.8475,5.34
76877,235.4779,-76.0819,5.95
76878,235.4782,18.4639,5.8
76880,235.4867,-19.6786,4.75
76935,235.6551,-49.4895,6.02
76939,235.6598,-37.4249,5.23
76945,235.671,-34.7103,4.75
76952,235.686,26.2955,3.81
76957,235.7118,52.3608,5.48
76985,235.7939,13.6678,6.48
76996,235.8171,-84.4655,5.57
77007,235.8536,-15.043,6.3
77042,235.9803,-60.2872,6.46
77048,235.9972,32.5158,5.57
77052,236.0077,2.5155,5.86
77055,236.0144,77.7945,4.29
77060,236.0184,-15.6727,5.41
77070,236.0666,6.4255,2.63
77086,236.0945,-41.819,5.93
77111,236.1756,17.2642,6.15
77138,236.2484,-50.7854,6.41
77163,236.3478,5.4473,5.57
77186,236.4146,0.891,6.32
77227,236.5235,-1.8041,5.39
77233,236.5467,15.4219,3.65
77235,236.5537,-28.0614,6.49
77257,236.6114,7.3532,4.42
77272,236.6453,55.4746,5.94
77277,236.6665,62.5997,5.19
77286,236.6843,-34.6824,5.61
77287,236.6893,-6.1204,6.24
77336,236.8223,14.1153,5.71
77350,236.8568,-40.1941,6.41
77358,236.8725,-37.9158,6.01
77370,236.908,55.3766,5.85
77390,236.9712,-65.4422,5.54
77397,237.0075,31.7357,6.41
77412,237.0555,13.7893,5.98
77442,237.1434,28.1568,5.89
77450,237.185,18.1418,4.09
77454,237.2101,-52.4382,6.05
77464,237.2367,-3.8185,5.53
77512,237.3987,26.0685,4.59
77516,237.4053,-3.4301,3.54
77541,237.4897,-48.9124,5.86
77562,237.5296,-53.2097,5.78
77574,237.5678,-45.4016,6.11
77578,237.573,2.1966,5.21
77622,237.7037,4.4776,3.71
77634,237.7398,-33.6271,3.97
77635,237.7448,-25.7512,4.63
77645,237.7784,-55.0555,5.74
77655,237.8081,35.6582,4.79
77660,237.8152,-3.0904,5.09
77661,237.8164,20.9779,4.74
77678,237.8813,-47.0607,6.0
77689,237.91,-14.1336,6.2
77729,238.0537,-29.8863,6.39
77738,238.0691,55.8266,5.81
77760,238.1675,42.45,4.6
77782,238.234,17.4032,6.29
77801,238.3008,13.198,6.07
77811,238.3336,-20.167,5.04
77817,238.3456,-62.6065,6.22
77835,238.3952,16.075,6.21
77840,238.403,-25.3271,4.59
77853,238.4562,-16.7296,4.13
77858,238.4747,-24.5331,5.38
77859,238.4828,-23.978,5.41
77900,238.6255,-27.3386,6.15
77902,238.6444,20.3109,5.45
77907,238.6578,43.1384,5.35
77909,238.6647,-25.2437,5.87
77910,238.6678,8.5803,6.28
77927,238.7193,-60.7436,6.14
77939,238.7515,-19.3829,5.95
77952,238.7867,-63.4297,2.83
77982,238.8734,-68.603,5.11
77984,238.8754,-26.2659,5.63
77985,238.8771,-31.0837,6.21
77986,238.8775,42.5662,5.73
77990,238.8851,-60.1775,5.78
77995,238.9161,18.6208,6.26
78012,238.9482,37.9468,5.43
78017,238.9569,58.9117,6.31
78045,239.0248,-60.4823,5.76
78046,239.0285,-39.8643,6.04
78058,239.0583,-31.7859,6.29
78059,239.06,-14.3992,6.32
78072,239.1125,15.6647,3.85
78078,239.1389,-14.8294,6.11
78104,239.2212,-29.214,3.87
78105,239.2228,-33.966,5.14
78106,239.2254,-33.9642,5.59
78117,239.2665,-48.1619,6.31
78132,239.311,14.4143,5.54
78142,239.3389,-36.1853,5.78
78153,239.3745,39.695,6.3
78159,239.3971,26.878,4.14
78168,239.4186,-20.983,5.84
78180,239.4483,54.7495,4.96
78207,239.5474,-14.2793,4.95
78236,239.6284,-37.5038,6.31
78246,239.6453,-24.8314,5.43
78265,239.713,-26.114,2.89
78276,239.7404,36.6437,5.61
78279,239.7423,-65.0376,5.74
78286,239.7682,49.8812,6.04
78323,239.8762,-41.7444,4.99
78355,239.9756,-54.0209,6.1
78360,239.9797,-78.0271,6.4
78384,240.0306,-38.3966,3.42
78400,240.0832,-16.5324,5.47
78401,240.0834,-22.6216,2.29
78436,240.1985,-8.4113,5.53
78442,240.2132,4.4272,5.82
78445,240.2237,-40.4356,6.21
78459,240.2617,33.3054,5.39
78469,240.2771,-54.5778,6.12
78476,240.2947,-63.7765,6.42
78481,240.3098,17.818,5.1
78486,240.3315,-31.8891,6.33
78493,240.3608,29.8511,4.98
78527,240.4738,58.5644,4.01
78540,240.5187,-51.1207,6.38
78542,240.5232,52.916,5.93
78554,240.5737,22.8044,4.82
78575,240.6642,-29.1358,6.07
78592,240.6994,46.0369,4.72
78603,240.7189,-62.5415,6.25
78632,240.789,59.4108,6.19
78639,240.8036,-49.2297,4.65
78649,240.8307,36.6318,5.79
78650,240.8361,-25.8651,4.96
78655,240.8508,-38.6025,4.9
78661,240.8808,76.7939,5.73
78662,240.8843,-57.7749,4.63
78665,240.8933,-32.0005,6.0
78685,240.9405,4.9868,6.07
78699,240.9779,-24.7263,6.22
78710,241.0258,-59.1762,6.4
78726,241.0743,-33.2136,6.1
78731,241.0889,-53.7103,6.46
78747,241.1538,-37.8627,5.91
78820,241.3593,-19.8054,2.56
78821,241.3607,-19.8018,4.9
78840,241.4081,8.0962,6.27
78849,241.4355,-6.2911,6.35
78868,241.4828,-72.4011,5.7
78870,241.4993,-6.1397,6.39
78877,241.5266,-23.6062,5.9
78893,241.5822,67.81,5.44
78914,241.6226,-45.1733,4.73
78918,241.6482,-36.8022,4.22
78933,241.7018,-20.6691,3.93
78955,241.7647,-14.0713,6.32
78970,241.8174,-36.7555,5.72
78985,241.8424,21.8227,6.15
78989,241.8504,-56.191,6.16
78990,241.8513,-20.8687,4.31
79005,241.9018,-12.7453,5.75
79007,241.9065,9.8918,5.63
79031,241.9662,-24.4623,6.32
79043,242.0189,17.047,5.0
79045,242.0207,17.0545,6.25
79050,242.0313,-26.3267,5.35
79072,242.117,8.5343,5.69
79086,242.1522,8.6132,6.47
79098,242.1822,-23.6854,5.86
79101,242.1925,44.9348,4.23
79102,242.1943,17.2057,6.13
79119,242.243,36.4901,4.73
79120,242.2454,3.4544,5.93
79125,242.2622,57.9378,6.33
79137,242.2961,6.3805,5.93
79153,242.3273,-57.9342,5.57
79164,242.3584,55.8289,6.43
79173,242.3823,-32.6489,6.18
79195,242.4606,-3.4667,5.39
79199,242.4692,-33.5457,5.5
79203,242.4805,-18.3405,6.43
79208,242.4966,-62.967,6.5
79280,242.7064,75.8775,5.48
79302,242.7589,-29.416,5.09
79320,242.824,-41.1195,5.86
79332,242.8697,16.6657,6.09
79349,242.9085,23.4948,5.74
79350,242.915,33.3427,6.3
79357,242.9484,42.3745,5.89
79358,242.9503,36.4252,5.62
79374,242.9989,-19.4606,4.0
79375,243.0,-10.0642,4.93
79385,243.0273,39.0556,6.39
79387,243.0304,-8.5476,5.43
79399,243.0669,-28.4172,5.67
79404,243.0759,-27.9263,4.58
79414,243.1057,67.1443,6.21
79420,243.1342,75.2106,6.36
79441,243.1893,26.6707,6.48
79463,243.2358,-4.2208,6.26
79488,243.3142,5.0211,5.46
79490,243.3207,-53.6712,6.03
79497,243.345,-55.5408,5.78
79509,243.3697,-54.6304,4.95
79522,243.4109,-1.4751,6.45
79530,243.4396,-24.422,6.4
79540,243.4621,-11.8377,5.24
79581,243.5566,5.9019,6.3
79593,243.5865,-3.694,2.73
79596,243.5932,-33.011,5.91
79599,243.6204,-21.1076,6.41
79601,243.6394,73.3948,6.02
79605,243.6638,-18.5353,6.32
79607,243.671,33.8588,5.23
79622,243.7227,-25.4769,6.06
79653,243.8139,-47.3719,5.13
79661,243.8499,-42.8994,6.14
79664,243.8594,-63.6856,3.86
79666,243.8695,18.8083,5.72
79672,243.9047,-8.3682,5.49
79686,243.9473,27.4222,6.14
79689,243.9575,-57.9122,5.61
79692,243.9645,-14.8491,6.09
79754,244.1803,-53.8111,5.45
79757,244.1865,29.1503,5.8
79781,244.2303,-3.9534,6.18
79787,244.2458,-53.696,6.4
79788,244.2467,-20.1041,6.4
79790,244.2539,-50.0681,4.97
79797,244.2728,-67.9411,5.95
79804,244.3139,59.755,5.37
79812,244.3374,-53.0863,6.3
79822,244.3771,75.7547,4.95
79834,244.4307,1.4967,6.5
79867,244.5409,68.5544,6.39
79881,244.5747,-28.6138,4.8
79882,244.5802,-4.6926,3.23
79938,244.7518,-14.8728,5.97
79945,244.7821,-20.218,6.29
79953,244.7968,49.0381,5.93
79963,244.8235,-42.6739,5.44
79980,244.8862,-30.9068,5.53
79992,244.9352,46.3133,3.91
80000,244.9607,-50.1554,4.01
80008,244.9802,39.7086,5.48
80021,245.0179,21.1327,6.04
80047,245.0868,-78.6957,4.68
80054,245.1051,-55.1397,5.76
80057,245.1119,-78.6674,5.27
80066,245.1359,-39.4302,6.11
80079,245.1591,-24.1693,4.55
80112,245.2972,-25.5928,2.9
80161,245.4531,69.1094,5.26
80170,245.4802,19.153,3.74
80179,245.5185,1.0289,4.82
80181,245.5245,30.8917,4.86
80197,245.5893,33.7991,5.2
80208,245.6167,-49.5723,5.32
80212,245.6211,-43.912,5.89
80214,245.6218,33.7034,5.4
80227,245.6621,-2.0799,6.24
80247,245.7353,32.333,6.41
80309,245.9466,61.6964,5.67
80324,245.9864,-33.1993,6.45
80331,245.9979,61.5141,2.73
80337,246.0051,-39.193,5.37
80343,246.0258,-20.0372,4.48
80351,246.0451,6.9482,5.83
80375,246.1055,55.205,5.75
80390,246.1324,-37.566,5.42
80399,246.1655,-29.7045,5.4
80421,246.2256,-45.3495,6.32
80455,246.3423,-63.1252,6.14
80460,246.3507,37.3941,5.53
80463,246.3539,14.0334,4.57
80473,246.3963,-23.4471,4.57
80480,246.4314,78.9636,5.55
80514,246.5476,11.4075,6.11
80558,246.7086,2.348,6.06
80569,246.756,-18.4562,4.22
80582,246.796,-47.5547,4.46
80610,246.8844,2.8707,6.35
80620,246.9311,-7.5976,5.24
80628,246.9509,-8.3717,4.62
80645,246.9886,-64.058,5.28
80650,246.9961,68.7681,4.94
80672,247.0602,-37.1798,5.79
80675,247.0633,-58.5997,5.67
80682,247.0882,67.044,6.45
80686,247.1158,-70.0847,4.9
80693,247.1416,0.6652,5.41
80704,247.1605,41.8817,4.83
80708,247.1765,0.0551,6.46
80710,247.1809,51.4077,6.31
80719,247.2041,-8.1287,6.49
80763,247.3519,-26.4319,1.06
80782,247.4264,-46.2432,5.35
80788,247.4384,-57.7563,6.09
80793,247.4454,-14.5509,5.66
80809,247.5253,48.9612,6.44
80815,247.552,-25.1152,4.79
80816,247.5553,21.4896,2.78
80840,247.6251,-7.5145,6.46
80843,247.64,20.4793,5.24
80850,247.6628,77.4459,6.35
80874,247.7057,-61.6335,5.19
80883,247.7285,1.9841,3.82
80888,247.7616,35.2251,6.25
80894,247.785,-16.6126,4.29
80898,247.806,22.1954,5.76
80910,247.8453,-26.5376,6.07
80911,247.8456,-34.7043,4.24
80920,247.8679,72.6122,6.27
80945,247.924,-41.8171,5.31
80953,247.9468,45.5982,5.61
80975,248.0341,-21.4665,4.45
80991,248.1069,60.8233,5.92
81007,248.1487,5.5212,5.63
81008,248.1517,11.4882,4.84
81065,248.3644,-78.897,3.86
81122,248.5209,-44.0453,4.86
81126,248.5258,42.4369,4.2
81141,248.5807,-70.9881,5.5
81198,248.7824,-45.2442,6.43
81231,248.8596,17.0573,6.42
81252,248.9365,-65.4953,5.5
81266,248.9707,-28.216,2.82
81289,249.0467,46.6133,5.83
81290,249.0476,52.9,5.53
81292,249.0572,52.9244,5.07
81300,249.0883,-2.3238,5.77
81304,249.0936,-35.2554,4.18
81305,249.094,-42.8589,5.46
81337,249.179,15.4975,6.36
81358,249.2291,63.073,6.17
81377,249.2897,-10.5672,2.54
81404,249.3907,5.2776,6.48
81425,249.4501,13.6872,6.3
81428,249.47,78.9186,6.33
81437,249.5019,56.0154,5.28
81440,249.5065,-6.538,6.05
81472,249.6096,-43.3984,5.83
81497,249.687,48.9283,4.86
81499,249.6989,-8.6186,6.44
81507,249.7196,-60.9903,6.16
81523,249.7718,-37.2173,5.93
81580,249.913,-9.5542,6.33
81632,250.1438,-20.4087,6.25
81641,250.1612,4.2198,5.77
81650,250.185,-51.4786,6.3
81657,250.2101,-60.4463,6.17
81659,250.214,12.3951,6.08
81660,250.2297,64.5891,4.84
81663,250.2351,-8.3096,6.47
81670,250.2525,24.8587,6.07
81687,250.2981,-1.0003,6.25
81691,250.3198,1.2455,6.4
81693,250.3228,31.6019,2.81
81702,250.3351,-48.763,5.57
81710,250.3464,-68.2961,5.89
81724,250.3933,-17.7422,4.91
81728,250.4009,-24.4679,6.07
81729,250.4029,26.917,5.92
81733,250.4176,-49.6515,5.62
81734,250.4273,1.1811,5.74
81741,250.4396,-33.1456,5.84
81754,250.4736,-19.9245,5.55
81800,250.6154,49.9367,6.48
81803,250.6213,-37.0791,6.47
81823,250.7017,-62.5539,6.23
81833,250.7239,38.9225,3.48
81840,250.7433,55.6899,6.18
81847,250.7649,-46.0703,6.22
81852,250.7726,-77.5166,4.23
81854,250.7756,77.5135,5.99
81873,250.8421,-67.4323,6.02
81891,250.9114,-32.1059,6.46
81903,250.9404,-41.1191,6.21
81904,250.9483,-38.1562,6.05
81911,250.9656,34.0387,6.02
81914,250.9754,-41.1133,6.14
81966,251.1656,-53.1523,5.96
81972,251.1775,-40.8396,5.64
81992,251.2509,-28.5097,5.99
82012,251.2992,43.2173,6.07
82020,251.3241,56.7817,4.84
82028,251.3438,15.7454,5.6
82037,251.3737,1.0201,6.02
82073,251.4579,8.5826,5.15
82080,251.4923,82.0373,4.21
82091,251.5266,-46.5319,6.47
82110,251.5884,-58.5036,5.74
82129,251.6667,-67.1097,5.1
82135,251.6999,-39.3769,5.48
82162,251.7907,2.0646,6.07
82171,251.8319,-58.3414,5.55
82172,251.8323,42.239,5.86
82216,251.9435,5.2468,5.22
82241,252.037,13.5903,6.38
82259,252.1124,-14.9094,6.03
82273,252.1661,-69.0276,1.91
82321,252.3092,45.9834,4.82
82339,252.3653,-15.668,6.18
82350,252.3945,13.2612,5.91
82355,252.4191,43.4305,6.18
82363,252.4463,-59.0413,3.77
82369,252.4582,-10.7828,4.64
82396,252.5427,-34.2926,2.29
82402,252.5806,7.2477,5.48
82405,252.5927,-2.6542,6.32
82418,252.6504,-50.0449,6.45
82419,252.6506,41.8963,6.29
82422,252.6623,29.8065,5.73
82426,252.6797,32.5536,6.16
82453,252.7502,-37.5145,6.1
82480,252.8539,1.216,5.51
82493,252.8905,-41.2305,5.23
82504,252.9386,24.6564,5.03
82514,252.9677,-38.0473,3.0
82517,252.9745,-65.3754,6.12
82539,253.0741,-67.6815,6.33
82543,253.0802,-41.8545,6.36
82545,253.084,-38.0175,3.56
82554,253.1143,-40.7231,6.35
82587,253.2422,31.7017,5.34
82611,253.3233,47.4165,5.99
82621,253.3552,-20.4155,5.86
82650,253.4268,-43.0509,5.95
82669,253.4952,-41.9943,6.28
82671,253.4989,-42.362,4.7
82672,253.5017,-57.9092,5.91
82673,253.5021,10.1654,4.39
82676,253.5077,-41.8064,5.46
82691,253.5419,-41.825,6.07
82693,253.5442,-1.6121,6.25
82716,253.6123,-42.4789,5.84
82723,253.6315,-49.7108,6.49
82729,253.6463,-42.3608,3.62
82730,253.6488,-6.1539,5.23
82731,253.6497,-30.5873,6.34
82764,253.7297,20.9585,5.39
82775,253.7438,-41.1509,5.78
82780,253.759,25.7307,6.06
82783,253.7639,-42.0908,6.3
82798,253.8165,13.62,6.35
82802,253.8427,18.4332,5.35
82806,253.8528,-63.2696,5.99
82855,253.9906,-33.5069,6.29
82860,254.0057,65.1347,4.88
82861,254.0075,-16.8063,6.33
82868,254.0369,-50.6748,6.3
82880,254.0697,73.1279,6.29
82898,254.1055,65.039,6.4
82902,254.12,-52.2836,5.94
82911,254.1499,-40.8235,6.18
82925,254.2002,-23.1503,5.57
82944,254.2544,-71.1116,6.46
82951,254.2666,-19.5398,6.27
82960,254.2966,-33.2595,5.48
82979,254.3583,-10.9632,6.15
82987,254.3793,25.3528,6.27
82989,254.3837,13.8839,6.38
83000,254.4178,9.3751,3.19
83007,254.4263,24.3813,6.35
83013,254.4591,42.5126,6.36
83057,254.5748,-50.6411,5.53
83081,254.6551,-55.9901,3.12
83090,254.6732,-14.8696,6.48
83100,254.7177,-37.6204,6.05
83114,254.7607,69.1863,6.41
83138,254.8399,56.6885,6.04
83150,254.8916,-69.2681,5.79
83153,254.896,-53.1605,4.06
83176,254.9904,-25.0922,5.88
83187,255.0262,-54.597,5.64
83196,255.0395,-24.9889,5.74
83202,255.0594,-44.9885,6.5
83207,255.0725,30.9263,3.92
83216,255.1124,-48.6476,5.98
83235,255.1541,-35.934,5.95
83254,255.2423,22.6322,5.69
83255,255.2435,-86.3643,6.05
83262,255.2651,-4.2225,4.82
83269,255.2793,-56.555,6.4
83289,255.3207,60.6487,6.16
83308,255.3877,14.9497,6.27
83313,255.4015,33.5683,5.27
83317,255.417,75.2977,6.17
83321,255.4432,-51.1309,6.43
83323,255.4475,-58.9582,6.26
83331,255.4636,-18.8855,6.28
83336,255.4694,-32.1434,5.03
83342,255.4957,8.4507,6.33
83359,255.5657,64.6007,6.11
83365,255.5712,31.8841,6.41
83367,255.5778,25.5054,5.76
83430,255.7827,14.0921,4.97
83431,255.7863,-53.2366,5.27
83462,255.8758,35.4142,6.19
83478,255.9138,13.6054,5.91
83481,255.9237,-47.1606,6.07
83491,255.962,-38.1525,5.91
83493,255.9695,19.6905,6.35
83494,255.9734,34.7902,6.08
83499,255.9865,-37.8442,6.48
83504,255.9918,13.5677,6.06
83535,256.103,-57.7121,5.73
83556,256.1404,-68.2786,6.47
83565,256.1722,19.5991,6.19
83567,256.1889,-20.4946,6.29
83574,256.2056,-34.1229,4.83
83575,256.2073,48.8041,6.11
83593,256.2706,43.8122,6.45
83594,256.2725,-45.502,6.28
83601,256.3201,0.7034,6.0
83608,256.3341,54.4699,4.91
83613,256.3444,12.7409,4.89
83635,256.3844,-0.8921,5.63
83650,256.4519,-44.1051,6.18
83677,256.5402,9.7339,6.38
83684,256.5492,-21.5644,6.29
83688,256.5543,10.4539,6.38
83692,256.5755,22.0842,5.56
83693,256.5841,-37.2275,5.98
83706,256.6182,-35.451,6.15
83738,256.7206,-1.6561,6.34
83740,256.7218,-26.513,6.26
83816,256.9446,40.5161,6.34
83834,257.0029,31.2062,6.44
83838,257.0087,35.9352,5.41
83853,257.0569,-1.0794,6.06
83854,257.0619,-17.609,5.98
83857,257.0712,50.8422,6.46
83895,257.1968,65.7146,3.17
83896,257.1981,-30.4036,5.93
83906,257.2273,-3.8826,6.35
83947,257.3887,40.777,5.07
83962,257.4497,-10.523,5.43
83984,257.5262,-61.6754,6.37
84012,257.5944,-15.7251,2.43
84021,257.6277,52.4088,6.3
84033,257.6765,-44.5576,5.06
84054,257.7632,24.2376,6.2
84105,257.9111,-48.8734,5.94
84108,257.9177,49.7463,6.12
84113,257.9384,7.8947,6.34
84143,258.0382,-43.2385,3.32
84150,258.0676,-39.5068,5.66
84151,258.069,-38.8224,6.3
84158,258.0827,-70.7209,6.21
84175,258.1044,-27.762,6.12
84177,258.1159,10.5852,5.32
84183,258.1357,62.8742,5.54
84226,258.244,-32.4383,5.95
84248,258.3255,-67.1964,5.87
84311,258.5559,-56.8885,6.08
84332,258.6152,-39.7666,6.42
84345,258.6619,14.3903,2.78
84379,258.758,24.8396,3.12
84380,258.7619,36.8092,3.16
84401,258.8302,-33.5484,5.6
84402,258.8346,-14.5841,5.98
84405,258.8387,-26.6,4.33
84425,258.9003,-38.593,5.95
84431,258.9229,23.7427,5.99
84445,258.964,-30.2106,6.2
84478,259.057,-26.5434,6.33
84479,259.0594,2.1862,6.17
84489,259.0903,-35.7495,6.09
84496,259.1227,60.6706,6.32
84500,259.1322,1.2106,5.89
84510,259.1487,-74.5329,6.24
84514,259.1529,-0.4451,4.72
84524,259.1781,-6.245,6.08
84535,259.2386,89.0377,6.31
84551,259.2655,-32.6627,5.53
84556,259.2731,-44.7786,6.46
84573,259.3315,33.1001,4.8
84599,259.3994,23.0906,6.25
84606,259.4179,37.2913,4.64
84626,259.503,-24.2869,5.14
84631,259.5206,17.3179,6.0
84649,259.5803,-16.3119,6.28
84650,259.5855,-32.5531,6.36
84656,259.597,38.8112,5.97
84671,259.6541,10.8647,5.03
84690,259.6993,-44.1297,5.76
84691,259.7021,28.823,5.68
84700,259.7158,-62.8745,6.5
84709,259.7348,-34.9896,5.91
84720,259.7623,-46.6365,5.47
84731,259.8021,-59.6946,5.93
84759,259.8771,-50.0637,6.27
84769,259.9044,80.1364,5.74
84780,259.9437,2.1395,6.43
84792,259.9723,-17.7565,6.03
84801,259.998,-5.917,6.31
84821,260.0409,25.5376,5.36
84833,260.0786,18.0572,5.01
84835,260.0881,46.2407,5.51
84855,260.14,48.1888,6.36
84856,260.1433,-19.3334,6.5
84862,260.1645,32.4703,5.38
84880,260.2068,-12.8469,4.32
84883,260.2192,-10.6964,6.46
84887,260.2259,24.4994,5.13
84893,260.2509,-21.1124,4.39
84934,260.3801,28.7581,6.37
84938,260.3894,16.7313,6.35
84947,260.4233,-24.906,6.36
84949,260.4317,39.9748,5.55
84950,260.439,53.4204,5.69
84969,260.4981,-67.7706,4.76
84970,260.5024,-24.9995,3.27
84979,260.5245,-70.1232,5.39
85019,260.6579,-35.9109,6.42
85020,260.6634,-37.8046,6.33
85042,260.7136,-2.3879,6.28
85048,260.7281,-37.2207,5.91
85049,260.7301,-58.0103,5.86
85068,260.7796,-56.5256,5.76
85079,260.817,-47.4682,5.21
85084,260.84,-28.1428,5.3
85112,260.9207,37.1459,4.15
85139,260.9901,8.8526,5.77
85147,261.0045,-62.8641,5.69
85149,261.0094,38.5827,6.48
85157,261.0276,22.9604,5.7
85162,261.0546,-44.1625,5.1
85169,261.0783,-60.6738,5.76
85181,261.1131,36.9518,6.25
85185,261.1314,16.3011,5.75
85187,261.1408,15.606,6.34
85195,261.1543,-18.4457,6.34
85207,261.1752,-21.4414,5.82
85235,261.2538,67.3067,6.44
85237,261.2611,-34.696,6.14
85242,261.2759,-24.2437,6.17
85258,261.325,-55.5298,2.84
85267,261.3486,-56.3777,3.31
85268,261.3506,52.7908,6.46
85290,261.4223,60.0483,5.65
85302,261.4766,16.9175,6.09
85307,261.491,-1.6519,6.44
85312,261.5001,-50.6335,5.19
85313,261.5036,26.8787,6.38
85317,261.5202,58.6519,6.49
85333,261.5792,7.5957,6.01
85340,261.5926,-24.175,4.16
85355,261.6287,4.1403,4.34
85365,261.6581,-5.0865,4.53
85379,261.6843,48.2601,5.83
85382,261.6924,34.6957,5.94
85385,261.7047,20.0809,5.52
85389,261.7166,-45.843,5.28
85391,261.7304,-25.9434,6.42
85393,261.7348,-51.9488,6.17
85397,261.7588,-12.5123,6.2
85405,261.7912,-15.8533,6.48
85409,261.8019,-50.6304,5.9
85423,261.8386,-29.8667,4.28
85442,261.9065,-29.7245,5.98
85450,261.9336,8.4421,6.42
85470,261.9901,-52.297,5.72
85474,262.0099,-8.2081,6.37
85480,262.0328,-63.0362,6.22
85520,262.1621,-55.1697,5.93
85537,262.2071,0.3306,5.41
85543,262.2337,-36.7783,5.98
85549,262.2536,-43.9739,6.3
85589,262.3567,-38.5169,6.38
85622,262.4474,-5.9193,6.36
85666,262.5944,11.924,6.47
85667,262.5995,-1.0625,5.31
85670,262.6082,52.3014,2.79
85688,262.6675,38.8822,6.43
85692,262.6815,57.8769,6.22
85693,262.6846,26.1106,4.41
85696,262.691,-37.2957,2.7
85699,262.6957,86.968,5.78
85715,262.7307,31.1581,5.63
85727,262.7749,-60.6836,3.6
85749,262.8389,2.7245,5.57
85751,262.847,-56.921,5.99
85755,262.854,-23.9626,4.78
85760,262.8645,-80.859,5.83
85783,262.9349,-26.2697,6.05
85786,262.9474,-33.7031,6.43
85788,262.9546,-46.0368,6.04
85790,262.9566,28.4074,5.66
85792,262.9605,-49.876,2.84
85805,262.9912,68.1347,5.07
85819,263.0434,55.1841,4.89
85822,263.0537,86.5863,4.35
85826,263.062,11.93,6.42
85829,263.0662,55.1728,4.86
85839,263.1026,-34.2793,6.16
85888,263.2805,41.2436,5.72
85889,263.2808,-41.1731,5.84
85912,263.3452,19.2569,5.65
85922,263.3745,-5.7446,5.61
85923,263.3817,57.5587,6.15
85927,263.4022,-37.1037,1.62
85930,263.4141,16.3177,5.68
85934,263.4282,14.8418,6.36
85975,263.5704,-48.5269,6.32
85998,263.6529,9.5867,5.8
86011,263.677,-32.5817,5.69
86019,263.6931,-11.242,5.54
86032,263.7334,12.5606,2.08
86036,263.7469,61.8758,5.23
86060,263.8271,-22.0438,6.47
86064,263.833,-53.3529,6.09
86088,263.8958,-59.8461,6.26
86092,263.915,-46.5056,4.56
86096,263.9265,37.3016,6.13
86098,263.9295,-37.4398,6.48
86118,263.9982,20.9963,6.11
86130,264.0338,28.185,6.4
86153,264.0893,27.5668,6.37
86170,264.1369,-38.6349,4.26
86178,264.153,30.7852,6.04
86182,264.1568,48.5855,5.35
86184,264.1668,69.5713,6.33
86201,264.2379,68.7572,4.77
86219,264.2868,72.4558,5.87
86228,264.3297,-42.9978,1.86
86246,264.3622,-38.0664,6.26
86248,264.3638,-50.0595,5.89
86254,264.3796,24.31,5.76
86263,264.3968,-15.3984,3.54
86266,264.4009,-15.571,5.94
86284,264.4613,-8.1187,4.58
86305,264.5232,-54.5001,5.25
86311,264.5352,-42.8802,6.09
86313,264.5396,-10.9262,5.74
86352,264.687,-21.9126,6.19
86373,264.7411,13.3292,6.12
86391,264.7853,2.0281,6.25
86414,264.8662,46.0063,3.82
86462,264.9897,31.2024,6.05
86476,265.0498,-2.1523,6.08
86486,265.0989,-49.4152,4.76
86501,265.1563,43.4705,6.36
86506,265.1718,31.2877,6.3
86510,265.1857,-67.8541,6.48
86527,265.2439,-32.2144,6.01
86537,265.2729,24.5131,6.37
86546,265.2958,15.1784,6.34
86552,265.3176,-46.9218,5.78
86561,265.3409,51.8182,6.0
86565,265.3538,-12.8752,4.24
86575,265.3847,6.3132,5.97
86614,265.4846,72.1495,4.57
86620,265.4918,72.1576,5.81
86623,265.4943,15.9522,5.54
86628,265.5151,-50.5107,6.28
86667,265.6183,24.5643,5.56
86670,265.622,-39.0299,2.39
86698,265.7129,-36.9455,5.53
86713,265.7733,44.0842,6.38
86716,265.7786,-33.0513,6.44
86725,265.8238,-27.884,6.4
86731,265.8402,24.3276,5.73
86732,265.8418,14.2951,6.22
86736,265.8577,-21.6831,4.86
86742,265.8682,4.5669,2.76
86768,265.9459,-7.0796,6.3
86769,265.9519,-13.5084,6.36
86782,265.9965,53.8018,5.75
86796,266.0363,-51.8336,5.12
86809,266.0719,14.41,6.18
86831,266.142,2.5794,6.16
86847,266.175,-42.7293,5.87
86871,266.2327,-57.5455,5.97
86925,266.4176,31.5047,6.22
86929,266.4333,-64.7237,3.61
86974,266.6155,27.7225,3.42
87042,266.7804,-38.1121,6.41
87044,266.7835,17.697,5.61
87045,266.7835,47.6122,6.47
87072,266.8901,-27.8308,4.53
87073,266.8962,-40.127,2.99
87074,266.9033,-14.7258,5.93
87099,266.94,-22.4778,6.18
87108,266.9732,2.7075,3.75
87150,267.0843,3.8042,6.22
87158,267.1031,20.5654,5.69
87163,267.116,-26.9749,6.31
87174,267.1587,-55.4018,6.09
87192,267.1995,19.255,6.13
87194,267.2048,25.623,5.09
87212,267.2681,50.7805,5.02
87220,267.2936,-31.7032,4.79
87224,267.3294,1.9612,6.44
87234,267.3622,76.9623,5.02
87261,267.4644,-37.0434,3.19
87264,267.4709,-61.7147,6.41
87293,267.5421,78.3065,6.25
87294,267.5463,-40.0904,4.78
87308,267.5953,29.322,5.51
87314,267.6183,-53.6124,5.68
87335,267.6817,11.9466,6.19
87341,267.7016,22.3164,6.14
87379,267.796,-53.1303,6.09
87390,267.8857,-40.7723,5.94
87393,267.8978,-60.164,5.78
87404,267.9356,-45.6007,6.09
87427,267.9936,15.3263,6.43
87428,267.9977,-1.2368,6.33
87434,268.0037,46.6439,6.37
87445,268.0197,39.982,6.01
87460,268.0569,-34.7992,5.88
87472,268.0823,-34.4168,5.84
87491,268.1478,1.305,5.91
87495,268.1613,-6.1436,6.18
87516,268.2051,-34.1148,6.05
87523,268.2186,-41.9961,6.19
87532,268.24,-35.6242,6.03
87540,268.2646,-10.8995,6.17
87558,268.3094,6.1013,5.77
87563,268.3251,40.0078,5.17
87564,268.3259,-65.4884,6.48
87567,268.3316,-34.7308,6.14
87569,268.3478,-34.8951,5.58
87585,268.3818,56.8725,3.73
87616,268.4782,-34.7527,6.0
87624,268.4922,-34.831,6.41
87655,268.5592,11.131,6.24
87670,268.6114,75.1712,6.39
87671,268.613,-34.4667,6.1
87706,268.7252,-24.8871,6.18
87722,268.7835,-36.4756,6.05
87728,268.7964,72.0051,5.43
87744,268.8484,55.9711,6.09
87747,268.8549,26.05,5.47
87777,268.9617,22.4642,5.62
87782,268.979,-18.8021,6.48
87808,269.0632,37.2505,3.86
87812,269.0767,0.6704,5.82
87813,269.0793,-15.8124,5.93
87822,269.1007,-65.721,6.36
87833,269.1516,51.489,2.24
87836,269.1742,-28.0653,5.76
87846,269.1976,-44.3422,4.85
87847,269.199,-4.0818,5.44
87850,269.2021,45.3509,6.22
87865,269.2329,-40.3056,6.46
87866,269.2332,6.4877,6.28
87875,269.2679,0.0667,5.95
87895,269.3097,23.9957,6.32
87910,269.3625,11.0446,6.33
87926,269.4237,-76.1779,6.08
87928,269.4281,-56.8962,6.26
87933,269.441,29.2479,3.7
87936,269.4492,-41.7163,4.88
87948,269.4908,-39.1365,6.28
87998,269.6256,30.1893,4.41
88012,269.6627,-28.7591,5.99
88020,269.6763,36.2879,6.03
88030,269.7179,45.4762,6.48
88038,269.732,-36.8584,5.74
88048,269.7567,-9.7733,3.32
88060,269.772,-30.253,5.0
88101,269.9032,-4.8209,5.86
88116,269.9482,-23.816,4.74
88122,269.9842,45.5015,5.69
88125,270.0003,-20.3395,6.22
88127,270.014,80.0005,6.11
88128,270.0143,16.7509,4.67
88136,270.0378,80.0038,5.74
88148,270.0653,0.6295,6.36
88149,270.0658,4.3686,4.79
88172,270.1152,19.5058,6.42
88175,270.1205,-3.6902,4.62
88190,270.1516,33.2137,6.01
88192,270.1613,2.9316,3.93
88213,270.2202,6.2683,6.36
88217,270.2388,15.0938,6.28
88258,270.3463,-17.1569,6.27
88267,270.3767,21.5957,4.26
88274,270.3925,-85.2145,6.45
88277,270.3995,33.3112,6.18
88290,270.4383,1.3051,4.42
88294,270.4513,-36.3778,6.3
88298,270.4766,-22.7803,5.72
88331,270.596,20.8336,5.25
88346,270.6256,22.9232,6.22
88380,270.7129,-24.2824,5.37
88404,270.7705,-8.1803,4.77
88415,270.787,48.4642,6.26
88429,270.8107,19.6132,6.41
88469,270.9685,-24.3607,5.89
88522,271.1557,1.919,6.14
88528,271.1675,23.9422,6.34
88550,271.21,-35.9014,5.98
88565,271.2534,41.9461,6.38
88567,271.2551,-29.5801,4.66
88599,271.3614,-81.4864,6.37
88601,271.3634,2.5024,4.03
88604,271.3755,21.6466,6.18
88635,271.4522,-30.4237,2.98
88636,271.4567,32.2307,5.72
88657,271.508,22.2189,4.96
88670,271.5308,-8.3239,5.84
88671,271.531,-0.4461,6.32
88675,271.5384,-51.7439,6.46
88684,271.563,-4.7512,5.74
88694,271.5985,-36.0198,5.94
88714,271.6578,-50.0915,3.65
88726,271.7079,-43.425,4.92
88732,271.7228,50.8226,6.31
88745,271.7567,30.5619,5.05
88754,271.7762,49.7104,6.32
88760,271.7973,-21.4439,6.22
88765,271.8265,8.7338,4.64
88771,271.8376,9.5637,3.71
88788,271.8697,43.462,5.0
88794,271.8856,28.7625,3.84
88815,271.9516,-64.55,6.4
88816,271.9517,-17.1543,5.52
88817,271.9563,26.0973,5.79
88818,271.9565,26.1012,5.83
88836,272.0096,36.4017,5.49
88839,272.0207,-28.457,4.55
88859,272.1255,-45.767,6.13
88862,272.1406,14.2847,6.34
88866,272.145,-63.668,4.33
88876,272.1608,-21.4496,6.42
88886,272.1896,20.8146,4.37
88899,272.2202,20.0453,5.1
88929,272.2924,30.4692,6.36
88964,272.3911,3.9933,5.71
88972,272.4069,38.4589,6.38
88981,272.4307,-13.9344,6.38
89000,272.475,3.1203,5.67
89006,272.49,-59.0402,6.38
89008,272.4958,36.4663,5.57
89010,272.4998,-32.7193,6.39
89020,272.5242,-30.7286,5.53
89023,272.5364,16.4766,6.09
89042,272.6094,-62.0028,5.47
89047,272.6314,54.286,5.97
89065,272.6679,3.3243,5.5
89086,272.7306,-33.8001,6.13
89096,272.7684,-47.513,6.07
89099,272.7731,-41.359,5.86
89104,272.7798,60.4095,6.5
89112,272.8074,-45.9543,4.52
89114,272.8116,-19.8419,6.33
89115,272.8157,-75.8908,5.86
89153,272.9305,-23.7012,4.96
89156,272.938,33.447,5.98
89172,272.9757,31.4053,4.96
89234,273.1424,-73.6718,5.86
89246,273.1776,41.1469,6.36
89279,273.2701,38.7735,6.04
89290,273.3029,-41.3361,5.47
89298,273.3189,21.8802,6.14
89341,273.4409,-21.0588,3.84
89347,273.4676,2.3935,6.43
89348,273.4723,64.3972,4.99
89369,273.5663,-21.7131,5.49
89370,273.5681,-63.6895,6.47
89439,273.8038,-20.7283,5.29
89440,273.804,-20.388,5.96
89448,273.821,68.756,5.96
89470,273.8782,-18.6616,6.05
89474,273.8855,45.2096,6.3
89482,273.9116,42.1593,5.56
89487,273.9194,-63.0553,5.58
89507,273.9725,-44.2065,5.45
89512,273.9914,-3.618,6.35
89527,274.0232,2.3776,6.1
89587,274.2212,-3.0067,5.99
89597,274.2538,-51.0682,6.06
89604,274.279,40.9366,6.12
89605,274.2814,-56.0233,5.36
89609,274.2985,-17.3739,5.81
89620,274.3486,-28.2886,6.36
89622,274.3503,-28.652,6.18
89623,274.3507,-9.7585,6.29
89637,274.401,-34.1072,6.03
89642,274.4072,-36.7613,3.1
89674,274.504,-68.2292,6.32
89677,274.5123,13.7771,6.29
89678,274.5133,-27.0426,4.66
89684,274.5321,18.1317,6.24
89683,274.5322,23.2969,6.45
89726,274.6673,-42.2884,6.3
89772,274.7898,7.2598,5.41
89773,274.7945,24.446,5.3
89805,274.917,-63.8859,6.17
89826,274.9655,36.0644,4.33
89827,274.967,29.6664,6.01
89835,274.9837,51.3479,6.3
89851,275.0365,-15.8316,5.39
89861,275.0746,21.9614,4.92
89908,275.1893,71.3377,4.22
89918,275.2169,3.3771,4.85
89920,275.23,-37.4876,6.46
89925,275.2374,29.8588,5.61
89931,275.2484,-29.828,2.72
89935,275.2542,28.8698,5.12
89937,275.2597,72.7337,3.55
89943,275.2798,49.7254,6.39
89962,275.3288,-2.8971,3.23
89968,275.3458,-18.86,5.76
89977,275.3683,5.4357,6.14
89980,275.3807,-24.9153,6.19
89981,275.3862,49.1215,5.02
90012,275.5006,-28.43,6.15
90023,275.5362,23.285,5.41
90037,275.5775,-38.6568,5.09
90052,275.6471,12.0296,5.99
90067,275.7041,17.8266,5.25
90074,275.7212,-36.6695,5.33
90083,275.7588,-10.2189,6.32
90086,275.7622,16.688,6.22
90096,275.8007,-12.0147,5.71
90098,275.8068,-61.4939,4.35
90124,275.8701,-36.238,5.52
90133,275.9018,-75.0443,5.47
90135,275.9148,-8.9345,4.66
90139,275.924,21.7703,3.85
90146,275.9498,53.3009,6.35
90156,275.9777,58.8006,4.98
90163,275.9886,38.7392,6.41
90174,276.015,-3.583,6.36
90182,276.0383,83.1755,6.16
90185,276.0431,-34.3843,1.79
90191,276.0575,39.5072,5.11
90200,276.076,-44.1102,5.24
90223,276.138,-49.6525,6.45
90238,276.1752,-7.0759,6.28
90253,276.2384,-1.5794,6.15
90256,276.2436,27.3948,6.27
90260,276.2563,-30.7564,5.58
90289,276.3376,-20.5416,4.81
90290,276.3404,-35.992,6.14
90304,276.3818,-63.0213,6.13
90313,276.4117,8.032,5.64
90336,276.4775,-33.9457,6.3
90337,276.4801,14.9663,6.37
90342,276.4949,29.829,5.81
90344,276.4958,65.5635,4.82
90398,276.6705,26.4492,6.5
90414,276.725,-48.1171,5.44
90422,276.7435,-45.9683,3.49
90437,276.7869,-8.0404,6.5
90441,276.8021,0.1961,5.2
90476,276.9254,59.549,6.43
90478,276.9323,-26.6348,6.31
90485,276.9562,-29.8169,5.9
90487,276.9597,3.7486,6.07
90494,276.9853,-17.8003,6.19
90496,276.9928,-25.4212,2.82
90497,276.9949,6.1942,5.71
90510,277.0257,-26.7572,6.28
90509,277.0264,-84.3872,6.49
90541,277.113,-38.9956,5.63
90568,277.2072,-49.07,4.1
90595,277.2994,-14.5658,4.67
90597,277.3036,-43.846,6.36
90606,277.3334,-80.2326,5.95
90637,277.3988,23.8662,5.87
90642,277.4207,-1.9852,5.38
90647,277.4373,77.5471,5.65
90651,277.4448,-14.582,6.02
90662,277.483,-47.2205,5.69
90664,277.4862,-57.5231,5.74
90687,277.5493,-18.7286,5.63
90692,277.5596,-5.7241,6.27
90729,277.6735,20.8157,6.49
90759,277.7623,-41.9138,6.02
90762,277.7686,16.9286,5.76
90763,277.7702,-32.989,5.37
90797,277.8434,-62.2782,4.63
90804,277.8571,-10.7958,5.77
90806,277.8596,-18.4026,5.12
90830,277.9393,-45.9147,4.92
90842,277.9843,-43.5074,5.71
90844,277.9875,-1.003,5.93
90853,278.0081,-45.7574,5.07
90858,278.0287,3.6596,6.41
90884,278.0861,-14.6442,6.36
90887,278.0888,-39.7039,5.16
90905,278.1438,57.0456,4.77
90913,278.1805,-14.8657,5.47
90915,278.1923,23.6168,5.88
90923,278.2081,30.5542,5.47
90930,278.2305,-73.9654,5.88
90936,278.2535,-39.8918,6.22
90967,278.3446,-5.9116,6.36
90969,278.3462,-38.72,6.31
90968,278.3464,-38.7259,5.67
90971,278.3471,8.2683,6.42
90981,278.3727,-58.7085,6.4
90982,278.3757,-42.3125,4.62
90991,278.4125,-14.8536,5.74
91004,278.4729,-24.0323,5.49
91013,278.4862,52.3535,5.38
91014,278.4907,-33.0165,5.28
91062,278.6297,-52.8914,6.21
91090,278.6979,10.892,6.48
91105,278.7598,-10.9772,5.12
91117,278.8018,-8.2433,3.85
91118,278.8025,18.2034,5.79
91119,278.8063,34.458,6.1
91132,278.8388,-20.8404,6.49
91139,278.8766,23.6055,5.62
91142,278.902,4.9361,6.47
91159,278.9716,16.9759,6.21
91172,278.9985,-29.6991,6.36
91196,279.0552,65.4885,6.07
91217,279.116,9.1228,5.38
91235,279.1556,33.469,5.41
91237,279.1629,6.6722,5.43
91250,279.1897,43.2218,6.21
91262,279.2341,38.783,0.03
91279,279.2877,16.1982,6.31
91315,279.3896,62.5265,5.74
91322,279.3998,-0.3094,5.76
91347,279.4768,-21.3976,5.93
91369,279.5187,-14.0048,6.49
91373,279.527,39.6683,6.02
91394,279.5991,-3.1937,6.49
91405,279.628,-23.5048,5.78
91438,279.7227,-21.0515,5.85
91461,279.8095,-47.9098,5.84
91491,279.8876,40.9351,6.25
91494,279.8966,-43.1858,5.42
91499,279.9036,5.2643,6.36
91523,279.965,7.3587,6.26
91525,279.97,52.196,6.0
91532,280.0017,-7.7907,5.82
91533,280.0081,30.8494,6.43
91552,280.0508,38.3672,6.45
91606,280.235,62.7493,6.1
91662,280.3779,-48.0944,6.47
91675,280.4221,31.6176,6.41
91677,280.4269,-14.5642,6.4
91689,280.465,-23.8334,6.22
91707,280.5337,34.7463,6.49
91723,280.5598,-81.8081,6.27
91726,280.5684,-9.0526,4.7
91733,280.5943,-64.643,6.35
91751,280.6505,-7.0736,6.13
91755,280.6582,55.5394,5.03
91781,280.7296,-19.2841,6.32
91792,280.7589,-71.4277,4.01
91811,280.7931,70.7929,6.28
91820,280.819,39.3001,6.45
91843,280.8709,53.8718,6.18
91845,280.8802,-8.2752,4.88
91852,280.9004,36.5565,6.04
91854,280.9055,-64.5513,5.76
91875,280.9456,-38.3233,5.11
91880,280.9634,-6.818,6.3
91883,280.9651,31.9269,5.68
91901,281.033,-36.7182,6.31
91915,281.0761,61.0481,6.02
91918,281.0807,-35.6419,4.86
91919,281.0847,39.67,4.67
91926,281.0949,39.6126,4.59
91958,281.1679,23.5901,6.3
91971,281.1931,37.6051,4.34
91973,281.2008,37.5946,5.73
91974,281.2067,-25.0109,5.82
91975,281.2081,2.0601,5.02
91985,281.2308,54.8972,6.26
91989,281.2381,-39.6862,5.4
92008,281.2979,-61.0951,6.04
92016,281.3277,-21.0015,6.35
92021,281.3497,-56.8819,6.22
92024,281.3619,-64.8709,4.78
92027,281.3681,5.5001,5.82
92040,281.4086,79.9425,6.4
92041,281.414,-26.9908,3.17
92043,281.4155,20.5471,4.19
92056,281.4448,74.0854,5.25
92072,281.4833,-50.8727,6.24
92079,281.5048,-19.6064,6.34
92088,281.5186,26.6621,4.83
92098,281.5542,41.4418,6.06
92111,281.5858,-22.3922,5.37
92112,281.5928,75.4338,5.37
92117,281.6191,-0.9616,5.89
92131,281.6723,18.706,6.18
92133,281.6795,52.988,5.91
92136,281.6805,-10.125,5.69
92161,281.7551,18.1812,4.34
92175,281.7937,-4.7478,4.22
92202,281.8707,-5.7051,5.38
92226,281.9358,-40.4061,5.2
92233,281.955,-77.8686,6.39
92243,281.9891,31.7568,6.06
92254,282.0111,4.2414,6.2
92269,282.067,48.7674,6.12
92270,282.0683,23.5148,6.19
92294,282.1582,-65.0775,5.71
92296,282.1645,-6.0044,6.49
92301,282.1892,-18.6012,6.46
92308,282.2103,-43.68,5.46
92312,282.2224,19.3288,5.89
92367,282.3637,-45.8102,5.8
92382,282.3958,-43.434,5.6
92386,282.4049,0.8362,6.24
92390,282.4171,-20.3247,5.22
92391,282.4206,-5.9128,5.99
92394,282.432,-72.9957,6.04
92398,282.4413,32.8128,5.93
92405,282.4705,32.5511,5.22
92420,282.52,33.3627,3.52
92456,282.6299,-13.5722,6.48
92475,282.6898,10.9764,6.37
92480,282.7104,-22.1621,6.29
92488,282.7438,-9.7741,5.82
92487,282.7444,-41.0627,6.5
92512,282.8,59.3883,4.63
92524,282.8423,-3.3178,6.08
92549,282.8958,52.9745,5.51
92550,282.8995,28.7837,6.22
92551,282.9022,36.5391,6.1
92593,283.008,13.9657,6.19
92599,283.0302,41.3832,6.28
92608,283.0498,-41.7091,6.47
92609,283.0543,-62.1876,4.22
92614,283.0685,21.4252,5.43
92630,283.1134,-46.5951,5.51
92635,283.118,-26.6506,6.28
92643,283.1544,-29.3796,6.12
92646,283.165,-52.1071,5.18
92669,283.2496,-46.5864,6.17
92674,283.2575,-9.5756,6.27
92676,283.2598,-48.3607,6.17
92687,283.3,-51.9314,6.3
92689,283.3064,50.7083,4.92
92717,283.3883,75.7873,6.33
92728,283.4315,36.9717,5.58
92731,283.4429,57.4866,6.24
92747,283.5004,-21.3598,5.68
92761,283.5424,-22.7448,4.86
92768,283.5552,27.9097,5.64
92782,283.599,71.2971,4.82
92791,283.6262,36.8986,4.22
92814,283.6796,-15.603,5.08
92818,283.687,22.6451,4.57
92822,283.6965,48.8597,5.84
92824,283.6985,-87.6055,5.29
92831,283.7174,41.6027,5.46
92833,283.7188,33.9686,5.99
92845,283.7795,-22.6713,5.0
92855,283.8163,-26.2966,2.05
92862,283.8337,43.9459,4.08
92866,283.8481,-37.3866,6.48
92872,283.8643,6.6155,5.58
92882,283.8793,-16.3762,5.56
92931,284.0028,-23.1737,5.91
92937,284.0256,18.1058,5.69
92946,284.0548,4.2035,4.62
92951,284.0609,4.2021,4.98
92953,284.0707,-42.7106,5.35
92963,284.0944,-1.7998,6.2
92968,284.1067,2.4712,6.14
92969,284.1073,65.2582,5.62
92972,284.1135,-31.689,6.45
92989,284.1687,-37.3432,5.36
92997,284.1878,57.815,5.67
93012,284.2279,-62.8019,6.47
93015,284.2377,-67.2335,4.4
93017,284.2561,32.9016,5.2
93026,284.2651,-5.8462,4.83
93049,284.3096,-43.9169,6.27
93051,284.3191,2.5354,5.56
93053,284.3222,62.3969,6.5
93057,284.3353,-20.6563,5.02
93068,284.3686,58.2249,6.47
93074,284.3933,-39.8233,6.29
93085,284.4324,-21.1066,3.52
93104,284.5079,38.2662,5.89
93117,284.5418,-83.4222,6.35
93124,284.5614,17.3609,5.33
93134,284.5888,-31.0359,6.09
93138,284.5988,6.2402,6.22
93140,284.6035,-22.5295,6.14
93148,284.6156,-52.9386,4.85
93163,284.6525,-60.2006,5.14
93174,284.6811,-37.1071,4.83
93177,284.6941,40.6792,6.2
93179,284.6955,13.9068,5.91
93194,284.7359,32.6896,3.25
93197,284.7475,50.8091,6.32
93203,284.7739,13.6225,5.27
93209,284.7957,-39.5346,6.49
93210,284.8012,39.2173,6.43
93225,284.8492,-12.8405,5.51
93234,284.8616,-18.5664,6.37
93238,284.872,-70.4684,6.49
93244,284.9058,15.0685,4.02
93256,284.9393,26.2304,5.26
93270,284.9922,22.8145,6.28
93279,285.0034,32.1455,4.94
93287,285.0148,-66.6535,5.98
93299,285.057,50.5335,5.39
93315,285.1032,-24.9423,6.35
93340,285.1811,55.6583,5.51
93354,285.23,33.8022,6.04
93371,285.2679,-37.0615,6.44
93374,285.2726,19.3096,6.47
93393,285.3223,26.2914,5.69
93408,285.3598,46.935,5.0
93418,285.3897,-15.2826,6.31
93423,285.4072,-22.6954,6.25
93429,285.4202,-5.739,4.02
93437,285.4515,33.6213,6.39
93443,285.4559,22.2644,6.44
93466,285.5293,52.2611,6.35
93470,285.5354,-41.9105,6.21
93488,285.5898,8.3735,6.25
93498,285.6154,-24.8464,5.63
93506,285.653,-29.8801,2.6
93523,285.7192,19.661,6.11
93526,285.727,-3.699,5.4
93537,285.7658,-19.2457,5.96
93542,285.7785,-42.095,4.74
93543,285.7791,-19.103,6.37
93552,285.8237,-38.2532,5.73
93574,285.8737,-68.7555,5.89
93580,285.8843,1.8189,5.82
93624,285.9897,-51.0182,5.93
93629,286.0042,-57.96,6.3
93666,286.1006,-5.6848,6.48
93667,286.1044,-31.047,5.49
93683,286.1706,-21.7414,3.76
93713,286.2299,53.3966,5.4
93717,286.2402,-4.0314,5.4
93718,286.2409,31.7443,5.63
93720,286.2428,30.7334,6.07
93733,286.291,49.9232,6.45
93747,286.3526,13.8637,2.99
93763,286.4216,-15.6604,5.93
93770,286.4464,29.9217,6.32
93805,286.5623,-4.8823,3.43
93815,286.583,-52.3406,5.17
93825,286.6043,-37.0628,4.23
93843,286.657,28.6284,5.53
93845,286.6598,24.2508,5.78
93855,286.7172,-16.2292,6.0
93858,286.7192,-37.8098,6.15
93860,286.7284,-50.3231,6.29
93862,286.7316,-48.2991,5.95
93864,286.7352,-27.6698,3.32
93867,286.7442,11.0713,5.07
93887,286.7847,-18.7381,6.28
93903,286.8255,36.1002,5.25
93917,286.8562,32.5017,5.2
93925,286.8785,-28.6368,6.05
93966,286.9887,16.8541,6.08
93975,287.0146,21.6987,6.22
93993,287.0607,-24.6573,6.3
93996,287.0696,-19.2903,5.56
94005,287.0872,-40.4966,4.57
94013,287.1079,52.4259,5.88
94054,287.2178,-55.7201,6.44
94068,287.2497,6.0734,5.23
94083,287.2906,76.5608,5.11
94114,287.3678,-37.9042,4.11
94130,287.4157,-39.8272,6.44
94140,287.4408,65.9784,6.26
94141,287.441,-21.0235,2.88
94144,287.4506,-19.8035,6.11
94149,287.465,-0.4281,6.34
94150,287.4693,-68.4243,5.31
94157,287.4902,-41.8922,5.86
94160,287.5073,-39.3407,4.1
94243,287.7579,-39.0047,6.34
94272,287.8284,-29.5022,6.28
94280,287.8465,40.4292,6.2
94290,287.879,26.7359,6.35
94302,287.9188,56.8591,5.13
94311,287.9417,31.2835,5.93
94336,288.0217,49.8542,5.85
94372,288.1167,-21.6583,6.39
94376,288.1381,67.6613,3.07
94382,288.153,21.5546,6.02
94385,288.1696,-7.9395,5.35
94398,288.1921,-50.4863,6.12
94434,288.307,-25.9068,5.79
94437,288.3146,-12.2825,5.51
94477,288.4279,2.2937,5.14
94478,288.4334,5.5156,6.47
94481,288.4395,39.146,4.43
94490,288.4799,57.7053,5.0
94556,288.6647,-45.1934,5.91
94598,288.7612,20.2032,6.03
94604,288.783,83.4627,6.5
94620,288.8222,21.2321,5.65
94623,288.8299,50.0711,6.27
94624,288.8337,15.0837,5.58
94630,288.8535,30.5264,5.88
94643,288.885,-25.2566,4.86
94645,288.8881,-24.1791,6.25
94648,288.8887,73.3552,4.45
94646,288.889,18.5163,6.46
94685,288.9979,27.9263,6.18
94703,289.0543,21.3904,4.76
94712,289.0906,-45.4661,5.38
94713,289.0921,38.1337,4.35
94720,289.1116,14.5446,5.65
94724,289.1192,-69.1908,6.25
94727,289.1293,4.8348,5.59
94755,289.2141,46.9984,6.02
94770,289.2522,-65.2276,6.42
94779,289.2755,53.3682,3.8
94789,289.3009,-66.661,5.52
94820,289.4087,-18.9529,4.88
94827,289.4318,23.0255,5.46
94833,289.4508,2.0318,6.19
94834,289.4542,11.5954,5.28
94858,289.5407,-53.3869,6.36
94885,289.6354,1.0851,5.1
94890,289.6577,49.5693,6.32
94910,289.7017,19.6105,6.5
94913,289.7122,0.339,6.4
94916,289.7198,9.6182,6.31
94929,289.7506,-15.5359,6.09
94932,289.7548,37.4453,6.25
94974,289.9018,54.3761,6.23
94981,289.9127,37.331,6.29
94982,289.9139,12.3746,5.53
94986,289.9166,-35.4214,5.59
95002,289.971,11.5349,6.03
95038,290.0667,57.6451,5.91
95066,290.1368,-5.4159,4.98
95067,290.1377,35.186,6.3
95073,290.1487,-0.8922,5.46
95077,290.159,-22.4026,5.59
95081,290.167,65.7144,4.6
95149,290.3737,-34.9832,6.48
95154,290.3981,76.5596,6.22
95159,290.4046,-19.2344,6.25
95167,290.4177,79.6029,6.06
95168,290.4182,-17.8473,3.92
95176,290.4318,-15.955,4.52
95188,290.4618,-18.3082,5.84
95211,290.5399,-42.016,6.33
95222,290.5896,-0.2523,5.81
95235,290.639,33.5182,6.09
95239,290.657,-51.2313,6.42
95241,290.6595,-44.4589,3.96
95253,290.7014,9.9129,6.34
95260,290.712,26.2624,5.22
95261,290.7133,-54.4237,5.03
95281,290.7685,-7.4006,6.31
95294,290.8044,-44.7996,4.27
95319,290.8915,33.2216,6.37
95340,290.9455,20.2644,6.4
95347,290.9715,-40.6156,3.96
95352,290.9854,43.3882,5.85
95369,291.023,-68.3711,6.33
95370,291.0252,36.4519,6.44
95372,291.0315,29.6213,4.99
95396,291.0894,-43.7221,6.13
95398,291.092,16.9378,6.27
95408,291.1257,-27.8659,6.03
95447,291.2407,11.9429,5.17
95453,291.2563,-4.8846,6.5
95456,291.2669,-29.3092,5.91
95477,291.3185,-24.5084,5.02
95485,291.3398,-13.8973,5.72
95487,291.3433,20.2718,6.31
95492,291.3578,24.9143,6.19
95498,291.3689,19.7985,5.14
95503,291.3736,-23.9624,5.45
95501,291.374,3.1146,3.36
95556,291.538,36.3179,5.17
95557,291.546,-15.0533,5.71
95560,291.5552,20.0978,5.6
95564,291.5797,-21.7767,5.57
95572,291.6005,13.0237,5.76
95576,291.6102,62.5571,6.38
95582,291.6195,19.8916,5.84
95585,291.6295,0.3386,4.64
95619,291.7353,-29.7431,5.66
95656,291.8582,52.3205,5.73
95664,291.8913,14.2825,6.31
95673,291.9017,37.9412,6.3
95690,291.9505,-54.3253,5.7
95732,292.0867,2.9301,5.84
95771,292.1767,24.6652,4.44
95785,292.2378,24.7687,5.82
95793,292.2541,1.9505,5.79
95812,292.3251,0.2461,6.25
95818,292.3371,20.2798,6.34
95820,292.339,-7.0441,6.37
95822,292.3422,14.5961,5.57
95823,292.349,-43.4449,5.7
95853,292.4264,51.7295,3.76
95865,292.4674,-26.9855,5.46
95866,292.4691,-55.4416,6.14
95898,292.5439,2.9041,6.08
95929,292.638,3.4444,6.09
95932,292.6441,-55.11,6.29
95937,292.6659,-2.7889,5.03
95947,292.6804,27.9597,3.05
95951,292.6892,27.9653,5.12
95953,292.6951,36.2285,6.26
95965,292.7252,-21.3122,6.11
95978,292.7512,70.9893,6.06
95999,292.7956,-68.4339,5.98
96003,292.8065,55.7319,6.37
96014,292.8307,50.3066,5.55
96016,292.8401,26.6171,5.89
96052,292.943,34.453,4.74
96095,293.0588,-44.5465,6.48
96100,293.0858,69.6654,4.67
96141,293.2241,-53.1856,5.76
96164,293.2919,60.1587,6.3
96178,293.3401,-45.2717,5.59
96198,293.4234,49.2623,6.0
96204,293.4418,5.4658,6.35
96229,293.5218,7.3793,4.45
96234,293.5353,-40.0346,5.89
96258,293.5823,51.2371,5.71
96275,293.6454,19.7734,5.0
96288,293.6719,42.4126,5.34
96297,293.6931,63.4342,6.47
96302,293.7122,29.4629,5.39
96316,293.7551,52.5021,6.39
96327,293.7802,-10.5604,5.12
96341,293.8041,-48.0991,4.88
96351,293.8547,2.9135,6.37
96356,293.8741,-7.4602,6.32
96365,293.8894,-12.2531,6.27
96387,293.9513,36.9445,6.03
96396,293.9831,50.2385,6.47
96406,294.0069,-24.719,5.64
96417,294.0348,22.5858,6.33
96428,294.0653,14.3912,6.37
96440,294.1086,-18.8529,6.13
96441,294.1106,50.2205,4.49
96459,294.1586,44.6952,5.17
96465,294.1766,-24.8836,4.59
96468,294.1803,-1.2866,4.36
96481,294.2185,11.2732,5.98
96483,294.2227,-7.0275,4.93
96496,294.2639,-18.231,5.66
96503,294.2901,29.3337,6.43
96516,294.3224,16.4628,5.67
96536,294.3937,-14.3014,5.46
96546,294.4201,35.0226,6.44
96556,294.4469,-4.6475,5.45
96572,294.4862,49.2841,6.47
96601,294.5741,20.7835,6.5
96607,294.608,-57.9832,6.19
96620,294.6714,54.9734,5.89
96630,294.7041,3.3815,6.36
96665,294.7985,5.3978,5.18
96683,294.8442,30.1532,4.68
96688,294.8556,16.5711,6.37
96693,294.8603,42.8182,5.41
96706,294.8939,45.9574,6.25
96721,294.9242,-45.2786,6.24
96724,294.9372,33.9789,6.1
96729,294.9561,-23.4276,6.33
96734,294.9672,-66.6854,6.37
96757,295.0241,18.0139,4.39
96760,295.0298,-23.4291,5.97
96771,295.055,60.5071,6.49
96781,295.0777,-54.4178,6.24
96805,295.1715,43.0778,6.17
96807,295.1805,-0.6213,5.64
96808,295.1806,-16.2931,5.3
96825,295.2088,45.5246,5.06
96837,295.2622,17.4761,4.39
96840,295.273,13.8157,5.98
96856,295.311,22.4528,6.43
96882,295.4052,-65.8542,6.08
96895,295.4545,50.5254,5.99
96901,295.4671,50.5179,6.25
96907,295.4901,40.2541,6.22
96917,295.5121,-9.1934,6.31
96919,295.5172,55.4633,6.42
96931,295.5534,12.1933,6.33
96950,295.6296,-16.124,5.06
96957,295.6417,11.8266,5.28
96977,295.6859,32.4267,5.93
97028,295.79,30.6779,6.08
97029,295.7948,38.6717,6.37
97033,295.8095,58.0168,6.29
97063,295.8894,-15.4697,5.49
97067,295.9067,-37.5387,6.14
97070,295.9146,57.0427,6.28
97077,295.9288,25.7719,5.5
97081,295.9378,41.7731,5.86
97087,295.9644,34.1627,6.04
97091,295.9832,27.1354,6.27
97118,296.069,37.3543,4.89
97122,296.0767,69.3371,5.9
97139,296.1425,13.3028,6.25
97142,296.159,34.4142,6.39
97144,296.172,8.7266,6.43
97151,296.2046,40.7169,6.36
97165,296.2435,45.1307,2.86
97228,296.4152,36.091,6.38
97229,296.4163,7.6132,5.89
97242,296.4639,35.0128,6.14
97244,296.4676,-2.8834,6.47
97260,296.5051,-31.9085,5.51
97278,296.5649,10.6133,2.72
97290,296.5909,-19.7609,4.87
97295,296.6066,33.7287,5.0
97307,296.646,32.8886,6.18
97326,296.6861,68.438,6.34
97365,296.8469,18.5343,3.68
97372,296.8619,47.9077,6.14
97376,296.8657,38.4076,5.83
97402,296.9521,25.3841,6.0
97421,297.0046,-56.3623,5.33
97423,297.0125,-13.7036,6.11
97433,297.0426,70.2678,3.84
97454,297.1271,10.6941,6.44
97473,297.1752,11.8159,5.75
97484,297.2091,-12.3194,6.47
97485,297.2108,33.4373,6.42
97491,297.2295,-52.888,6.27
97496,297.2444,19.142,5.01
97499,297.2591,-10.8707,6.0
97515,297.298,-28.7887,6.04
97534,297.3554,-72.5034,5.39
97538,297.3646,38.7102,6.12
97569,297.4726,-66.8131,6.44
97572,297.478,28.4397,6.45
97573,297.4825,27.0852,6.46
97598,297.5586,-47.5574,5.91
97607,297.5728,7.9024,6.49
97611,297.5906,-61.0611,6.21
97630,297.6416,38.7222,5.18
97634,297.6555,40.5998,5.68
97635,297.6572,52.9882,5.03
97646,297.6866,-59.1936,5.41
97649,297.6945,8.8674,0.76
97650,297.695,-10.7636,5.38
97651,297.6953,37.8263,6.13
97674,297.7546,-65.6047,6.04
97675,297.7563,10.4161,5.12
97679,297.7671,22.6101,4.9
97687,297.7963,-2.4609,6.12
97697,297.8239,9.6299,6.25
97700,297.8307,47.3772,6.22
97709,297.8618,4.0886,6.47
97749,297.9608,-39.8743,5.32
97757,297.9961,47.0273,5.6
97765,298.0066,24.9922,5.54
97767,298.0152,11.6291,6.16
97774,298.0299,47.9318,5.91
97783,298.05,-19.0449,5.88
97789,298.0684,36.4323,6.13
97796,298.0907,18.6719,6.24
97804,298.1182,1.0057,3.87
97816,298.1571,-54.971,5.76
97819,298.163,-54.9765,6.5
97845,298.2552,47.8077,6.3
97849,298.2766,-14.6031,6.47
97870,298.3224,57.5235,5.14
97871,298.328,-3.1145,5.63
97886,298.3653,24.0795,4.57
97892,298.3974,59.7085,6.06
97928,298.5345,-8.5742,5.76
97938,298.5618,8.4617,4.71
97944,298.5743,-23.9401,6.22
97961,298.6294,24.3194,5.56
97966,298.6569,-8.2272,5.7
97967,298.6586,-8.237,6.49
97970,298.6674,7.1404,6.14
97971,298.6685,-61.1708,6.21
97980,298.6866,0.2737,5.6
97985,298.701,36.9957,5.79
98012,298.7713,-33.0462,6.47
98032,298.8153,-41.8684,4.12
98036,298.8282,6.4079,3.71
98038,298.8312,-6.7346,6.49
98044,298.8418,58.2504,6.1
98055,298.9076,52.439,4.91
98066,298.9593,-26.2997,4.7
98068,298.9657,38.4867,4.95
98073,298.9808,58.846,4.98
98085,299.0053,16.6348,5.71
98086,299.0068,-81.3498,6.39
98103,299.0593,11.4237,5.28
98110,299.0767,35.0835,3.89
98111,299.0793,56.687,6.16
98143,299.1839,36.2506,6.03
98146,299.1882,50.9025,6.46
98162,299.2368,-27.1699,4.54
98174,299.2762,-58.9013,5.24
98194,299.3078,40.3678,5.46
98234,299.4393,16.7891,5.54
98253,299.4838,42.2608,6.44
98258,299.4876,-15.4913,5.01
98308,299.6197,63.5342,6.15
98320,299.6431,38.1057,6.33
98325,299.6582,30.9837,5.51
98332,299.6716,-69.1637,5.74
98333,299.6741,70.3668,6.32
98337,299.6891,19.4921,3.51
98346,299.7205,-68.7624,6.38
98351,299.7349,-30.5382,6.27
98353,299.7382,-26.1958,4.84
98375,299.7941,23.1013,5.68
98379,299.8139,52.0557,6.14
98383,299.8351,45.7726,5.92
98385,299.8443,1.3775,6.17
98401,299.9029,76.4815,6.2
98412,299.9341,-35.2762,4.37
98416,299.9479,-9.9573,5.87
98421,299.9637,-34.6976,5.3
98425,299.98,37.0429,5.15
98438,300.0138,17.5165,5.33
98458,300.064,26.1879,6.49
98461,300.0663,-37.7017,5.95
98470,300.084,-33.7027,5.65
98478,300.0963,-66.9489,5.75
98482,300.1058,-49.3509,6.18
98485,300.1103,-43.0433,6.11
98495,300.1475,-72.9102,3.97
98512,300.2013,-45.1129,5.8
98526,300.2457,8.5578,5.9
98543,300.275,27.7536,4.66
98563,300.3137,37.0989,6.23
98571,300.3398,50.1047,5.06
98575,300.3493,-22.7373,6.01
98579,300.3615,-40.8142,6.31
98583,300.3689,64.821,5.22
98609,300.4363,24.8004,5.88
98608,300.4363,-59.3758,4.95
98624,300.4684,-66.9438,5.32
98633,300.4941,-13.6372,5.69
98636,300.5057,24.9379,5.23
98658,300.584,64.6344,6.27
98661,300.5921,22.1515,6.5
98688,300.6644,-27.7099,4.43
98701,300.7034,31.9588,6.39
98702,300.7044,67.8734,4.51
98738,300.8183,18.501,5.99
98754,300.8751,16.0313,5.73
98761,300.8892,-37.9405,4.77
98767,300.9039,29.8981,5.73
98772,300.9117,22.9411,6.45
98785,300.9347,-22.5957,6.44
98819,301.0269,17.0712,5.8
98823,301.0346,7.2779,5.51
98842,301.0815,-32.0563,4.99
98844,301.0965,-0.709,5.67
98858,301.1199,48.2297,6.16
98863,301.1507,32.2186,5.62
98872,301.1855,63.8901,6.24
98890,301.2226,68.0272,6.32
98910,301.2726,-11.5994,6.38
98915,301.278,51.8393,6.14
98920,301.2895,19.9909,5.09
98921,301.2899,38.4782,6.18
98946,301.3396,56.3412,6.19
98954,301.3605,15.5004,6.37
98959,301.3812,-67.3193,6.07
98962,301.3864,61.9952,5.4
99024,301.5508,-4.0781,6.47
99026,301.5568,53.1651,5.81
99031,301.5914,35.9735,5.38
99080,301.7225,23.6144,5.08
99120,301.8465,-52.8808,4.93
99137,301.8961,-55.0161,6.26
99145,301.9227,34.4229,6.12
99158,301.9598,9.3998,6.43
99171,302.0073,-0.678,5.97
99176,302.0271,16.6644,6.39
99188,302.0399,-52.5777,6.47
99200,302.0853,-66.3547,6.45
99221,302.1303,-10.0625,6.18
99234,302.1595,10.7259,6.34
99240,302.1744,-66.1793,3.55
99255,302.2222,77.7114,4.38
99270,302.2659,-47.0678,6.46
99294,302.3432,56.0269,6.49
99303,302.3567,36.8396,4.93
99404,302.6397,26.9041,5.51
99445,302.7647,21.1345,6.24
99453,302.7809,-57.5242,6.36
99457,302.792,-8.8423,6.39
99461,302.7984,-36.0974,5.32
99473,302.8261,-0.8215,3.24
99479,302.8376,21.875,6.24
99500,302.8948,62.0783,5.7
99518,302.9499,26.809,5.51
99529,302.9913,-12.3924,6.34
99531,303.0029,26.4788,5.91
99570,303.0994,-42.7798,6.2
99572,303.1073,-12.617,5.84
99579,303.1322,51.4636,6.01
99585,303.1463,0.8671,6.25
99624,303.2684,-0.3308,6.47
99631,303.3078,-1.0093,5.44
99639,303.3252,46.8157,4.8
99655,303.3492,56.5675,4.28
99663,303.3649,60.6404,5.81
99666,303.3849,-47.7131,6.47
99675,303.4079,46.7413,3.8
99685,303.4284,43.379,6.13
99719,303.5203,36.6049,6.47
99738,303.5605,28.6949,5.19
99742,303.5691,15.1975,4.94
99747,303.5792,-52.4456,5.65
99762,303.6123,-63.4159,6.09
99770,303.6333,36.8061,4.93
99824,303.8162,25.592,4.79
99825,303.8191,-27.0325,5.73
99841,303.8491,33.7294,5.7
99848,303.868,47.7142,3.96
99853,303.876,23.5089,5.18
99870,303.9302,50.2329,6.36
99874,303.9423,27.8142,4.5
99878,303.9608,-30.0053,6.3
99889,304.0025,45.5797,5.87
99893,304.0143,38.8981,6.28
99894,304.0251,4.5809,6.44
99913,304.0824,21.5988,6.11
99918,304.095,-12.3371,6.3
99920,304.0984,-36.4535,6.3
99929,304.1173,37.0564,6.47
99951,304.1962,24.6711,5.3
99968,304.2303,40.3651,5.27
100016,304.3711,42.7221,6.32
100017,304.3776,66.853,5.91
100018,304.3814,29.1475,6.24
100027,304.4119,-12.5082,4.3
100044,304.4467,38.0329,4.77
100062,304.5057,-21.8099,5.86
100064,304.5134,-12.5449,3.58
100069,304.5291,40.7321,5.83
100097,304.6032,55.3972,5.76
100108,304.6193,36.9998,5.58
100122,304.6628,34.9828,5.14
100142,304.707,46.3222,6.46
100151,304.7332,-47.7108,6.28
100155,304.7397,39.0042,6.35
100165,304.7625,-63.2306,6.27
100184,304.8237,-47.5798,6.13
100195,304.8483,-19.1185,5.28
100208,304.8721,13.2168,6.2
100221,304.9029,62.2574,5.71
100232,304.9302,-1.0786,6.05
100250,304.9835,46.8373,6.49
100256,305.0008,13.5481,5.96
100261,305.0249,68.8803,5.59
100268,305.0634,39.4033,6.22
100274,305.0855,14.5692,6.17
100276,305.0892,17.793,5.82
100295,305.1277,53.5957,6.23
100300,305.1346,-55.0508,6.27
100310,305.1659,-12.759,4.77
100325,305.1938,-14.7849,6.09
100332,305.2161,-35.6737,6.46
100345,305.2527,-14.7814,3.05
100357,305.298,63.9801,5.69
100379,305.3686,-66.7497,6.49
100412,305.4223,-49.9988,6.26
100434,305.5127,41.1321,6.38
100435,305.5143,24.4461,5.5
100437,305.5223,45.7949,5.58
100453,305.5571,40.2567,2.23
100469,305.6145,-42.0493,5.6
100486,305.6555,31.265,6.09
100501,305.6887,41.0261,5.95
100511,305.718,14.5511,6.16
100515,305.7312,42.9834,6.2
100524,305.7532,-9.6547,6.29
100541,305.7946,5.3431,5.3
100574,305.9349,37.4764,5.87
100587,305.965,32.1902,4.43
100591,305.9716,-42.4229,5.64
100651,306.1348,53.5519,6.49
100664,306.1562,1.0684,6.14
100672,306.174,1.3686,6.41
100697,306.2283,-83.3106,6.15
100714,306.2708,59.6001,6.44
100738,306.3618,-28.6633,5.86
100751,306.4119,-56.7349,1.94
100754,306.4188,21.4097,5.68
100758,306.4272,-2.8003,6.1
100762,306.4338,10.0561,6.32
100764,306.45,-40.796,6.08
100779,306.5048,19.8654,6.45
100781,306.5066,13.9117,6.35
100807,306.5965,17.3156,6.23
100808,306.5978,56.6387,6.38
100852,306.7214,-37.4026,6.24
100859,306.7592,49.3832,5.73
100866,306.7824,34.3291,6.39
100876,306.8091,20.4765,6.44
100881,306.83,-18.2117,5.08
100907,306.8928,38.4405,5.63
100953,307.0313,8.4374,6.23
100965,307.0602,81.4227,5.38
100969,307.0699,2.9372,6.2
100977,307.1037,-3.3577,6.12
101011,307.1816,-15.7415,6.41
101017,307.1947,-35.5958,6.09
101027,307.2151,-17.8137,4.77
101044,307.2617,83.6255,6.19
101067,307.335,36.4547,5.9
101076,307.3489,30.3686,4.01
101084,307.3629,56.0682,5.89
101082,307.3638,81.0907,5.96
101090,307.3806,-22.3915,6.13
101093,307.3951,62.9941,4.21
101101,307.4123,-2.8855,4.91
101123,307.4745,-18.583,5.94
101133,307.4995,45.9282,6.43
101134,307.503,72.5318,6.23
101138,307.5147,48.9516,4.94
101160,307.5748,10.8959,6.03
101211,307.7366,-29.1127,6.35
101213,307.7421,20.606,6.21
101214,307.7468,36.9358,6.21
101221,307.768,-15.0561,6.1
101243,307.8284,49.2204,5.44
101245,307.838,52.3094,6.2
101260,307.8767,74.9547,5.18
101268,307.9011,34.3305,6.47
101285,307.9438,56.7799,6.14
101300,307.9924,25.805,6.37
101339,308.085,2.1328,6.47
101345,308.098,-9.8536,5.66
101384,308.2181,-24.9437,6.35
101421,308.3032,11.3033,4.03
101427,308.3234,-80.9648,5.76
101467,308.4523,41.7728,6.5
101474,308.4758,35.2509,4.61
101475,308.4785,46.6939,5.78
101477,308.4794,-44.516,5.12
101483,308.4875,13.0272,5.39
101489,308.4997,4.8987,6.42
101505,308.5416,20.9852,6.49
101507,308.5486,-13.7213,6.11
101552,308.6974,-30.4734,6.42
101556,308.71,51.8542,6.19
101558,308.7311,-38.0899,6.45
101570,308.7764,-71.1888,6.41
101589,308.8271,14.6742,4.64
101608,308.8842,-16.5258,6.19
101612,308.8949,-60.5813,4.75
101623,308.9492,-44.3376,6.36
101626,308.9653,-69.6105,6.09
101641,309.0347,25.8826,6.4
101684,309.1597,-63.1208,6.34
101692,309.1818,-2.5499,4.91
101716,309.2694,26.462,5.59
101746,309.3266,0.097,6.21
101756,309.3482,38.3288,6.21
101765,309.3824,31.5725,6.32
101769,309.387,14.5952,3.64
101772,309.3916,-47.2917,3.11
101773,309.3968,-61.5297,4.86
101800,309.4546,11.3777,5.42
101808,309.4674,-25.1092,6.38
101810,309.4779,18.2684,6.22
101843,309.5775,-81.289,5.89
101847,309.5845,-1.1051,4.31
101867,309.6304,21.2012,4.81
101868,309.633,24.116,5.06
101870,309.6458,23.6805,5.91
101882,309.6833,13.3151,5.69
101899,309.7481,30.3344,5.68
101900,309.7508,56.0049,6.45
101909,309.7707,15.8382,5.99
101911,309.7744,-4.9295,6.46
101916,309.7816,10.0862,5.07
101919,309.7943,21.8174,6.08
101921,309.8052,-2.413,6.23
101923,309.818,-14.9547,5.24
101936,309.8535,0.4865,5.15
101949,309.8888,40.5797,6.07
101958,309.9094,15.9121,3.77
101965,309.9655,-62.9076,6.22
101966,309.966,11.2494,6.39
101983,310.0094,-60.5475,5.11
101984,310.0123,-18.1386,5.15
101986,310.0134,43.459,5.97
101997,310.0477,-23.775,6.36
102011,310.0745,60.5048,6.02
102014,310.0826,-33.4319,5.47
102026,310.1357,-16.1244,5.79
102033,310.1511,29.8054,6.02
102040,310.1878,19.9348,6.43
102057,310.2317,-42.3967,6.25
102066,310.2606,32.3073,5.53
102080,310.3176,14.5829,6.01
102092,310.3483,-31.5981,5.75
102094,310.3511,-25.9999,6.29
102096,310.3526,-42.1337,6.28
102098,310.358,45.2803,1.25
102155,310.4854,41.7169,5.68
102157,310.4878,-66.7606,5.14
102158,310.4923,17.5214,6.24
102162,310.5105,-76.1806,5.99
102177,310.5526,50.34,5.41
102208,310.6462,82.5311,5.75
102216,310.6654,60.6014,6.17
102230,310.7206,-39.5588,6.3
102253,310.7958,66.6574,5.59
102258,310.807,57.114,6.34
102276,310.8508,35.5878,6.48
102281,310.8648,15.0747,4.43
102333,311.0091,-51.9208,4.51
102358,311.0918,56.4884,5.91
102370,311.1378,69.7519,6.5
102388,311.2188,25.271,4.92
102395,311.2398,-66.2032,3.42
102414,311.3047,-27.2473,6.5
102422,311.322,61.8368,3.41
102431,311.3383,57.5803,4.52
102453,311.4157,30.7197,4.22
102485,311.524,-25.2705,4.13
102487,311.5416,-21.514,5.91
102488,311.5518,33.9695,2.48
102496,311.5774,-36.12,6.49
102497,311.5835,-39.1992,5.48
102499,311.5887,52.9956,6.34
102530,311.6609,46.5317,6.3
102531,311.6619,16.1246,5.15
102532,311.6647,16.1248,4.27
102561,311.7649,-2.4869,6.28
102571,311.7947,34.3741,4.93
102585,311.8365,45.58,6.41
102589,311.8522,36.4907,4.53
102599,311.8898,80.5524,5.36
102618,311.9189,-9.4957,3.78
102624,311.9343,-5.0276,4.43
102631,311.9494,3.3064,6.38
102633,311.9514,6.0082,5.57
102635,311.9554,47.8319,5.6
102642,311.9704,52.4076,6.29
102670,312.0765,-44.1967,6.47
102693,312.1208,-43.9883,5.11
102712,312.1781,51.9103,6.26
102724,312.2346,46.1141,4.81
102770,312.3219,-0.5633,6.24
102771,312.3225,64.0423,6.45
102772,312.3234,-25.7812,5.86
102773,312.3261,-68.7764,5.41
102780,312.3356,-18.0358,6.2
102790,312.3705,-46.2269,4.9
102804,312.407,50.1271,6.5
102805,312.4072,12.5449,6.01
102819,312.451,7.8642,6.32
102827,312.4777,46.6613,6.33
102831,312.492,-33.7797,4.89
102833,312.4961,5.5446,6.2
102843,312.5201,44.059,5.06
102891,312.6738,-12.5447,5.87
102901,312.6965,-32.0545,6.42
102916,312.7532,-37.9133,5.52
102945,312.8571,-5.6266,5.99
102949,312.8676,28.2505,5.66
102950,312.8752,-51.6082,5.06
102962,312.91,-62.4292,5.67
102978,312.9554,-26.9191,4.12
102989,312.9948,-33.178,6.06
102993,313.0016,32.8489,6.42
103004,313.0322,27.0971,4.56
103005,313.0362,-5.507,5.55
103045,313.1634,-8.9832,4.73
103071,313.2546,-23.7831,6.32
103077,313.2732,-11.5738,6.38
103079,313.2807,29.6493,6.36
103089,313.3114,44.3873,4.8
103094,313.3273,45.1817,5.48
103103,313.3539,-30.7189,6.35
103127,313.4173,-39.8096,5.34
103145,313.4746,33.4378,5.47
103154,313.4932,-6.8894,6.44
103168,313.5274,-27.9252,6.41
103200,313.6402,28.0576,5.03
103206,313.6462,-50.7273,6.23
103219,313.6845,75.9255,5.99
103226,313.6994,-17.9229,5.78
103227,313.7024,-58.4541,3.67
103294,313.9028,13.7216,5.19
103298,313.9106,12.5685,5.54
103301,313.9193,4.5327,6.04
103312,313.9575,47.4177,5.68
103346,314.0709,56.8875,6.23
103359,314.106,50.7286,5.83
103360,314.1079,49.1958,5.92
103371,314.1449,44.9247,5.96
103389,314.197,-26.2962,5.7
103401,314.2251,-9.6975,5.49
103413,314.2934,41.1672,3.94
103414,314.294,0.4639,6.06
103460,314.4192,-16.0315,5.89
103511,314.5681,22.3259,5.3
103519,314.5808,44.4715,5.55
103527,314.6082,10.8394,5.51
103530,314.6251,50.4618,5.59
103532,314.6289,41.9399,6.17
103545,314.6745,-14.4831,5.95
103569,314.7689,4.2938,5.3
103571,314.7716,4.295,5.24
103596,314.8525,42.3245,6.47
103598,314.8556,59.4386,5.54
103616,314.9006,-19.0352,6.26
103632,314.9565,47.5209,4.74
103646,314.9984,-36.1295,6.1
103652,315.0165,7.5162,5.98
103673,315.0899,-51.2656,5.76
103675,315.1154,19.3297,5.69
103682,315.1409,-4.7299,6.21
103693,315.1809,-53.739,6.26
103703,315.2158,-17.5309,6.07
103732,315.2955,46.1558,5.38
103734,315.3036,36.026,6.01
103738,315.3228,-32.2578,4.67
103752,315.3668,-68.2096,6.36
103777,315.4386,-26.8809,6.04
103810,315.5375,56.6696,5.83
103822,315.5873,39.509,6.5
103828,315.6009,44.791,6.18
103836,315.6127,-38.5306,5.93
103871,315.7026,45.8489,6.5
103882,315.7416,-38.6312,5.32
103889,315.7484,-0.9247,6.5
103891,315.7574,14.73,6.33
103892,315.7629,1.5322,6.24
103894,315.7701,38.6574,6.1
103902,315.7924,-27.7315,6.25
103929,315.8585,50.3518,6.37
103949,315.9312,46.8633,6.32
103956,315.9483,53.2858,5.93
103963,315.9672,41.6283,6.34
103981,316.0196,-5.823,5.53
104019,316.1014,-19.8549,4.82
104031,316.1443,5.5029,5.63
104041,316.1735,2.9423,6.41
104043,316.1793,-77.0229,5.13
104048,316.1888,2.2699,6.34
104060,316.2327,43.9279,3.72
104085,316.3093,-54.727,5.17
104101,316.3616,5.9585,5.94
104105,316.3717,78.1263,5.91
104139,316.4866,-17.2327,4.08
104148,316.5047,-30.125,5.69
104171,316.5975,71.4321,5.88
104172,316.5977,26.9244,6.13
104174,316.6028,-32.3416,5.2
104177,316.6062,-41.3859,5.55
104185,316.626,31.1847,5.77
104194,316.6504,47.6484,4.56
104202,316.6658,3.803,6.48
104214,316.7118,38.7415,5.2
104217,316.7175,38.7344,6.05
104234,316.782,-25.0057,4.49
104281,316.8901,15.6588,6.27
104296,316.9354,-45.3795,6.45
104297,316.9362,-17.4558,6.18
104357,317.1173,6.9894,6.14
104364,317.1363,-63.9283,5.75
104365,317.1401,-21.1935,5.3
104371,317.162,30.2057,5.6
104382,317.1917,-88.9565,5.45
104440,317.3397,-73.1723,5.67
104441,317.343,-36.7056,6.47
104452,317.3872,-20.5563,6.25
104459,317.3983,-11.3717,4.5
104481,317.4927,2.9436,6.44
104516,317.5648,53.5631,5.75
104521,317.5853,10.1319,4.7
104537,317.629,47.6922,6.46
104538,317.6305,10.0489,6.07
104557,317.6953,-9.3539,6.27
104597,317.8369,-72.5443,6.18
104634,317.9221,-14.4724,6.47
104642,317.951,59.9866,5.64
104680,318.057,-40.2688,5.83
104732,318.2341,30.2271,3.21
104738,318.2622,-39.4246,5.25
104750,318.3219,-27.6191,5.41
104752,318.3289,-36.4235,5.97
104755,318.3352,-70.1262,5.06
104756,318.34,81.231,6.12
104765,318.3601,36.6333,6.07
104771,318.3699,15.9825,6.27
104788,318.4269,64.4042,6.38
104822,318.5428,29.901,6.18
104858,318.62,10.0077,4.47
104872,318.6543,0.0923,6.38
104887,318.6973,38.0443,3.74
104914,318.7776,-17.3451,6.05
104925,318.8096,-40.5061,6.2
104962,318.9049,47.974,6.45
104963,318.9079,-20.6517,5.17
104968,318.9266,77.0123,5.92
104974,318.9368,-15.1715,5.31
104978,318.941,-53.263,5.73
104980,318.9448,-36.2107,6.13
104987,318.9558,5.2481,3.92
105017,319.0713,44.2382,6.36
105019,319.0741,-9.2147,6.45
105034,319.1234,42.2518,6.23
105046,319.1644,-1.6077,6.48
105064,319.2584,53.9976,6.12
105079,319.3064,-13.279,6.41
105080,319.3093,55.798,6.0
105091,319.3283,58.6115,6.42
105101,319.3466,42.6836,6.17
105102,319.354,39.3947,4.22
105138,319.4794,34.8969,4.41
105140,319.4844,-32.1725,4.71
105143,319.4887,-17.9851,5.4
105148,319.5019,-64.6815,6.32
105164,319.5461,-4.5195,5.83
105186,319.6133,43.946,5.04
105193,319.6351,61.1844,6.43
105199,319.6441,62.5855,2.45
105224,319.7167,11.2033,5.97
105228,319.7263,-28.7657,6.4
105229,319.7306,41.0405,6.15
105259,319.8154,58.6235,5.51
105269,319.8424,38.2375,5.89
105268,319.8426,64.8718,5.19
105282,319.8697,49.5103,5.75
105319,319.9662,-53.4493,4.39
105334,320.0395,-45.0219,6.15
105344,320.0586,22.0262,6.29
105370,320.1396,60.7565,6.11
105382,320.1899,-40.8095,4.8
105390,320.2084,32.4523,6.45
105406,320.256,40.3456,6.39
105411,320.2677,23.8563,5.58
105412,320.268,-4.5602,5.87
105413,320.27,7.3545,5.81
105425,320.3192,-49.9379,6.4
105432,320.3414,32.6128,6.05
105497,320.5016,49.3887,5.68
105502,320.5214,19.8044,4.08
105515,320.5616,-16.8346,4.28
105558,320.6751,30.3099,6.07
105570,320.7233,6.8111,5.16
105574,320.7345,-9.3193,5.99
105576,320.752,-22.669,5.63
105637,320.9516,37.3515,6.46
105646,320.9827,-25.2024,6.47
105652,320.9948,24.2741,5.7
105660,321.0309,25.3124,6.2
105662,321.0331,-22.7471,6.38
105665,321.04,-20.8516,5.38
105668,321.0477,-12.8781,5.48
105678,321.0697,-69.7339,6.28
105685,321.0867,-46.6147,6.3
105689,321.0963,24.5284,6.35
105695,321.1022,10.1742,6.33
105696,321.1033,-41.0067,5.76
105703,321.1416,26.1745,5.67
105727,321.2058,80.5249,5.97
105729,321.2153,-3.3982,6.38
105761,321.3042,-9.7481,5.71
105767,321.3207,-3.5566,5.48
105768,321.3251,-71.7991,6.09
105769,321.3308,46.7142,5.59
105811,321.4459,36.6674,5.93
105819,321.4648,0.5343,6.45
105841,321.5643,-54.6606,6.1
105854,321.5948,-37.8294,5.64
105858,321.6104,-65.3681,4.21
105860,321.6109,19.3756,6.08
105864,321.6166,1.1038,6.12
105881,321.6668,-22.4114,3.77
105891,321.6873,52.8985,6.01
105898,321.7149,48.8351,5.29
105913,321.7569,-42.548,5.5
105928,321.8118,-21.1961,5.78
105942,321.839,37.1168,5.3
105949,321.8554,59.7501,6.11
105966,321.9168,27.6085,5.39
105972,321.9423,66.8091,5.42
106003,322.034,32.2251,5.75
106021,322.1035,8.1957,6.39
106032,322.1649,70.5607,3.23
106039,322.1805,-21.8072,4.5
106044,322.1866,-69.5053,5.47
106052,322.2197,55.4187,6.14
106062,322.249,22.1794,5.84
106064,322.2497,17.9059,6.42
106065,322.2503,-53.7059,6.39
106093,322.3621,46.5403,5.22
106103,322.3937,6.5814,6.41
106140,322.487,23.6388,4.52
106171,322.5846,52.958,6.02
106227,322.7471,60.4594,5.53
106243,322.7901,12.1375,6.1
106267,322.8644,52.6199,6.17
106278,322.8897,-5.5712,2.9
106306,322.9589,23.8452,6.43
106320,323.0119,-84.81,6.42
106327,323.0244,-41.1793,5.29
106340,323.0607,-33.9446,5.97
106363,323.1384,-24.5904,6.43
106393,323.2357,49.9776,5.77
106419,323.3234,-52.7377,6.43
106420,323.3245,45.854,6.27
106424,323.3378,-80.0393,6.47
106429,323.3481,-44.8487,5.57
106474,323.477,-82.6831,6.35
106481,323.4953,45.5921,3.98
106500,323.5716,-42.9247,6.32
106518,323.6144,51.6985,6.17
106527,323.6415,22.7547,6.45
106544,323.6782,1.8292,6.41
106550,323.6912,18.3289,6.47
106551,323.6937,38.5338,4.87
106559,323.7128,-20.0844,5.7
106564,323.7208,-29.6961,6.42
106590,323.8163,-23.4543,6.39
106592,323.8234,-3.9833,5.79
106595,323.8293,28.1977,6.25
106604,323.858,68.2193,6.47
106605,323.8626,24.4522,6.22
106642,324.0102,45.3746,5.96
106643,324.0212,15.0822,6.5
106654,324.0454,-26.1715,5.73
106661,324.0584,30.0553,6.36
106703,324.2031,-33.0479,6.1
106711,324.2374,40.4135,5.04
106723,324.2701,-19.466,4.51
106752,324.3661,44.6966,6.19
106758,324.3907,-0.3905,6.22
106771,324.4117,54.0422,6.16
106783,324.4317,6.6184,6.19
106786,324.4377,-7.8541,4.68
106787,324.439,19.3186,5.46
106801,324.4801,62.0819,4.76
106818,324.5117,-64.8241,6.22
106856,324.6328,5.7717,5.66
106872,324.6882,25.4988,6.18
106881,324.734,-79.4425,6.17
106886,324.7401,57.489,5.74
106897,324.7546,20.2655,5.77
106907,324.7753,-33.6788,6.28
106938,324.8671,-10.5768,6.07
106944,324.8887,2.2438,5.1
106978,324.9989,-52.359,6.2
106985,325.0223,-16.6623,3.69
106999,325.0461,43.2738,5.09
107030,325.1404,-55.738,6.33
107041,325.1804,54.8721,6.16
107089,325.3686,-77.3895,3.73
107095,325.3872,-14.0469,5.16
107097,325.3928,40.8053,6.07
107119,325.4795,71.3112,4.55
107128,325.5027,-23.2626,5.24
107129,325.5045,35.5102,5.98
107136,325.5236,51.1896,4.69
107140,325.5348,45.7657,6.11
107144,325.5421,1.2853,5.66
107151,325.5644,5.6802,5.3
107162,325.5956,41.077,5.73
107173,325.6373,10.8243,6.06
107186,325.6617,49.6003,6.1
107188,325.6642,-18.8663,4.72
107197,325.6891,59.2708,6.1
107230,325.7672,72.3202,5.18
107232,325.7683,-14.3998,5.88
107235,325.777,41.155,5.51
107238,325.8062,-19.6209,6.23
107253,325.8568,38.2836,5.69
107259,325.8769,58.7801,4.23
107271,325.9158,7.5288,6.47
107297,325.9922,22.8154,6.43
107299,325.9965,-57.3251,6.49
107302,326.0041,-14.7494,5.96
107310,326.035,28.7432,4.49
107315,326.0464,9.875,2.38
107344,326.1225,-38.5521,6.28
107348,326.1279,17.35,4.34
107350,326.13,14.7722,5.96
107354,326.1613,25.645,4.14
107374,326.222,62.4606,5.94
107380,326.2366,-33.0256,4.35
107382,326.251,-9.0824,5.1
107398,326.3017,52.2676,6.4
107409,326.3278,-49.4989,6.46
107418,326.3622,61.1208,4.25
107423,326.37,-71.0088,6.02
107445,326.4352,35.8573,6.44
107472,326.5182,22.9489,5.29
107487,326.5677,-9.276,6.0
107502,326.5993,25.5634,6.28
107517,326.6337,-11.3659,5.57
107533,326.6984,49.3096,4.23
107555,326.7536,70.1509,6.45
107556,326.7595,-16.1266,2.85
107558,326.7696,17.1941,6.18
107575,326.8082,2.6861,5.63
107586,326.8554,60.6927,5.53
107596,326.9092,-5.9168,6.17
107608,326.9341,-30.8983,5.02
107637,327.035,36.5804,6.25
107649,327.065,-47.3029,5.57
107664,327.1223,38.6486,6.1
107710,327.2838,66.7922,6.49
107723,327.3292,61.2728,6.18
107734,327.3619,20.4624,6.27
107749,327.4171,41.1488,6.48
107750,327.4209,-12.7229,6.31
107763,327.4612,30.1743,5.07
107773,327.5005,-64.7124,5.62
107788,327.536,17.286,5.34
107797,327.554,-16.8449,6.38
107835,327.6968,-69.6294,5.52
107843,327.726,-82.7188,5.27
107856,327.7707,39.5366,6.2
107887,327.8926,19.8266,5.78
107893,327.9052,65.7528,6.37
107901,327.9236,-18.6228,6.19
107930,328.0043,55.7967,5.7
107956,328.0757,21.2731,6.27
107975,328.1248,28.7937,5.52
108022,328.2657,25.9251,5.09
108036,328.3233,-13.5518,5.08
108060,328.4057,19.6684,5.69
108085,328.4819,-37.3648,3.0
108090,328.4905,6.8648,6.14
108102,328.5431,-4.276,5.71
108119,328.5727,19.7182,6.36
108133,328.6106,80.3086,6.43
108144,328.6496,-3.3012,6.24
108165,328.7215,56.6112,5.74
108195,328.7972,-61.8864,5.92
108209,328.8358,61.5418,6.17
108226,328.8791,65.3208,5.84
108259,328.9817,-30.6059,6.41
108268,329.0143,-52.4637,6.5
108281,329.0585,-57.8996,6.17
108294,329.095,-37.2536,5.45
108296,329.0999,21.2398,6.39
108317,329.1631,63.6256,5.11
108339,329.235,12.0765,5.54
108347,329.2589,-37.7469,6.18
108364,329.2962,66.1562,6.41
108420,329.4628,74.9967,6.32
108431,329.4793,-54.9926,4.4
108453,329.5553,-5.4247,6.33
108478,329.6253,-59.0122,6.13
108494,329.6824,-21.1829,6.06
108505,329.7229,62.698,5.96
108506,329.7291,-4.3725,6.24
108513,329.7485,19.0204,6.5
108535,329.8129,73.1803,5.04
108543,329.8245,-38.3951,5.5
108612,330.033,6.7174,6.0
108626,330.1009,-55.8835,6.02
108632,330.1113,33.0058,6.46
108661,330.2092,-28.4537,5.43
108691,330.2709,0.6047,5.6
108693,330.2721,13.12,5.61
108699,330.2885,8.2572,5.65
108758,330.4607,52.8822,5.79
108759,330.4694,-77.6625,6.39
108766,330.5057,10.9738,6.36
108772,330.5191,58.0004,5.55
108784,330.5491,-17.9033,6.28
108797,330.6094,-16.9648,6.39
108845,330.7362,44.6499,5.57
108849,330.7656,-76.1183,5.94
108868,330.8185,-6.5224,5.55
108870,330.8227,-56.7798,4.69
108874,330.8285,-2.1553,4.74
108875,330.8293,11.3866,5.83
108917,330.9465,64.6278,4.26
108924,330.9705,63.1198,5.26
108952,331.0993,-29.9165,6.45
108969,331.1438,32.9418,6.36
108975,331.1532,-26.8223,5.97
108991,331.1976,-0.9062,5.29
109005,331.252,62.7855,5.27
109009,331.2645,14.816,6.38
109017,331.2866,62.2798,5.07
109023,331.2971,26.6736,5.75
109033,331.3189,46.7449,6.16
109056,331.3944,28.964,5.69
109068,331.4195,5.0583,4.86
109074,331.4459,-0.3198,2.95
109079,331.4602,45.1125,6.5
109081,331.4623,-59.6359,5.62
109082,331.4634,48.2315,6.26
109102,331.5082,45.0144,5.09
109111,331.5288,-39.543,4.47
109121,331.551,45.2487,6.19
109124,331.5565,56.3434,6.38
109139,331.6092,-13.8695,4.29
109176,331.752,25.345,3.77
109190,331.7902,58.8408,6.34
109205,331.8566,53.3074,6.17
109209,331.8688,19.4754,5.74
109212,331.8748,18.0008,6.31
109240,331.9597,21.7031,5.79
109268,332.0578,-46.9606,1.73
109272,332.0679,49.797,6.41
109276,332.0719,25.5436,6.08
109285,332.0956,-32.9884,4.5
109289,332.108,-34.0437,4.99
109303,332.1703,45.7421,6.11
109306,332.1776,-33.1258,6.37
109332,332.2458,-18.5196,5.8
109352,332.307,33.1725,5.58
109375,332.3706,-23.6591,6.36
109400,332.4515,72.3412,4.79
109404,332.4821,-34.015,5.37
109408,332.4909,-48.1075,6.43
109410,332.4969,33.1783,4.28
109412,332.5006,-28.2925,6.44
109422,332.5353,-32.5484,4.94
109427,332.5492,6.1978,3.52
109434,332.5638,72.1113,6.36
109439,332.579,19.6166,6.18
109442,332.5879,-3.894,6.28
109445,332.5918,14.6299,6.36
109458,332.6258,20.978,6.45
109466,332.6404,-4.2669,5.98
109471,332.6561,11.6247,5.78
109472,332.6561,-11.565,5.43
109474,332.6621,70.1325,5.52
109492,332.7136,58.2012,3.39
109493,332.7154,30.553,6.3
109509,332.7596,-21.2327,6.1
109521,332.7907,50.8233,5.38
109556,332.8774,59.4145,5.05
109572,332.9521,56.839,5.24
109577,332.9639,16.0406,5.93
109584,332.9797,-76.1159,6.13
109585,332.9864,59.0844,6.29
109592,333.0084,60.7591,5.37
109602,333.0337,24.9506,5.97
109620,333.0935,63.2911,5.76
109624,333.1073,-14.1938,6.04
109647,333.1829,-4.7206,6.39
109654,333.1992,34.6047,5.34
109659,333.2197,73.3071,6.11
109667,333.2396,-26.3277,6.19
109691,333.2917,18.2799,6.5
109693,333.2924,86.1079,5.27
109730,333.411,28.608,5.87
109737,333.4349,-25.1809,5.58
109745,333.4549,45.4406,5.53
109746,333.4571,63.1624,6.13
109754,333.4696,39.7149,4.5
109786,333.5751,-21.0747,5.33
109788,333.5769,17.1896,6.5
109789,333.5781,-27.7669,5.45
109821,333.6592,-41.3797,6.23
109831,333.6847,42.954,5.72
109857,333.757,57.0435,4.18
109902,333.896,-44.4515,6.1
109908,333.9037,-41.3468,4.79
109937,333.9924,37.7487,4.14
109939,333.9992,8.5496,6.21
109972,334.1105,57.2202,5.88
109973,334.1107,-41.6272,5.11
109977,334.1236,27.804,6.38
109984,334.1403,-1.5964,6.16
109990,334.156,-25.8981,6.14
110000,334.2002,-12.8314,5.34
110003,334.2082,-7.7832,4.17
110009,334.2192,-9.04,5.8
110018,334.2491,-23.1401,6.17
110023,334.2771,-5.3872,5.75
110055,334.368,49.1269,6.46
110078,334.4612,-77.5116,5.49
110091,334.5179,-0.2375,6.39
110103,334.5525,62.8044,5.75
110109,334.5633,-53.6255,5.36
110130,334.6257,-60.2595,2.87
110171,334.734,37.7692,6.19
110179,334.7529,-13.305,5.96
110256,335.0062,-80.4396,5.09
110273,335.0496,-7.8211,5.35
110298,335.1149,5.7895,5.37
110311,335.151,-57.5098,6.41
110314,335.1616,58.4099,6.46
110316,335.1647,50.9808,6.4
110341,335.2324,8.1867,6.18
110346,335.2502,26.9352,6.46
110351,335.2564,46.5366,4.55
110371,335.3305,28.3305,4.78
110386,335.3795,12.2052,4.82
110391,335.3982,-21.598,5.12
110395,335.4137,-1.3874,3.86
110408,335.4619,42.0782,6.38
110478,335.6841,-45.9479,6.42
110487,335.7095,36.6589,6.45
110497,335.7507,57.2846,6.18
110498,335.7521,62.4193,6.04
110504,335.7792,55.9632,6.44
110506,335.7825,-45.9283,5.62
110529,335.8783,-24.7627,5.53
110532,335.884,-7.1944,5.92
110538,335.8902,52.2295,4.42
110548,335.914,20.8483,6.2
110566,335.9753,38.5733,6.18
110578,336.0286,-4.837,5.79
110602,336.1126,-13.5294,5.76
110609,336.1291,49.4764,4.55
110618,336.1433,-72.2538,5.28
110649,336.2341,-57.7966,5.31
110668,336.2933,-70.4315,5.78
110672,336.3192,1.3774,4.8
110696,336.4195,18.4442,6.26
110712,336.4626,-75.0157,6.12
110725,336.5033,70.7709,5.47
110746,336.5446,-23.6824,6.29
110778,336.6423,-16.7421,5.55
110785,336.6551,4.3936,5.76
110787,336.6769,78.7859,5.83
110790,336.6898,37.4437,6.46
110817,336.7721,65.1323,5.52
110838,336.8328,-64.9664,4.51
110849,336.8604,39.81,6.16
110873,336.9426,31.84,6.0
110882,336.9645,4.6964,4.78
110907,337.0465,27.0189,6.48
110919,337.0812,64.0852,6.3
110935,337.156,-67.4889,5.56
110936,337.1633,-39.1314,5.47
110960,337.2075,-0.0201,3.65
110986,337.2831,9.1291,5.6
110988,337.2885,58.4041,6.31
110992,337.2925,26.7632,5.79
110991,337.2927,58.4152,4.07
110997,337.3173,-43.4956,3.97
111022,337.3826,47.7069,4.34
111043,337.4394,-43.7492,4.12
111045,337.4414,-27.1072,5.95
111056,337.4707,78.8243,5.45
111062,337.4915,4.4321,5.51
111066,337.5058,-12.9151,6.41
111068,337.5075,32.5727,5.64
111072,337.5272,49.3565,6.41
111086,337.5722,-14.5857,6.36
111104,337.6219,43.1234,4.52
111123,337.6617,-10.6779,4.82
111138,337.7239,-26.0736,6.43
111169,337.8224,50.2824,3.76
111170,337.8259,-6.5549,6.15
111171,337.8268,-2.9112,6.15
111188,337.8762,-32.346,4.29
111191,337.8932,29.5428,6.33
111196,337.9076,-85.9674,5.76
111200,337.922,-10.9055,6.39
111242,338.0678,76.2265,5.7
111247,338.0779,54.037,6.41
111259,338.1099,39.7798,5.88
111278,338.1474,20.2299,6.43
111296,338.1954,15.8632,6.35
111310,338.2501,-61.9821,4.91
111314,338.2612,69.9134,6.01
111325,338.3198,70.3737,6.26
111362,338.419,56.6246,5.72
111394,338.512,-1.5742,5.88
111449,338.6729,-20.7079,5.21
111497,338.8389,-0.1174,4.04
111504,338.8598,-78.7716,6.15
111515,338.9015,-23.9911,5.97
111532,338.9407,73.6431,5.08
111539,338.9534,-17.4603,6.39
111543,338.9666,56.0706,6.37
111546,338.9679,39.6343,5.73
111548,338.9701,-57.8837,6.22
111550,338.9724,50.0708,6.29
111567,339.0329,35.5776,6.11
111594,339.122,-40.5825,6.28
111600,339.1478,-31.6637,5.82
111601,339.1514,11.6966,6.42
111627,339.2029,35.6524,6.28
111643,339.2451,-40.5909,5.85
111649,339.2702,12.5769,6.3
111660,339.3036,75.3718,5.8
111674,339.3436,51.5454,4.64
111710,339.4393,-4.2278,5.04
111753,339.5725,45.183,6.38
111761,339.5921,-7.8976,6.23
111795,339.6578,56.7957,5.11
111797,339.6627,63.5845,5.19
111801,339.6863,-28.7482,6.46
111809,339.7144,-33.0814,5.66
111810,339.7192,19.5225,5.84
111841,339.8153,39.0503,4.89
111869,339.893,37.5928,6.03
111879,339.9338,-28.3256,6.3
111884,339.9459,19.6811,6.33
111925,340.0767,53.846,5.94
111934,340.0932,-30.6584,5.88
111944,340.1283,44.2763,4.5
111954,340.1639,-27.0436,4.18
111965,340.1998,-3.5541,6.32
111967,340.2036,-57.4223,5.98
111974,340.2188,14.5489,5.72
112029,340.3653,10.8314,3.41
112031,340.3694,40.2255,5.25
112032,340.3803,30.9659,6.36
112041,340.3998,41.549,5.93
112051,340.4392,29.3077,4.8
112067,340.4892,14.5164,5.92
112078,340.5249,-5.1018,6.28
112098,340.5867,53.9088,6.14
112102,340.592,-29.361,6.12
112117,340.6537,-47.21,5.99
112122,340.6664,-46.8846,2.07
112127,340.6794,-44.2481,6.06
112144,340.731,37.8027,6.43
112158,340.7505,30.2213,2.93
112168,340.7642,-8.3114,6.45
112170,340.768,47.1688,6.39
112179,340.8094,-6.9629,6.4
112203,340.8749,-41.4141,4.84
112211,340.8969,-18.8303,4.68
112241,341.0217,39.4654,5.93
112242,341.0229,41.8192,5.11
112259,341.0686,-60.4997,6.29
112300,341.2047,52.5172,6.43
112305,341.2207,39.2011,6.47
112324,341.2654,58.1474,6.45
112358,341.3675,19.3664,6.27
112368,341.3943,30.4434,6.37
112374,341.4077,-53.5002,4.84
112381,341.42,-46.5473,5.52
112405,341.5155,-81.3816,4.13
112417,341.5421,44.546,5.84
112432,341.6176,-49.6851,6.49
112440,341.6327,23.5657,3.97
112447,341.6727,12.1741,4.2
112501,341.83,-34.1618,6.28
112508,341.8468,58.483,6.33
112519,341.8706,83.1537,4.77
112529,341.8883,-19.6129,5.24
112533,341.8988,-65.5602,6.49
112542,341.9281,-14.0564,5.68
112567,341.9839,-25.9117,6.31
112590,342.0461,37.4168,5.82
112603,342.0887,-61.6844,6.36
112615,342.1258,-10.5555,6.19
112623,342.1383,-51.3167,3.49
112635,342.1843,62.9385,6.07
112641,342.1995,54.4149,6.14
112670,342.2528,68.5701,6.19
112694,342.3227,-70.3481,6.35
112716,342.398,-13.5925,4.05
112724,342.4205,66.2007,3.5
112731,342.4426,55.9027,5.43
112746,342.4969,-32.8054,6.34
112748,342.5004,24.6017,3.51
112761,342.542,50.6769,6.23
112778,342.5907,41.9534,5.91
112781,342.5948,-80.1238,5.32
112832,342.7589,-39.1568,5.43
112833,342.7622,85.3735,5.89
112862,342.8373,-29.5363,5.99
112864,342.8438,61.6966,5.61
112895,342.9375,-59.8813,6.47
112917,343.0081,43.3124,4.95
112924,343.0416,-63.1886,6.14
112935,343.099,9.8356,5.16
112948,343.1315,-32.8755,4.46
112961,343.1536,-7.5797,3.73
112986,343.2176,50.4123,6.46
112997,343.2595,16.8413,5.86
112998,343.2657,60.101,6.01
113009,343.2974,40.1674,6.33
113031,343.3695,-11.6165,5.8
113044,343.4073,-48.5981,6.03
113048,343.4173,44.7492,5.79
113080,343.5233,-19.1751,6.37
113084,343.5288,40.3768,5.82
113116,343.6016,84.3461,4.7
113127,343.6422,-7.2045,6.2
113131,343.6484,16.9419,6.39
113136,343.6627,-15.8208,3.27
113137,343.6648,-70.0739,6.04
113148,343.69,-16.2717,5.53
113167,343.7478,1.0649,6.11
113174,343.7608,37.0768,5.91
113184,343.7956,-4.9879,5.72
113186,343.8068,8.8161,4.91
113189,343.812,-36.3886,6.4
113204,343.8774,-20.1394,6.36
113222,343.9354,36.3514,5.73
113234,343.9648,-31.6332,6.09
113246,343.9871,-32.5397,4.2
113281,344.0985,41.6039,5.6
113283,344.0993,-31.5652,6.48
113288,344.1083,49.7336,4.99
113307,344.1993,-47.9692,5.72
113327,344.2687,48.6841,5.34
113345,344.3217,-4.8101,6.31
113357,344.366,20.7687,5.45
113360,344.3865,3.8102,6.28
113368,344.4118,-29.6218,1.17
113371,344.4197,39.3088,6.17
113421,344.5648,-2.3953,6.17
113433,344.5984,-1.4102,6.38
113445,344.6452,9.3572,6.43
113447,344.6459,-35.523,6.15
113465,344.6777,7.3402,6.35
113498,344.7875,59.8147,6.46
113501,344.7932,52.6545,6.31
113503,344.7992,11.7289,5.76
113521,344.8642,0.9631,5.43
113531,344.8987,-13.0709,6.12
113532,344.899,-29.4623,5.51
113561,345.0213,56.9454,5.1
113562,345.024,-25.164,5.66
113593,345.1024,-25.6267,6.3
113610,345.1578,0.1858,6.22
113622,345.1787,3.012,5.85
113638,345.2203,-52.7541,4.11
113657,345.2812,-50.95,5.68
113669,345.3306,-28.8539,5.55
113673,345.3459,-22.7908,6.27
113674,345.3485,-7.0611,6.23
113684,345.378,57.1055,6.24
113686,345.3821,-4.7115,5.94
113705,345.4315,3.531,6.44
113726,345.4802,42.326,3.62
113750,345.5472,44.5729,6.43
113781,345.6357,-6.5739,6.18
113784,345.642,-36.4208,6.46
113788,345.6514,42.7578,5.09
113801,345.6845,-20.8704,5.97
113802,345.6881,44.0588,6.37
113852,345.8389,58.5639,6.43
113860,345.874,-34.7496,5.12
113864,345.8869,67.2092,5.25
113881,345.9431,28.0825,2.44
113889,345.9692,3.8201,4.48
113902,345.9985,-41.479,5.79
113904,346.0033,6.6163,6.42
113919,346.0451,50.0517,4.64
113957,346.1649,-53.9646,5.37
113963,346.1901,15.2054,2.49
113969,346.2173,-68.8204,5.53
113994,346.2767,16.5633,6.43
113996,346.2905,-7.6938,5.44
113998,346.3037,-17.0792,6.15
114005,346.3234,1.3072,6.39
114081,346.575,18.5176,6.16
114096,346.6321,19.9108,6.44
114104,346.6534,59.4198,4.84
114119,346.67,-23.7431,4.48
114131,346.7199,-43.5203,4.28
114132,346.7233,-38.8923,5.62
114144,346.7511,9.4095,4.54
114152,346.7708,35.6365,6.38
114155,346.7781,25.4683,4.76
114159,346.7893,-49.6061,6.33
114162,346.7919,52.8166,6.12
114163,346.7935,59.7274,6.41
114167,346.8117,-50.6866,5.81
114187,346.8656,32.8254,6.13
114189,346.8694,21.1344,5.97
114200,346.9137,46.3873,5.3
114210,346.9385,49.2955,5.68
114212,346.9489,63.6335,6.25
114222,346.9743,75.3876,4.41
114227,346.9883,64.2225,6.21
114254,347.0879,-28.8236,5.6
114258,347.0981,-79.4806,6.11
114268,347.1481,-73.5861,6.18
114273,347.1702,2.1276,5.42
114341,347.3615,-21.1725,3.68
114347,347.3811,8.6772,5.05
114365,347.4339,59.3327,5.68
114366,347.4359,-28.0886,5.88
114367,347.4364,-67.8762,6.47
114371,347.4564,-14.5105,6.43
114375,347.4787,-22.4576,4.71
114382,347.4902,-42.8612,5.83
114389,347.5061,9.8221,5.39
114407,347.5405,-40.5914,5.9
114408,347.5499,-66.8577,6.47
114421,347.5893,-45.2466,3.88
114430,347.614,43.5447,5.91
114449,347.6776,17.5944,5.68
114520,347.9341,8.7201,5.15
114526,347.9555,26.8476,6.19
114550,348.0518,-80.9127,6.43
114570,348.1372,49.406,4.53
114607,348.2667,29.4416,6.34
114622,348.3114,57.1676,5.57
114641,348.3605,11.065,5.85
114686,348.4973,19.6339,6.47
114699,348.5249,-62.699,6.12
114714,348.5598,50.6179,6.32
114724,348.5806,-6.0485,4.22
114725,348.5905,29.7718,6.41
114742,348.6517,24.1029,6.36
114745,348.6542,74.2313,5.89
114750,348.6674,-10.6886,6.13
114775,348.7439,-41.1051,5.77
114822,348.8928,-3.4964,5.56
114831,348.9071,70.8881,5.55
114855,348.972,-9.0877,4.24
114921,349.1658,-44.4891,5.92
114924,349.1758,53.214,5.58
114937,349.2077,-41.1944,6.49
114939,349.2123,-7.7265,4.93
114948,349.2395,-62.0011,5.64
114969,349.2864,-28.438,6.24
114971,349.2896,3.2822,3.7
114981,349.3191,45.1643,6.44
114984,349.3286,75.299,6.35
114996,349.3576,-58.2359,3.99
115015,349.4169,-11.713,6.33
115022,349.4359,49.0153,4.82
115033,349.4758,-9.1825,4.41
115036,349.4833,45.4889,6.48
115054,349.5408,-40.8241,5.54
115062,349.5833,-67.4712,6.15
115065,349.5972,41.7737,5.98
115088,349.6559,68.1114,4.75
115102,349.7059,-32.5318,4.41
115115,349.7402,-9.6107,4.99
115121,349.7637,-28.3879,6.49
115126,349.7771,-13.4584,5.2
115129,349.7856,-79.4724,6.34
115142,349.8494,-5.1243,5.56
115144,349.8504,-18.0754,5.96
115148,349.8642,34.7932,6.32
115152,349.8741,48.6252,5.44
115171,349.9224,48.3809,6.29
115178,349.9297,-33.708,6.35
115191,349.9683,42.078,5.81
115218,350.0599,61.9701,6.39
115227,350.0856,5.3815,5.05
115245,350.1439,62.2133,6.41
115250,350.1593,23.7404,4.58
115257,350.1706,-5.9078,6.17
115261,350.1838,44.1163,6.25
115271,350.2063,30.4151,5.58
115272,350.2089,-50.3064,6.04
115280,350.2215,38.1825,5.77
115312,350.3146,-26.9867,5.65
115355,350.4789,31.8125,5.35
115389,350.6191,25.9185,6.38
115395,350.6355,60.1335,5.56
115404,350.6629,-15.0394,5.19
115407,350.6688,20.8287,6.28
115433,350.7362,-60.0558,6.08
115438,350.7429,-20.1003,3.96
115444,350.769,12.314,5.09
115476,350.8829,0.2913,6.33
115496,350.9392,-43.1245,6.12
115510,350.9769,-53.8087,6.13
115522,351.0168,-21.7742,6.46
115528,351.0323,-18.6881,6.18
115530,351.037,41.6129,6.37
115537,351.0552,-51.8911,5.75
115590,351.2094,62.2828,4.96
115591,351.2118,32.3849,5.56
115620,351.3307,-56.8489,5.6
115623,351.3444,23.404,4.42
115669,351.5117,-20.6419,4.38
115709,351.6477,-21.7408,6.43
115713,351.6523,-52.7219,5.53
115738,351.7329,1.2558,4.95
115746,351.7497,87.3075,5.56
115755,351.7805,42.912,5.75
115756,351.7811,-66.5809,6.47
115759,351.7878,-50.1573,6.22
115768,351.8115,1.1227,6.26
115769,351.8122,-58.4763,5.63
115770,351.8184,70.3598,5.6
115806,351.9182,25.1674,5.99
115830,351.9924,6.3791,4.27
115833,352.0029,-35.5445,6.34
115836,352.0149,-87.4822,5.5
115839,352.0214,-11.4497,6.37
115906,352.2529,-9.266,6.2
115907,352.2533,-44.498,6.43
115908,352.2539,-63.1106,5.66
115915,352.2737,23.0483,6.45
115919,352.2886,12.7605,4.54
115945,352.3625,-1.7912,6.35
115953,352.3832,-4.5322,6.26
115990,352.508,58.5489,4.89
115996,352.5308,49.1331,6.19
116030,352.6647,38.6622,6.07
116060,352.7548,-6.288,6.39
116076,352.8217,39.2364,5.22
116097,352.8622,-44.8435,6.02
116106,352.8808,-4.0869,6.5
116118,352.9252,-21.3694,6.24
116119,352.9294,28.4035,6.41
116146,352.9898,-1.0859,6.39
116187,353.121,23.8437,6.41
116231,353.2425,-37.8184,4.38
116247,353.3193,-20.9145,4.7
116250,353.3314,-77.3853,5.82
116264,353.367,22.4988,5.33
116292,353.4291,45.0581,6.25
116307,353.4812,20.841,6.1
116310,353.4881,31.3253,4.97
116323,353.5373,-1.2475,5.91
116354,353.6565,40.2366,5.55
116355,353.6592,33.4973,5.63
116365,353.6947,38.024,6.18
116368,353.7055,-15.2458,5.95
116380,353.746,71.642,5.86
116389,353.7689,-42.6151,4.69
116422,353.8692,1.3132,6.47
116428,353.8836,-7.4645,6.4
116465,353.9831,24.561,6.44
116495,354.0973,2.1021,5.68
116505,354.1272,32.9042,6.35
116582,354.3835,44.429,5.81
116584,354.3904,46.4592,3.81
116591,354.4147,-13.0603,5.66
116592,354.4153,16.8255,6.26
116602,354.4622,-45.4923,4.74
116611,354.4866,18.4006,5.49
116624,354.5124,-15.0948,6.38
116631,354.5341,43.2681,4.29
116653,354.5987,-76.8695,5.99
116709,354.7848,50.4717,5.35
116714,354.7923,75.2928,5.95
116727,354.8374,77.632,3.21
116728,354.8382,74.0026,5.98
116737,354.8664,-46.6379,6.07
116758,354.946,-14.222,4.97
116768,354.9791,9.6773,5.99
116771,354.9868,5.6274,4.13
116781,355.0118,37.6528,6.49
116805,355.1018,44.334,4.15
116820,355.1592,-32.073,5.3
116824,355.1686,36.7207,6.24
116853,355.287,-11.6807,5.89
116876,355.3617,49.5125,6.26
116889,355.3938,-18.0269,5.36
116901,355.4408,-17.8165,4.82
116912,355.4773,57.26,6.24
116918,355.4863,7.2506,5.89
116928,355.512,1.7804,4.49
116941,355.5612,44.9918,6.43
116957,355.6159,-15.448,5.27
116962,355.6309,61.6794,6.4
116971,355.6804,-14.5447,4.49
116972,355.6825,16.3357,6.3
116991,355.7709,51.9393,6.44
117020,355.8432,10.3315,5.09
117073,355.9977,29.3616,4.93
117075,356.0044,-45.0831,6.08
117088,356.0501,-64.4045,5.73
117089,356.0503,-18.2769,5.24
117105,356.1042,-70.4904,6.06
117107,356.1212,-26.2466,6.23
117125,356.1695,-78.7914,5.74
117133,356.2015,55.7997,6.46
117218,356.5035,-18.6784,5.28
117219,356.5049,-40.1825,6.32
117221,356.5085,46.4203,4.97
117245,356.5981,3.4869,4.95
117265,356.653,66.7823,5.95
117299,356.758,57.4514,5.55
117301,356.7641,58.6519,4.88
117314,356.8164,-11.9109,5.74
117315,356.8166,-50.2264,5.18
117340,356.8877,46.8326,6.08
117371,356.9781,67.8068,5.05
117375,356.9854,-2.7616,5.49
117420,357.1353,-6.3804,6.09
117430,357.1626,64.8765,6.41
117445,357.2057,2.2145,6.47
117447,357.2091,62.2145,5.43
117450,357.2246,59.9789,6.33
117452,357.2312,-28.13,4.59
117472,357.2995,58.9632,6.36
117491,357.3645,1.0762,5.77
117494,357.3816,-15.8612,6.21
117500,357.414,28.8423,5.95
117503,357.4207,36.4254,5.86
117510,357.4567,-25.3313,6.44
117541,357.561,-9.9743,5.93
117551,357.5922,51.6217,6.47
117567,357.6386,-14.4014,5.7
117571,357.6485,-47.377,6.49
117628,357.8386,9.3135,5.77
117629,357.8388,-18.9092,5.17
117683,357.991,2.9304,5.59
117689,358.0279,-82.0188,5.1
117710,358.0976,21.6711,6.13
117712,358.1022,75.5445,6.36
117718,358.1221,19.1204,5.06
117722,358.1252,-14.2512,5.85
117730,358.1547,10.9473,5.3
117756,358.2104,-8.9967,5.76
117761,358.2313,-3.1554,5.93
117774,358.2698,2.0907,6.29
117797,358.3367,-24.2292,6.23
117860,358.5891,-27.0429,6.34
117863,358.596,57.4994,4.51
117880,358.6598,-40.3001,6.03
117887,358.6944,0.1093,5.78
117927,358.7824,7.071,6.22
117931,358.8191,-31.9215,6.09
117956,358.8895,47.3558,6.01
117957,358.891,57.4122,6.03
117986,358.9776,15.2303,6.45
118029,359.1248,-24.7372,6.31
118048,359.173,22.6481,6.18
118071,359.2651,42.6582,6.01
118076,359.2838,-26.6235,6.26
118077,359.2854,55.7057,5.57
118081,359.2922,-20.8336,6.45
118092,359.3324,-62.9566,5.95
118114,359.3875,-82.1697,5.72
118116,359.3897,60.0236,6.47
118121,359.3957,-64.2981,5.0
118131,359.4398,25.1415,4.63
118178,359.5882,-15.8475,6.28
118209,359.6684,-3.5558,4.88
118234,359.7322,-52.746,5.13
118243,359.7522,55.7549,4.88
118268,359.8275,6.8636,4.03
118277,359.8663,-29.4852,5.59
118281,359.8722,33.7241,5.81
118322,359.9788,-65.5771,4.49
