{"type": "FeatureCollection", "features": [{"type": "Feature", "properties": {"t": "241-Sport and recreation constructions"}, "geometry": {"type": "Point", "coordinates": [-2.11333, 53.44981]}}, {"type": "Feature", "properties": {"t": "241-Sport and recreation constructions"}, "geometry": {"type": "Point", "coordinates": [-2.11373, 53.45069]}}, {"type": "Feature", "properties": {"t": "2412-Other sport and recreation constructions"}, "geometry": {"type": "Point", "coordinates": [-2.11561, 53.45466]}}, {"type": "Feature", "properties": {"t": "2412-Other sport and recreation constructions"}, "geometry": {"type": "Point", "coordinates": [-2.10579, 53.44971]}}, {"type": "Feature", "properties": {"t": "2411-Sports grounds"}, "geometry": {"type": "Point", "coordinates": [-2.1092, 53.45322]}}, {"type": "Feature", "properties": {"t": "2412-Other sport and recreation constructions"}, "geometry": {"type": "Point", "coordinates": [-2.11989, 53.45027]}}, {"type": "Feature", "properties": {"t": "2412-Other sport and recreation constructions"}, "geometry": {"type": "Point", "coordinates": [-2.11708, 53.45074]}}, {"type": "Feature", "properties": {"t": "2412-Other sport and recreation constructions"}, "geometry": {"type": "Point", "coordinates": [-2.11907, 53.46121]}}, {"type": "Feature", "properties": {"t": "2412-Other sport and recreation constructions"}, "geometry": {"type": "Point", "coordinates": [-2.11915, 53.46507]}}, {"type": "Feature", "properties": {"t": "2412-Other sport and recreation constructions"}, "geometry": {"type": "Point", "coordinates": [-2.11735, 53.47109]}}, {"type": "Feature", "properties": {"t": "2412-Other sport and recreation constructions"}, "geometry": {"type": "Point", "coordinates": [-2.11846, 53.4948]}}, {"type": "Feature", "properties": {"t": "2411-Sports grounds"}, "geometry": {"type": "Point", "coordinates": [-2.10832, 53.45327]}}, {"type": "Feature", "properties": {"t": "2411-Sports grounds"}, "geometry": {"type": "Point", "coordinates": [-2.10889, 53.4542]}}, {"type": "Feature", "properties": {"t": "2411-Sports grounds"}, "geometry": {"type": "Point", "coordinates": [-2.1096, 53.46966]}}, {"type": "Feature", "properties": {"t": "2412-Other sport and recreation constructions"}, "geometry": {"type": "Point", "coordinates": [-2.10855, 53.47764]}}, {"type": "Feature", "properties": {"t": "2412-Other sport and recreation constructions"}, "geometry": {"type": "Point", "coordinates": [-2.10823, 53.47983]}}, {"type": "Feature", "properties": {"t": "2412-Other sport and recreation constructions"}, "geometry": {"type": "Point", "coordinates": [-2.10755, 53.47993]}}, {"type": "Feature", "properties": {"t": "2411-Sports grounds"}, "geometry": {"type": "Point", "coordinates": [-2.10741, 53.4832]}}, {"type": "Feature", "properties": {"t": "2411-Sports grounds"}, "geometry": {"type": "Point", "coordinates": [-2.10721, 53.48329]}}, {"type": "Feature", "properties": {"t": "2412-Other sport and recreation constructions"}, "geometry": {"type": "Point", "coordinates": [-2.10694, 53.48326]}}, {"type": "Feature", "properties": {"t": "2412-Other sport and recreation constructions"}, "geometry": {"type": "Point", "coordinates": [-2.1095, 53.48572]}}, {"type": "Feature", "properties": {"t": "2411-Sports grounds"}, "geometry": {"type": "Point", "coordinates": [-2.11618, 53.45476]}}, {"type": "Feature", "properties": {"t": "2411-Sports grounds"}, "geometry": {"type": "Point", "coordinates": [-2.1164, 53.45492]}}, {"type": "Feature", "properties": {"t": "2412-Other sport and recreation constructions"}, "geometry": {"type": "Point", "coordinates": [-2.11497, 53.45583]}}, {"type": "Feature", "properties": {"t": "2411-Sports grounds"}, "geometry": {"type": "Point", "coordinates": [-2.1133, 53.49269]}}, {"type": "Feature", "properties": {"t": "2411-Sports grounds"}, "geometry": {"type": "Point", "coordinates": [-2.1156, 53.49309]}}, {"type": "Feature", "properties": {"t": "2411-Sports grounds"}, "geometry": {"type": "Point", "coordinates": [-2.11358, 53.49363]}}, {"type": "Feature", "properties": {"t": "2412-Other sport and recreation constructions"}, "geometry": {"type": "Point", "coordinates": [-2.11436, 53.49392]}}, {"type": "Feature", "properties": {"t": "2411-Sports grounds"}, "geometry": {"type": "Point", "coordinates": [-2.1161, 53.49424]}}, {"type": "Feature", "properties": {"t": "2411-Sports grounds"}, "geometry": {"type": "Point", "coordinates": [-2.1132, 53.49463]}}, {"type": "Feature", "properties": {"t": "2411-Sports grounds"}, "geometry": {"type": "Point", "coordinates": [-2.11328, 53.49511]}}, {"type": "Feature", "properties": {"t": "2411-Sports grounds"}, "geometry": {"type": "Point", "coordinates": [-2.1113, 53.46011]}}, {"type": "Feature", "properties": {"t": "2411-Sports grounds"}, "geometry": {"type": "Point", "coordinates": [-2.11242, 53.46344]}}, {"type": "Feature", "properties": {"t": "2412-Other sport and recreation constructions"}, "geometry": {"type": "Point", "coordinates": [-2.10983, 53.46658]}}, {"type": "Feature", "properties": {"t": "2412-Other sport and recreation constructions"}, "geometry": {"type": "Point", "coordinates": [-2.11104, 53.49122]}}, {"type": "Feature", "properties": {"t": "2411-Sports grounds"}, "geometry": {"type": "Point", "coordinates": [-2.11279, 53.4927]}}, {"type": "Feature", "properties": {"t": "2411-Sports grounds"}, "geometry": {"type": "Point", "coordinates": [-2.11214, 53.49311]}}, {"type": "Feature", "properties": {"t": "2412-Other sport and recreation constructions"}, "geometry": {"type": "Point", "coordinates": [-2.11284, 53.51047]}}, {"type": "Feature", "properties": {"t": "2412-Other sport and recreation constructions"}, "geometry": {"type": "Point", "coordinates": [-2.11274, 53.51048]}}, {"type": "Feature", "properties": {"t": "2412-Other sport and recreation constructions"}, "geometry": {"type": "Point", "coordinates": [-2.11262, 53.51051]}}, {"type": "Feature", "properties": {"t": "2412-Other sport and recreation constructions"}, "geometry": {"type": "Point", "coordinates": [-2.10741, 53.50046]}}, {"type": "Feature", "properties": {"t": "2412-Other sport and recreation constructions"}, "geometry": {"type": "Point", "coordinates": [-2.10704, 53.51112]}}, {"type": "Feature", "properties": {"t": "2412-Other sport and recreation constructions"}, "geometry": {"type": "Point", "coordinates": [-2.10704, 53.51127]}}, {"type": "Feature", "properties": {"t": "2412-Other sport and recreation constructions"}, "geometry": {"type": "Point", "coordinates": [-2.10724, 53.51146]}}, {"type": "Feature", "properties": {"t": "2412-Other sport and recreation constructions"}, "geometry": {"type": "Point", "coordinates": [-2.10706, 53.51143]}}, {"type": "Feature", "properties": {"t": "2412-Other sport and recreation constructions"}, "geometry": {"type": "Point", "coordinates": [-2.10724, 53.51159]}}, {"type": "Feature", "properties": {"t": "2412-Other sport and recreation constructions"}, "geometry": {"type": "Point", "coordinates": [-2.10667, 53.51159]}}, {"type": "Feature", "properties": {"t": "2412-Other sport and recreation constructions"}, "geometry": {"type": "Point", "coordinates": [-2.10694, 53.5116]}}, {"type": "Feature", "properties": {"t": "2412-Other sport and recreation constructions"}, "geometry": {"type": "Point", "coordinates": [-2.10648, 53.51158]}}, {"type": "Feature", "properties": {"t": "2412-Other sport and recreation constructions"}, "geometry": {"type": "Point", "coordinates": [-2.1063, 53.51159]}}, {"type": "Feature", "properties": {"t": "2412-Other sport and recreation constructions"}, "geometry": {"type": "Point", "coordinates": [-2.11249, 53.51053]}}, {"type": "Feature", "properties": {"t": "2412-Other sport and recreation constructions"}, "geometry": {"type": "Point", "coordinates": [-2.11236, 53.51056]}}, {"type": "Feature", "properties": {"t": "2412-Other sport and recreation constructions"}, "geometry": {"type": "Point", "coordinates": [-2.11224, 53.51059]}}, {"type": "Feature", "properties": {"t": "2412-Other sport and recreation constructions"}, "geometry": {"type": "Point", "coordinates": [-2.11281, 53.51061]}}, {"type": "Feature", "properties": {"t": "2412-Other sport and recreation constructions"}, "geometry": {"type": "Point", "coordinates": [-2.11212, 53.51061]}}, {"type": "Feature", "properties": {"t": "2412-Other sport and recreation constructions"}, "geometry": {"type": "Point", "coordinates": [-2.11265, 53.51063]}}, {"type": "Feature", "properties": {"t": "2412-Other sport and recreation constructions"}, "geometry": {"type": "Point", "coordinates": [-2.11257, 53.51065]}}, {"type": "Feature", "properties": {"t": "2412-Other sport and recreation constructions"}, "geometry": {"type": "Point", "coordinates": [-2.11201, 53.51064]}}, {"type": "Feature", "properties": {"t": "2412-Other sport and recreation constructions"}, "geometry": {"type": "Point", "coordinates": [-2.1119, 53.51067]}}, {"type": "Feature", "properties": {"t": "2412-Other sport and recreation constructions"}, "geometry": {"type": "Point", "coordinates": [-2.11245, 53.51069]}}, {"type": "Feature", "properties": {"t": "2412-Other sport and recreation constructions"}, "geometry": {"type": "Point", "coordinates": [-2.1118, 53.51069]}}, {"type": "Feature", "properties": {"t": "2412-Other sport and recreation constructions"}, "geometry": {"type": "Point", "coordinates": [-2.1117, 53.51071]}}, {"type": "Feature", "properties": {"t": "2412-Other sport and recreation constructions"}, "geometry": {"type": "Point", "coordinates": [-2.11157, 53.51072]}}, {"type": "Feature", "properties": {"t": "2412-Other sport and recreation constructions"}, "geometry": {"type": "Point", "coordinates": [-2.11234, 53.51072]}}, {"type": "Feature", "properties": {"t": "2412-Other sport and recreation constructions"}, "geometry": {"type": "Point", "coordinates": [-2.11142, 53.51074]}}, {"type": "Feature", "properties": {"t": "2412-Other sport and recreation constructions"}, "geometry": {"type": "Point", "coordinates": [-2.1122, 53.51076]}}, {"type": "Feature", "properties": {"t": "2412-Other sport and recreation constructions"}, "geometry": {"type": "Point", "coordinates": [-2.11216, 53.51078]}}, {"type": "Feature", "properties": {"t": "2412-Other sport and recreation constructions"}, "geometry": {"type": "Point", "coordinates": [-2.11206, 53.5108]}}, {"type": "Feature", "properties": {"t": "2412-Other sport and recreation constructions"}, "geometry": {"type": "Point", "coordinates": [-2.11188, 53.51085]}}, {"type": "Feature", "properties": {"t": "2412-Other sport and recreation constructions"}, "geometry": {"type": "Point", "coordinates": [-2.11179, 53.51085]}}, {"type": "Feature", "properties": {"t": "2412-Other sport and recreation constructions"}, "geometry": {"type": "Point", "coordinates": [-2.1217, 53.45033]}}, {"type": "Feature", "properties": {"t": "2411-Sports grounds"}, "geometry": {"type": "Point", "coordinates": [-2.12035, 53.45969]}}, {"type": "Feature", "properties": {"t": "2411-Sports grounds"}, "geometry": {"type": "Point", "coordinates": [-2.12086, 53.46014]}}, {"type": "Feature", "properties": {"t": "2411-Sports grounds"}, "geometry": {"type": "Point", "coordinates": [-2.12033, 53.46024]}}, {"type": "Feature", "properties": {"t": "2411-Sports grounds"}, "geometry": {"type": "Point", "coordinates": [-2.12095, 53.46033]}}, {"type": "Feature", "properties": {"t": "2411-Sports grounds"}, "geometry": {"type": "Point", "coordinates": [-2.12042, 53.46042]}}, {"type": "Feature", "properties": {"t": "2411-Sports grounds"}, "geometry": {"type": "Point", "coordinates": [-2.12106, 53.46044]}}, {"type": "Feature", "properties": {"t": "2411-Sports grounds"}, "geometry": {"type": "Point", "coordinates": [-2.1207, 53.46051]}}, {"type": "Feature", "properties": {"t": "2411-Sports grounds"}, "geometry": {"type": "Point", "coordinates": [-2.12274, 53.52859]}}, {"type": "Feature", "properties": {"t": "2411-Sports grounds"}, "geometry": {"type": "Point", "coordinates": [-2.12281, 53.5287]}}, {"type": "Feature", "properties": {"t": "2411-Sports grounds"}, "geometry": {"type": "Point", "coordinates": [-2.12288, 53.52882]}}, {"type": "Feature", "properties": {"t": "2411-Sports grounds"}, "geometry": {"type": "Point", "coordinates": [-2.12081, 53.46053]}}, {"type": "Feature", "properties": {"t": "2411-Sports grounds"}, "geometry": {"type": "Point", "coordinates": [-2.12052, 53.46057]}}, {"type": "Feature", "properties": {"t": "2411-Sports grounds"}, "geometry": {"type": "Point", "coordinates": [-2.12034, 53.46057]}}, {"type": "Feature", "properties": {"t": "2411-Sports grounds"}, "geometry": {"type": "Point", "coordinates": [-2.12053, 53.46059]}}, {"type": "Feature", "properties": {"t": "2411-Sports grounds"}, "geometry": {"type": "Point", "coordinates": [-2.1214, 53.51939]}}, {"type": "Feature", "properties": {"t": "2411-Sports grounds"}, "geometry": {"type": "Point", "coordinates": [-2.12247, 53.52886]}}, {"type": "Feature", "properties": {"t": "2411-Sports grounds"}, "geometry": {"type": "Point", "coordinates": [-2.1223, 53.52893]}}, {"type": "Feature", "properties": {"t": "2411-Sports grounds"}, "geometry": {"type": "Point", "coordinates": [-2.12221, 53.53023]}}, {"type": "Feature", "properties": {"t": "2412-Other sport and recreation constructions"}, "geometry": {"type": "Point", "coordinates": [-2.12045, 53.53535]}}, {"type": "Feature", "properties": {"t": "2412-Other sport and recreation constructions"}, "geometry": {"type": "Point", "coordinates": [-2.12055, 53.53609]}}, {"type": "Feature", "properties": {"t": "2412-Other sport and recreation constructions"}, "geometry": {"type": "Point", "coordinates": [-2.11855, 53.53547]}}, {"type": "Feature", "properties": {"t": "2412-Other sport and recreation constructions"}, "geometry": {"type": "Point", "coordinates": [-2.11945, 53.53548]}}, {"type": "Feature", "properties": {"t": "2412-Other sport and recreation constructions"}, "geometry": {"type": "Point", "coordinates": [-2.11934, 53.53549]}}, {"type": "Feature", "properties": {"t": "2412-Other sport and recreation constructions"}, "geometry": {"type": "Point", "coordinates": [-2.11875, 53.53552]}}, {"type": "Feature", "properties": {"t": "2412-Other sport and recreation constructions"}, "geometry": {"type": "Point", "coordinates": [-2.11951, 53.53553]}}, {"type": "Feature", "properties": {"t": "2412-Other sport and recreation constructions"}, "geometry": {"type": "Point", "coordinates": [-2.11849, 53.53553]}}, {"type": "Feature", "properties": {"t": "2412-Other sport and recreation constructions"}, "geometry": {"type": "Point", "coordinates": [-2.11921, 53.53555]}}, {"type": "Feature", "properties": {"t": "2412-Other sport and recreation constructions"}, "geometry": {"type": "Point", "coordinates": [-2.1183, 53.53554]}}, {"type": "Feature", "properties": {"t": "2412-Other sport and recreation constructions"}, "geometry": {"type": "Point", "coordinates": [-2.11893, 53.53557]}}, {"type": "Feature", "properties": {"t": "2412-Other sport and recreation constructions"}, "geometry": {"type": "Point", "coordinates": [-2.11837, 53.53559]}}, {"type": "Feature", "properties": {"t": "2412-Other sport and recreation constructions"}, "geometry": {"type": "Point", "coordinates": [-2.11866, 53.5356]}}, {"type": "Feature", "properties": {"t": "2412-Other sport and recreation constructions"}, "geometry": {"type": "Point", "coordinates": [-2.11957, 53.5356]}}, {"type": "Feature", "properties": {"t": "2412-Other sport and recreation constructions"}, "geometry": {"type": "Point", "coordinates": [-2.1193, 53.53561]}}, {"type": "Feature", "properties": {"t": "2412-Other sport and recreation constructions"}, "geometry": {"type": "Point", "coordinates": [-2.11918, 53.53566]}}, {"type": "Feature", "properties": {"t": "2412-Other sport and recreation constructions"}, "geometry": {"type": "Point", "coordinates": [-2.11886, 53.53564]}}, {"type": "Feature", "properties": {"t": "2412-Other sport and recreation constructions"}, "geometry": {"type": "Point", "coordinates": [-2.11934, 53.53566]}}, {"type": "Feature", "properties": {"t": "2412-Other sport and recreation constructions"}, "geometry": {"type": "Point", "coordinates": [-2.11849, 53.53564]}}, {"type": "Feature", "properties": {"t": "2412-Other sport and recreation constructions"}, "geometry": {"type": "Point", "coordinates": [-2.11963, 53.53567]}}, {"type": "Feature", "properties": {"t": "2412-Other sport and recreation constructions"}, "geometry": {"type": "Point", "coordinates": [-2.11822, 53.53568]}}, {"type": "Feature", "properties": {"t": "2412-Other sport and recreation constructions"}, "geometry": {"type": "Point", "coordinates": [-2.11946, 53.53572]}}, {"type": "Feature", "properties": {"t": "2411-Sports grounds"}, "geometry": {"type": "Point", "coordinates": [-2.06817, 53.45062]}}, {"type": "Feature", "properties": {"t": "2411-Sports grounds"}, "geometry": {"type": "Point", "coordinates": [-2.06488, 53.45917]}}, {"type": "Feature", "properties": {"t": "2411-Sports grounds"}, "geometry": {"type": "Point", "coordinates": [-2.06396, 53.45949]}}, {"type": "Feature", "properties": {"t": "2411-Sports grounds"}, "geometry": {"type": "Point", "coordinates": [-2.07019, 53.45954]}}, {"type": "Feature", "properties": {"t": "2411-Sports grounds"}, "geometry": {"type": "Point", "coordinates": [-2.06866, 53.46001]}}, {"type": "Feature", "properties": {"t": "2411-Sports grounds"}, "geometry": {"type": "Point", "coordinates": [-2.08989, 53.45124]}}, {"type": "Feature", "properties": {"t": "2302-Power plant constructions"}, "geometry": {"type": "Point", "coordinates": [-2.0929, 53.45147]}}, {"type": "Feature", "properties": {"t": "2412-Other sport and recreation constructions"}, "geometry": {"type": "Point", "coordinates": [-2.08507, 53.45691]}}, {"type": "Feature", "properties": {"t": "2412-Other sport and recreation constructions"}, "geometry": {"type": "Point", "coordinates": [-2.07671, 53.45754]}}, {"type": "Feature", "properties": {"t": "2411-Sports grounds"}, "geometry": {"type": "Point", "coordinates": [-2.07601, 53.45775]}}, {"type": "Feature", "properties": {"t": "2411-Sports grounds"}, "geometry": {"type": "Point", "coordinates": [-2.07615, 53.45781]}}, {"type": "Feature", "properties": {"t": "2412-Other sport and recreation constructions"}, "geometry": {"type": "Point", "coordinates": [-2.07688, 53.45803]}}, {"type": "Feature", "properties": {"t": "2411-Sports grounds"}, "geometry": {"type": "Point", "coordinates": [-2.08313, 53.45946]}}, {"type": "Feature", "properties": {"t": "2411-Sports grounds"}, "geometry": {"type": "Point", "coordinates": [-2.08269, 53.45949]}}, {"type": "Feature", "properties": {"t": "2411-Sports grounds"}, "geometry": {"type": "Point", "coordinates": [-2.08301, 53.45987]}}, {"type": "Feature", "properties": {"t": "2411-Sports grounds"}, "geometry": {"type": "Point", "coordinates": [-2.08424, 53.45996]}}, {"type": "Feature", "properties": {"t": "2411-Sports grounds"}, "geometry": {"type": "Point", "coordinates": [-2.08685, 53.46037]}}, {"type": "Feature", "properties": {"t": "2412-Other sport and recreation constructions"}, "geometry": {"type": "Point", "coordinates": [-2.08785, 53.48872]}}, {"type": "Feature", "properties": {"t": "2411-Sports grounds"}, "geometry": {"type": "Point", "coordinates": [-2.08699, 53.50576]}}, {"type": "Feature", "properties": {"t": "2411-Sports grounds"}, "geometry": {"type": "Point", "coordinates": [-2.08663, 53.50581]}}, {"type": "Feature", "properties": {"t": "2412-Other sport and recreation constructions"}, "geometry": {"type": "Point", "coordinates": [-2.08712, 53.53959]}}, {"type": "Feature", "properties": {"t": "2411-Sports grounds"}, "geometry": {"type": "Point", "coordinates": [-2.07892, 53.4614]}}, {"type": "Feature", "properties": {"t": "2411-Sports grounds"}, "geometry": {"type": "Point", "coordinates": [-2.08105, 53.47126]}}, {"type": "Feature", "properties": {"t": "2411-Sports grounds"}, "geometry": {"type": "Point", "coordinates": [-2.0794, 53.47149]}}, {"type": "Feature", "properties": {"t": "2411-Sports grounds"}, "geometry": {"type": "Point", "coordinates": [-2.08133, 53.47175]}}, {"type": "Feature", "properties": {"t": "2411-Sports grounds"}, "geometry": {"type": "Point", "coordinates": [-2.08593, 53.47192]}}, {"type": "Feature", "properties": {"t": "2411-Sports grounds"}, "geometry": {"type": "Point", "coordinates": [-2.08505, 53.47217]}}, {"type": "Feature", "properties": {"t": "2411-Sports grounds"}, "geometry": {"type": "Point", "coordinates": [-2.08163, 53.47223]}}, {"type": "Feature", "properties": {"t": "2412-Other sport and recreation constructions"}, "geometry": {"type": "Point", "coordinates": [-2.0756, 53.47237]}}, {"type": "Feature", "properties": {"t": "2412-Other sport and recreation constructions"}, "geometry": {"type": "Point", "coordinates": [-2.07771, 53.48522]}}, {"type": "Feature", "properties": {"t": "2412-Other sport and recreation constructions"}, "geometry": {"type": "Point", "coordinates": [-2.08458, 53.48702]}}, {"type": "Feature", "properties": {"t": "2411-Sports grounds"}, "geometry": {"type": "Point", "coordinates": [-2.07601, 53.49814]}}, {"type": "Feature", "properties": {"t": "2412-Other sport and recreation constructions"}, "geometry": {"type": "Point", "coordinates": [-2.07939, 53.49817]}}, {"type": "Feature", "properties": {"t": "2412-Other sport and recreation constructions"}, "geometry": {"type": "Point", "coordinates": [-2.08523, 53.4992]}}, {"type": "Feature", "properties": {"t": "2412-Other sport and recreation constructions"}, "geometry": {"type": "Point", "coordinates": [-2.07182, 53.49976]}}, {"type": "Feature", "properties": {"t": "2411-Sports grounds"}, "geometry": {"type": "Point", "coordinates": [-2.07971, 53.5013]}}, {"type": "Feature", "properties": {"t": "2412-Other sport and recreation constructions"}, "geometry": {"type": "Point", "coordinates": [-2.07899, 53.5024]}}, {"type": "Feature", "properties": {"t": "2412-Other sport and recreation constructions"}, "geometry": {"type": "Point", "coordinates": [-2.08132, 53.5025]}}, {"type": "Feature", "properties": {"t": "2412-Other sport and recreation constructions"}, "geometry": {"type": "Point", "coordinates": [-2.08001, 53.50353]}}, {"type": "Feature", "properties": {"t": "2411-Sports grounds"}, "geometry": {"type": "Point", "coordinates": [-2.08586, 53.50459]}}, {"type": "Feature", "properties": {"t": "2411-Sports grounds"}, "geometry": {"type": "Point", "coordinates": [-2.08559, 53.50462]}}, {"type": "Feature", "properties": {"t": "2411-Sports grounds"}, "geometry": {"type": "Point", "coordinates": [-2.08966, 53.47026]}}, {"type": "Feature", "properties": {"t": "2412-Other sport and recreation constructions"}, "geometry": {"type": "Point", "coordinates": [-2.09, 53.47671]}}, {"type": "Feature", "properties": {"t": "2412-Other sport and recreation constructions"}, "geometry": {"type": "Point", "coordinates": [-2.08984, 53.47891]}}, {"type": "Feature", "properties": {"t": "2412-Other sport and recreation constructions"}, "geometry": {"type": "Point", "coordinates": [-2.08919, 53.47971]}}, {"type": "Feature", "properties": {"t": "2412-Other sport and recreation constructions"}, "geometry": {"type": "Point", "coordinates": [-2.08951, 53.49507]}}, {"type": "Feature", "properties": {"t": "2412-Other sport and recreation constructions"}, "geometry": {"type": "Point", "coordinates": [-2.09324, 53.4976]}}, {"type": "Feature", "properties": {"t": "21512-Settling Basin"}, "geometry": {"type": "Point", "coordinates": [-2.09256, 53.51929]}}, {"type": "Feature", "properties": {"t": "2412-Other sport and recreation constructions"}, "geometry": {"type": "Point", "coordinates": [-2.09238, 53.54014]}}, {"type": "Feature", "properties": {"t": "2412-Other sport and recreation constructions"}, "geometry": {"type": "Point", "coordinates": [-2.08888, 53.54039]}}, {"type": "Feature", "properties": {"t": "2412-Other sport and recreation constructions"}, "geometry": {"type": "Point", "coordinates": [-2.08892, 53.54041]}}, {"type": "Feature", "properties": {"t": "2411-Sports grounds"}, "geometry": {"type": "Point", "coordinates": [-2.08533, 53.50466]}}, {"type": "Feature", "properties": {"t": "2411-Sports grounds"}, "geometry": {"type": "Point", "coordinates": [-2.08506, 53.50469]}}, {"type": "Feature", "properties": {"t": "2411-Sports grounds"}, "geometry": {"type": "Point", "coordinates": [-2.08587, 53.50519]}}, {"type": "Feature", "properties": {"t": "2412-Other sport and recreation constructions"}, "geometry": {"type": "Point", "coordinates": [-2.07527, 53.50568]}}, {"type": "Feature", "properties": {"t": "2411-Sports grounds"}, "geometry": {"type": "Point", "coordinates": [-2.07587, 53.50575]}}, {"type": "Feature", "properties": {"t": "2411-Sports grounds"}, "geometry": {"type": "Point", "coordinates": [-2.08071, 53.50582]}}, {"type": "Feature", "properties": {"t": "2411-Sports grounds"}, "geometry": {"type": "Point", "coordinates": [-2.07499, 53.50584]}}, {"type": "Feature", "properties": {"t": "2411-Sports grounds"}, "geometry": {"type": "Point", "coordinates": [-2.0808, 53.50597]}}, {"type": "Feature", "properties": {"t": "2412-Other sport and recreation constructions"}, "geometry": {"type": "Point", "coordinates": [-2.07795, 53.5211]}}, {"type": "Feature", "properties": {"t": "2412-Other sport and recreation constructions"}, "geometry": {"type": "Point", "coordinates": [-2.0762, 53.53293]}}, {"type": "Feature", "properties": {"t": "2411-Sports grounds"}, "geometry": {"type": "Point", "coordinates": [-2.08269, 53.53367]}}, {"type": "Feature", "properties": {"t": "2412-Other sport and recreation constructions"}, "geometry": {"type": "Point", "coordinates": [-2.07388, 53.53665]}}, {"type": "Feature", "properties": {"t": "2412-Other sport and recreation constructions"}, "geometry": {"type": "Point", "coordinates": [-2.07396, 53.53665]}}, {"type": "Feature", "properties": {"t": "2412-Other sport and recreation constructions"}, "geometry": {"type": "Point", "coordinates": [-2.07201, 53.53665]}}, {"type": "Feature", "properties": {"t": "2412-Other sport and recreation constructions"}, "geometry": {"type": "Point", "coordinates": [-2.07404, 53.53665]}}, {"type": "Feature", "properties": {"t": "2412-Other sport and recreation constructions"}, "geometry": {"type": "Point", "coordinates": [-2.07474, 53.53669]}}, {"type": "Feature", "properties": {"t": "2412-Other sport and recreation constructions"}, "geometry": {"type": "Point", "coordinates": [-2.07186, 53.53671]}}, {"type": "Feature", "properties": {"t": "2412-Other sport and recreation constructions"}, "geometry": {"type": "Point", "coordinates": [-2.07519, 53.53671]}}, {"type": "Feature", "properties": {"t": "2412-Other sport and recreation constructions"}, "geometry": {"type": "Point", "coordinates": [-2.07473, 53.53674]}}, {"type": "Feature", "properties": {"t": "2412-Other sport and recreation constructions"}, "geometry": {"type": "Point", "coordinates": [-2.07369, 53.53675]}}, {"type": "Feature", "properties": {"t": "2411-Sports grounds"}, "geometry": {"type": "Point", "coordinates": [-2.0982, 53.44949]}}, {"type": "Feature", "properties": {"t": "21512-Settling Basin"}, "geometry": {"type": "Point", "coordinates": [-2.09463, 53.45201]}}, {"type": "Feature", "properties": {"t": "241-Sport and recreation constructions"}, "geometry": {"type": "Point", "coordinates": [-2.09499, 53.46888]}}, {"type": "Feature", "properties": {"t": "2412-Other sport and recreation constructions"}, "geometry": {"type": "Point", "coordinates": [-2.0948, 53.47542]}}, {"type": "Feature", "properties": {"t": "2412-Other sport and recreation constructions"}, "geometry": {"type": "Point", "coordinates": [-2.10162, 53.46039]}}, {"type": "Feature", "properties": {"t": "21512-Settling Basin"}, "geometry": {"type": "Point", "coordinates": [-2.10012, 53.46582]}}, {"type": "Feature", "properties": {"t": "2412-Other sport and recreation constructions"}, "geometry": {"type": "Point", "coordinates": [-2.1025, 53.48827]}}, {"type": "Feature", "properties": {"t": "2302-Power plant constructions"}, "geometry": {"type": "Point", "coordinates": [-2.10506, 53.47144]}}, {"type": "Feature", "properties": {"t": "21512-Settling Basin"}, "geometry": {"type": "Point", "coordinates": [-2.10543, 53.4722]}}, {"type": "Feature", "properties": {"t": "2412-Other sport and recreation constructions"}, "geometry": {"type": "Point", "coordinates": [-2.10538, 53.48631]}}, {"type": "Feature", "properties": {"t": "2412-Other sport and recreation constructions"}, "geometry": {"type": "Point", "coordinates": [-2.10532, 53.51162]}}, {"type": "Feature", "properties": {"t": "2412-Other sport and recreation constructions"}, "geometry": {"type": "Point", "coordinates": [-2.10507, 53.51164]}}, {"type": "Feature", "properties": {"t": "2412-Other sport and recreation constructions"}, "geometry": {"type": "Point", "coordinates": [-2.10487, 53.51164]}}, {"type": "Feature", "properties": {"t": "2412-Other sport and recreation constructions"}, "geometry": {"type": "Point", "coordinates": [-2.09854, 53.4897]}}, {"type": "Feature", "properties": {"t": "2412-Other sport and recreation constructions"}, "geometry": {"type": "Point", "coordinates": [-2.09871, 53.49017]}}, {"type": "Feature", "properties": {"t": "2412-Other sport and recreation constructions"}, "geometry": {"type": "Point", "coordinates": [-2.10082, 53.4931]}}, {"type": "Feature", "properties": {"t": "2411-Sports grounds"}, "geometry": {"type": "Point", "coordinates": [-2.10205, 53.50019]}}, {"type": "Feature", "properties": {"t": "2412-Other sport and recreation constructions"}, "geometry": {"type": "Point", "coordinates": [-2.10193, 53.50041]}}, {"type": "Feature", "properties": {"t": "2412-Other sport and recreation constructions"}, "geometry": {"type": "Point", "coordinates": [-2.10097, 53.50411]}}, {"type": "Feature", "properties": {"t": "2412-Other sport and recreation constructions"}, "geometry": {"type": "Point", "coordinates": [-2.09878, 53.50541]}}, {"type": "Feature", "properties": {"t": "2412-Other sport and recreation constructions"}, "geometry": {"type": "Point", "coordinates": [-2.10261, 53.51282]}}, {"type": "Feature", "properties": {"t": "2412-Other sport and recreation constructions"}, "geometry": {"type": "Point", "coordinates": [-2.1033, 53.51323]}}, {"type": "Feature", "properties": {"t": "2412-Other sport and recreation constructions"}, "geometry": {"type": "Point", "coordinates": [-2.10321, 53.51323]}}, {"type": "Feature", "properties": {"t": "2411-Sports grounds"}, "geometry": {"type": "Point", "coordinates": [-2.09709, 53.47605]}}, {"type": "Feature", "properties": {"t": "2412-Other sport and recreation constructions"}, "geometry": {"type": "Point", "coordinates": [-2.09471, 53.47683]}}, {"type": "Feature", "properties": {"t": "2412-Other sport and recreation constructions"}, "geometry": {"type": "Point", "coordinates": [-2.0963, 53.48663]}}, {"type": "Feature", "properties": {"t": "2412-Other sport and recreation constructions"}, "geometry": {"type": "Point", "coordinates": [-2.09479, 53.52964]}}, {"type": "Feature", "properties": {"t": "2411-Sports grounds"}, "geometry": {"type": "Point", "coordinates": [-2.09783, 53.53099]}}, {"type": "Feature", "properties": {"t": "2412-Other sport and recreation constructions"}, "geometry": {"type": "Point", "coordinates": [-2.09615, 53.54281]}}, {"type": "Feature", "properties": {"t": "2412-Other sport and recreation constructions"}, "geometry": {"type": "Point", "coordinates": [-2.0962, 53.54282]}}, {"type": "Feature", "properties": {"t": "2412-Other sport and recreation constructions"}, "geometry": {"type": "Point", "coordinates": [-2.09632, 53.54287]}}, {"type": "Feature", "properties": {"t": "2412-Other sport and recreation constructions"}, "geometry": {"type": "Point", "coordinates": [-2.09638, 53.54287]}}, {"type": "Feature", "properties": {"t": "2412-Other sport and recreation constructions"}, "geometry": {"type": "Point", "coordinates": [-2.09645, 53.54289]}}, {"type": "Feature", "properties": {"t": "2412-Other sport and recreation constructions"}, "geometry": {"type": "Point", "coordinates": [-2.1061, 53.51159]}}, {"type": "Feature", "properties": {"t": "2412-Other sport and recreation constructions"}, "geometry": {"type": "Point", "coordinates": [-2.10592, 53.5116]}}, {"type": "Feature", "properties": {"t": "2412-Other sport and recreation constructions"}, "geometry": {"type": "Point", "coordinates": [-2.10724, 53.51164]}}, {"type": "Feature", "properties": {"t": "2412-Other sport and recreation constructions"}, "geometry": {"type": "Point", "coordinates": [-2.107, 53.51165]}}, {"type": "Feature", "properties": {"t": "2412-Other sport and recreation constructions"}, "geometry": {"type": "Point", "coordinates": [-2.10576, 53.51166]}}, {"type": "Feature", "properties": {"t": "2412-Other sport and recreation constructions"}, "geometry": {"type": "Point", "coordinates": [-2.10724, 53.51168]}}, {"type": "Feature", "properties": {"t": "2412-Other sport and recreation constructions"}, "geometry": {"type": "Point", "coordinates": [-2.10701, 53.51168]}}, {"type": "Feature", "properties": {"t": "2412-Other sport and recreation constructions"}, "geometry": {"type": "Point", "coordinates": [-2.10669, 53.51176]}}, {"type": "Feature", "properties": {"t": "2412-Other sport and recreation constructions"}, "geometry": {"type": "Point", "coordinates": [-2.10724, 53.51176]}}, {"type": "Feature", "properties": {"t": "2412-Other sport and recreation constructions"}, "geometry": {"type": "Point", "coordinates": [-2.10704, 53.51177]}}, {"type": "Feature", "properties": {"t": "2412-Other sport and recreation constructions"}, "geometry": {"type": "Point", "coordinates": [-2.10555, 53.51167]}}, {"type": "Feature", "properties": {"t": "2412-Other sport and recreation constructions"}, "geometry": {"type": "Point", "coordinates": [-2.10461, 53.51165]}}, {"type": "Feature", "properties": {"t": "2412-Other sport and recreation constructions"}, "geometry": {"type": "Point", "coordinates": [-2.10422, 53.51171]}}, {"type": "Feature", "properties": {"t": "2412-Other sport and recreation constructions"}, "geometry": {"type": "Point", "coordinates": [-2.10538, 53.5118]}}, {"type": "Feature", "properties": {"t": "2412-Other sport and recreation constructions"}, "geometry": {"type": "Point", "coordinates": [-2.10548, 53.5118]}}, {"type": "Feature", "properties": {"t": "2412-Other sport and recreation constructions"}, "geometry": {"type": "Point", "coordinates": [-2.10507, 53.51182]}}, {"type": "Feature", "properties": {"t": "2412-Other sport and recreation constructions"}, "geometry": {"type": "Point", "coordinates": [-2.10492, 53.51182]}}, {"type": "Feature", "properties": {"t": "2412-Other sport and recreation constructions"}, "geometry": {"type": "Point", "coordinates": [-2.10467, 53.51184]}}, {"type": "Feature", "properties": {"t": "2412-Other sport and recreation constructions"}, "geometry": {"type": "Point", "coordinates": [-2.10565, 53.51194]}}, {"type": "Feature", "properties": {"t": "2412-Other sport and recreation constructions"}, "geometry": {"type": "Point", "coordinates": [-2.10557, 53.51195]}}, {"type": "Feature", "properties": {"t": "2412-Other sport and recreation constructions"}, "geometry": {"type": "Point", "coordinates": [-2.10648, 53.51178]}}, {"type": "Feature", "properties": {"t": "2412-Other sport and recreation constructions"}, "geometry": {"type": "Point", "coordinates": [-2.10596, 53.51179]}}, {"type": "Feature", "properties": {"t": "2412-Other sport and recreation constructions"}, "geometry": {"type": "Point", "coordinates": [-2.10574, 53.51181]}}, {"type": "Feature", "properties": {"t": "2412-Other sport and recreation constructions"}, "geometry": {"type": "Point", "coordinates": [-2.10666, 53.51192]}}, {"type": "Feature", "properties": {"t": "2412-Other sport and recreation constructions"}, "geometry": {"type": "Point", "coordinates": [-2.10632, 53.51193]}}, {"type": "Feature", "properties": {"t": "2412-Other sport and recreation constructions"}, "geometry": {"type": "Point", "coordinates": [-2.10651, 53.51193]}}, {"type": "Feature", "properties": {"t": "2412-Other sport and recreation constructions"}, "geometry": {"type": "Point", "coordinates": [-2.10625, 53.51193]}}, {"type": "Feature", "properties": {"t": "2412-Other sport and recreation constructions"}, "geometry": {"type": "Point", "coordinates": [-2.10619, 53.51193]}}, {"type": "Feature", "properties": {"t": "2412-Other sport and recreation constructions"}, "geometry": {"type": "Point", "coordinates": [-2.10612, 53.51193]}}, {"type": "Feature", "properties": {"t": "2412-Other sport and recreation constructions"}, "geometry": {"type": "Point", "coordinates": [-2.10605, 53.51193]}}, {"type": "Feature", "properties": {"t": "2412-Other sport and recreation constructions"}, "geometry": {"type": "Point", "coordinates": [-2.10515, 53.51196]}}, {"type": "Feature", "properties": {"t": "2412-Other sport and recreation constructions"}, "geometry": {"type": "Point", "coordinates": [-2.1054, 53.51196]}}, {"type": "Feature", "properties": {"t": "2412-Other sport and recreation constructions"}, "geometry": {"type": "Point", "coordinates": [-2.10508, 53.51196]}}, {"type": "Feature", "properties": {"t": "2412-Other sport and recreation constructions"}, "geometry": {"type": "Point", "coordinates": [-2.10499, 53.51196]}}, {"type": "Feature", "properties": {"t": "2412-Other sport and recreation constructions"}, "geometry": {"type": "Point", "coordinates": [-2.10426, 53.51197]}}, {"type": "Feature", "properties": {"t": "2412-Other sport and recreation constructions"}, "geometry": {"type": "Point", "coordinates": [-2.10491, 53.51197]}}, {"type": "Feature", "properties": {"t": "2412-Other sport and recreation constructions"}, "geometry": {"type": "Point", "coordinates": [-2.10417, 53.51197]}}, {"type": "Feature", "properties": {"t": "2412-Other sport and recreation constructions"}, "geometry": {"type": "Point", "coordinates": [-2.10484, 53.51197]}}, {"type": "Feature", "properties": {"t": "2412-Other sport and recreation constructions"}, "geometry": {"type": "Point", "coordinates": [-2.10477, 53.51197]}}, {"type": "Feature", "properties": {"t": "2412-Other sport and recreation constructions"}, "geometry": {"type": "Point", "coordinates": [-2.1039, 53.51197]}}, {"type": "Feature", "properties": {"t": "2412-Other sport and recreation constructions"}, "geometry": {"type": "Point", "coordinates": [-2.10597, 53.51194]}}, {"type": "Feature", "properties": {"t": "2412-Other sport and recreation constructions"}, "geometry": {"type": "Point", "coordinates": [-2.10588, 53.51194]}}, {"type": "Feature", "properties": {"t": "2412-Other sport and recreation constructions"}, "geometry": {"type": "Point", "coordinates": [-2.1058, 53.51194]}}, {"type": "Feature", "properties": {"t": "2412-Other sport and recreation constructions"}, "geometry": {"type": "Point", "coordinates": [-2.10572, 53.51194]}}, {"type": "Feature", "properties": {"t": "2412-Other sport and recreation constructions"}, "geometry": {"type": "Point", "coordinates": [-2.10687, 53.51194]}}, {"type": "Feature", "properties": {"t": "2412-Other sport and recreation constructions"}, "geometry": {"type": "Point", "coordinates": [-2.10708, 53.51201]}}, {"type": "Feature", "properties": {"t": "2412-Other sport and recreation constructions"}, "geometry": {"type": "Point", "coordinates": [-2.10696, 53.51201]}}, {"type": "Feature", "properties": {"t": "2412-Other sport and recreation constructions"}, "geometry": {"type": "Point", "coordinates": [-2.10682, 53.51208]}}, {"type": "Feature", "properties": {"t": "2412-Other sport and recreation constructions"}, "geometry": {"type": "Point", "coordinates": [-2.10664, 53.51209]}}, {"type": "Feature", "properties": {"t": "2412-Other sport and recreation constructions"}, "geometry": {"type": "Point", "coordinates": [-2.10607, 53.51207]}}, {"type": "Feature", "properties": {"t": "241-Sport and recreation constructions"}, "geometry": {"type": "Point", "coordinates": [-2.04593, 53.45031]}}, {"type": "Feature", "properties": {"t": "2412-Other sport and recreation constructions"}, "geometry": {"type": "Point", "coordinates": [-1.94032, 53.44947]}}, {"type": "Feature", "properties": {"t": "21512-Settling Basin"}, "geometry": {"type": "Point", "coordinates": [-1.99568, 53.44933]}}, {"type": "Feature", "properties": {"t": "2412-Other sport and recreation constructions"}, "geometry": {"type": "Point", "coordinates": [-1.98133, 53.44916]}}, {"type": "Feature", "properties": {"t": "2412-Other sport and recreation constructions"}, "geometry": {"type": "Point", "coordinates": [-1.96585, 53.44932]}}, {"type": "Feature", "properties": {"t": "2412-Other sport and recreation constructions"}, "geometry": {"type": "Point", "coordinates": [-1.96489, 53.44956]}}, {"type": "Feature", "properties": {"t": "2411-Sports grounds"}, "geometry": {"type": "Point", "coordinates": [-1.98328, 53.45011]}}, {"type": "Feature", "properties": {"t": "2412-Other sport and recreation constructions"}, "geometry": {"type": "Point", "coordinates": [-1.98636, 53.45114]}}, {"type": "Feature", "properties": {"t": "2412-Other sport and recreation constructions"}, "geometry": {"type": "Point", "coordinates": [-1.95545, 53.45162]}}, {"type": "Feature", "properties": {"t": "2412-Other sport and recreation constructions"}, "geometry": {"type": "Point", "coordinates": [-2.00945, 53.45162]}}, {"type": "Feature", "properties": {"t": "2301-Constructions for mining or extraction"}, "geometry": {"type": "Point", "coordinates": [-1.96487, 53.45228]}}, {"type": "Feature", "properties": {"t": "2301-Constructions for mining or extraction"}, "geometry": {"type": "Point", "coordinates": [-1.93212, 53.45273]}}, {"type": "Feature", "properties": {"t": "2412-Other sport and recreation constructions"}, "geometry": {"type": "Point", "coordinates": [-1.94838, 53.45484]}}, {"type": "Feature", "properties": {"t": "2411-Sports grounds"}, "geometry": {"type": "Point", "coordinates": [-1.97477, 53.45547]}}, {"type": "Feature", "properties": {"t": "2411-Sports grounds"}, "geometry": {"type": "Point", "coordinates": [-1.95022, 53.45614]}}, {"type": "Feature", "properties": {"t": "2411-Sports grounds"}, "geometry": {"type": "Point", "coordinates": [-1.95089, 53.4565]}}, {"type": "Feature", "properties": {"t": "241-Sport and recreation constructions"}, "geometry": {"type": "Point", "coordinates": [-2.04589, 53.45049]}}, {"type": "Feature", "properties": {"t": "2412-Other sport and recreation constructions"}, "geometry": {"type": "Point", "coordinates": [-2.02666, 53.45095]}}, {"type": "Feature", "properties": {"t": "2412-Other sport and recreation constructions"}, "geometry": {"type": "Point", "coordinates": [-2.05879, 53.45173]}}, {"type": "Feature", "properties": {"t": "2412-Other sport and recreation constructions"}, "geometry": {"type": "Point", "coordinates": [-2.01459, 53.45295]}}, {"type": "Feature", "properties": {"t": "2302-Power plant constructions"}, "geometry": {"type": "Point", "coordinates": [-2.05408, 53.45474]}}, {"type": "Feature", "properties": {"t": "2412-Other sport and recreation constructions"}, "geometry": {"type": "Point", "coordinates": [-2.0188, 53.45502]}}, {"type": "Feature", "properties": {"t": "2412-Other sport and recreation constructions"}, "geometry": {"type": "Point", "coordinates": [-2.05822, 53.45566]}}, {"type": "Feature", "properties": {"t": "2412-Other sport and recreation constructions"}, "geometry": {"type": "Point", "coordinates": [-2.05005, 53.45597]}}, {"type": "Feature", "properties": {"t": "2412-Other sport and recreation constructions"}, "geometry": {"type": "Point", "coordinates": [-2.02605, 53.46116]}}, {"type": "Feature", "properties": {"t": "2412-Other sport and recreation constructions"}, "geometry": {"type": "Point", "coordinates": [-2.06127, 53.46476]}}, {"type": "Feature", "properties": {"t": "2412-Other sport and recreation constructions"}, "geometry": {"type": "Point", "coordinates": [-1.96526, 53.45746]}}, {"type": "Feature", "properties": {"t": "2412-Other sport and recreation constructions"}, "geometry": {"type": "Point", "coordinates": [-1.97473, 53.45739]}}, {"type": "Feature", "properties": {"t": "2412-Other sport and recreation constructions"}, "geometry": {"type": "Point", "coordinates": [-1.96839, 53.45788]}}, {"type": "Feature", "properties": {"t": "2412-Other sport and recreation constructions"}, "geometry": {"type": "Point", "coordinates": [-2.00743, 53.45835]}}, {"type": "Feature", "properties": {"t": "2412-Other sport and recreation constructions"}, "geometry": {"type": "Point", "coordinates": [-1.97989, 53.45839]}}, {"type": "Feature", "properties": {"t": "2412-Other sport and recreation constructions"}, "geometry": {"type": "Point", "coordinates": [-1.96608, 53.45887]}}, {"type": "Feature", "properties": {"t": "2412-Other sport and recreation constructions"}, "geometry": {"type": "Point", "coordinates": [-2.0013, 53.46046]}}, {"type": "Feature", "properties": {"t": "2412-Other sport and recreation constructions"}, "geometry": {"type": "Point", "coordinates": [-1.97472, 53.46096]}}, {"type": "Feature", "properties": {"t": "2412-Other sport and recreation constructions"}, "geometry": {"type": "Point", "coordinates": [-1.9611, 53.46117]}}, {"type": "Feature", "properties": {"t": "2412-Other sport and recreation constructions"}, "geometry": {"type": "Point", "coordinates": [-1.96636, 53.46142]}}, {"type": "Feature", "properties": {"t": "2412-Other sport and recreation constructions"}, "geometry": {"type": "Point", "coordinates": [-1.96638, 53.46145]}}, {"type": "Feature", "properties": {"t": "2412-Other sport and recreation constructions"}, "geometry": {"type": "Point", "coordinates": [-1.95623, 53.46159]}}, {"type": "Feature", "properties": {"t": "2412-Other sport and recreation constructions"}, "geometry": {"type": "Point", "coordinates": [-1.99472, 53.46175]}}, {"type": "Feature", "properties": {"t": "2412-Other sport and recreation constructions"}, "geometry": {"type": "Point", "coordinates": [-1.98633, 53.46241]}}, {"type": "Feature", "properties": {"t": "2412-Other sport and recreation constructions"}, "geometry": {"type": "Point", "coordinates": [-1.99545, 53.46247]}}, {"type": "Feature", "properties": {"t": "2412-Other sport and recreation constructions"}, "geometry": {"type": "Point", "coordinates": [-1.98596, 53.46275]}}, {"type": "Feature", "properties": {"t": "2412-Other sport and recreation constructions"}, "geometry": {"type": "Point", "coordinates": [-1.98181, 53.46298]}}, {"type": "Feature", "properties": {"t": "2412-Other sport and recreation constructions"}, "geometry": {"type": "Point", "coordinates": [-1.9587, 53.46301]}}, {"type": "Feature", "properties": {"t": "2412-Other sport and recreation constructions"}, "geometry": {"type": "Point", "coordinates": [-1.98334, 53.4631]}}, {"type": "Feature", "properties": {"t": "2412-Other sport and recreation constructions"}, "geometry": {"type": "Point", "coordinates": [-1.94439, 53.46332]}}, {"type": "Feature", "properties": {"t": "2412-Other sport and recreation constructions"}, "geometry": {"type": "Point", "coordinates": [-1.96162, 53.46332]}}, {"type": "Feature", "properties": {"t": "2412-Other sport and recreation constructions"}, "geometry": {"type": "Point", "coordinates": [-1.96689, 53.46436]}}, {"type": "Feature", "properties": {"t": "2412-Other sport and recreation constructions"}, "geometry": {"type": "Point", "coordinates": [-1.98541, 53.46451]}}, {"type": "Feature", "properties": {"t": "2412-Other sport and recreation constructions"}, "geometry": {"type": "Point", "coordinates": [-1.96261, 53.46542]}}, {"type": "Feature", "properties": {"t": "2412-Other sport and recreation constructions"}, "geometry": {"type": "Point", "coordinates": [-1.95794, 53.46566]}}, {"type": "Feature", "properties": {"t": "2412-Other sport and recreation constructions"}, "geometry": {"type": "Point", "coordinates": [-1.98384, 53.46512]}}, {"type": "Feature", "properties": {"t": "2412-Other sport and recreation constructions"}, "geometry": {"type": "Point", "coordinates": [-1.99819, 53.46592]}}, {"type": "Feature", "properties": {"t": "2412-Other sport and recreation constructions"}, "geometry": {"type": "Point", "coordinates": [-1.98326, 53.4664]}}, {"type": "Feature", "properties": {"t": "2412-Other sport and recreation constructions"}, "geometry": {"type": "Point", "coordinates": [-1.99732, 53.4664]}}, {"type": "Feature", "properties": {"t": "2412-Other sport and recreation constructions"}, "geometry": {"type": "Point", "coordinates": [-1.98663, 53.46694]}}, {"type": "Feature", "properties": {"t": "2412-Other sport and recreation constructions"}, "geometry": {"type": "Point", "coordinates": [-1.98585, 53.46776]}}, {"type": "Feature", "properties": {"t": "2411-Sports grounds"}, "geometry": {"type": "Point", "coordinates": [-1.98021, 53.46814]}}, {"type": "Feature", "properties": {"t": "2412-Other sport and recreation constructions"}, "geometry": {"type": "Point", "coordinates": [-1.98564, 53.46827]}}, {"type": "Feature", "properties": {"t": "2412-Other sport and recreation constructions"}, "geometry": {"type": "Point", "coordinates": [-1.98651, 53.46875]}}, {"type": "Feature", "properties": {"t": "21512-Settling Basin"}, "geometry": {"type": "Point", "coordinates": [-1.9751, 53.46863]}}, {"type": "Feature", "properties": {"t": "2411-Sports grounds"}, "geometry": {"type": "Point", "coordinates": [-1.97905, 53.46891]}}, {"type": "Feature", "properties": {"t": "2412-Other sport and recreation constructions"}, "geometry": {"type": "Point", "coordinates": [-1.97325, 53.47095]}}, {"type": "Feature", "properties": {"t": "2411-Sports grounds"}, "geometry": {"type": "Point", "coordinates": [-1.97347, 53.47101]}}, {"type": "Feature", "properties": {"t": "2412-Other sport and recreation constructions"}, "geometry": {"type": "Point", "coordinates": [-1.97665, 53.4714]}}, {"type": "Feature", "properties": {"t": "2411-Sports grounds"}, "geometry": {"type": "Point", "coordinates": [-1.97055, 53.4719]}}, {"type": "Feature", "properties": {"t": "2412-Other sport and recreation constructions"}, "geometry": {"type": "Point", "coordinates": [-2.01145, 53.46479]}}, {"type": "Feature", "properties": {"t": "2412-Other sport and recreation constructions"}, "geometry": {"type": "Point", "coordinates": [-2.0119, 53.4664]}}, {"type": "Feature", "properties": {"t": "2412-Other sport and recreation constructions"}, "geometry": {"type": "Point", "coordinates": [-2.04089, 53.47151]}}, {"type": "Feature", "properties": {"t": "2411-Sports grounds"}, "geometry": {"type": "Point", "coordinates": [-2.04383, 53.47531]}}, {"type": "Feature", "properties": {"t": "2412-Other sport and recreation constructions"}, "geometry": {"type": "Point", "coordinates": [-2.03077, 53.47571]}}, {"type": "Feature", "properties": {"t": "2412-Other sport and recreation constructions"}, "geometry": {"type": "Point", "coordinates": [-2.02852, 53.47595]}}, {"type": "Feature", "properties": {"t": "2412-Other sport and recreation constructions"}, "geometry": {"type": "Point", "coordinates": [-2.0454, 53.47823]}}, {"type": "Feature", "properties": {"t": "2412-Other sport and recreation constructions"}, "geometry": {"type": "Point", "coordinates": [-2.05909, 53.47845]}}, {"type": "Feature", "properties": {"t": "2412-Other sport and recreation constructions"}, "geometry": {"type": "Point", "coordinates": [-2.04952, 53.47799]}}, {"type": "Feature", "properties": {"t": "2412-Other sport and recreation constructions"}, "geometry": {"type": "Point", "coordinates": [-2.04466, 53.48001]}}, {"type": "Feature", "properties": {"t": "2412-Other sport and recreation constructions"}, "geometry": {"type": "Point", "coordinates": [-2.06424, 53.46113]}}, {"type": "Feature", "properties": {"t": "2411-Sports grounds"}, "geometry": {"type": "Point", "coordinates": [-2.06761, 53.46733]}}, {"type": "Feature", "properties": {"t": "2411-Sports grounds"}, "geometry": {"type": "Point", "coordinates": [-2.06622, 53.46762]}}, {"type": "Feature", "properties": {"t": "2411-Sports grounds"}, "geometry": {"type": "Point", "coordinates": [-2.07178, 53.46778]}}, {"type": "Feature", "properties": {"t": "2411-Sports grounds"}, "geometry": {"type": "Point", "coordinates": [-2.06794, 53.46811]}}, {"type": "Feature", "properties": {"t": "2411-Sports grounds"}, "geometry": {"type": "Point", "coordinates": [-2.07044, 53.46816]}}, {"type": "Feature", "properties": {"t": "2411-Sports grounds"}, "geometry": {"type": "Point", "coordinates": [-2.06663, 53.46836]}}, {"type": "Feature", "properties": {"t": "2412-Other sport and recreation constructions"}, "geometry": {"type": "Point", "coordinates": [-2.06961, 53.47352]}}, {"type": "Feature", "properties": {"t": "2411-Sports grounds"}, "geometry": {"type": "Point", "coordinates": [-2.06519, 53.48993]}}, {"type": "Feature", "properties": {"t": "2411-Sports grounds"}, "geometry": {"type": "Point", "coordinates": [-2.06554, 53.49069]}}, {"type": "Feature", "properties": {"t": "2412-Other sport and recreation constructions"}, "geometry": {"type": "Point", "coordinates": [-2.05314, 53.48168]}}, {"type": "Feature", "properties": {"t": "2412-Other sport and recreation constructions"}, "geometry": {"type": "Point", "coordinates": [-2.04604, 53.48226]}}, {"type": "Feature", "properties": {"t": "2412-Other sport and recreation constructions"}, "geometry": {"type": "Point", "coordinates": [-2.04851, 53.48272]}}, {"type": "Feature", "properties": {"t": "2412-Other sport and recreation constructions"}, "geometry": {"type": "Point", "coordinates": [-2.05137, 53.48345]}}, {"type": "Feature", "properties": {"t": "2412-Other sport and recreation constructions"}, "geometry": {"type": "Point", "coordinates": [-2.04746, 53.48555]}}, {"type": "Feature", "properties": {"t": "2412-Other sport and recreation constructions"}, "geometry": {"type": "Point", "coordinates": [-2.03973, 53.48678]}}, {"type": "Feature", "properties": {"t": "2412-Other sport and recreation constructions"}, "geometry": {"type": "Point", "coordinates": [-2.0624, 53.48995]}}, {"type": "Feature", "properties": {"t": "2412-Other sport and recreation constructions"}, "geometry": {"type": "Point", "coordinates": [-2.03071, 53.49044]}}, {"type": "Feature", "properties": {"t": "2301-Constructions for mining or extraction"}, "geometry": {"type": "Point", "coordinates": [-2.02594, 53.49306]}}, {"type": "Feature", "properties": {"t": "2301-Constructions for mining or extraction"}, "geometry": {"type": "Point", "coordinates": [-2.02452, 53.49452]}}, {"type": "Feature", "properties": {"t": "2412-Other sport and recreation constructions"}, "geometry": {"type": "Point", "coordinates": [-2.06824, 53.49035]}}, {"type": "Feature", "properties": {"t": "2412-Other sport and recreation constructions"}, "geometry": {"type": "Point", "coordinates": [-2.06776, 53.4969]}}, {"type": "Feature", "properties": {"t": "2412-Other sport and recreation constructions"}, "geometry": {"type": "Point", "coordinates": [-2.07159, 53.49948]}}, {"type": "Feature", "properties": {"t": "2412-Other sport and recreation constructions"}, "geometry": {"type": "Point", "coordinates": [-2.07155, 53.49951]}}, {"type": "Feature", "properties": {"t": "2412-Other sport and recreation constructions"}, "geometry": {"type": "Point", "coordinates": [-2.07151, 53.49954]}}, {"type": "Feature", "properties": {"t": "2412-Other sport and recreation constructions"}, "geometry": {"type": "Point", "coordinates": [-2.07178, 53.49957]}}, {"type": "Feature", "properties": {"t": "2412-Other sport and recreation constructions"}, "geometry": {"type": "Point", "coordinates": [-2.07147, 53.49957]}}, {"type": "Feature", "properties": {"t": "2412-Other sport and recreation constructions"}, "geometry": {"type": "Point", "coordinates": [-2.07146, 53.4996]}}, {"type": "Feature", "properties": {"t": "2412-Other sport and recreation constructions"}, "geometry": {"type": "Point", "coordinates": [-2.07141, 53.49963]}}, {"type": "Feature", "properties": {"t": "2412-Other sport and recreation constructions"}, "geometry": {"type": "Point", "coordinates": [-2.07169, 53.49963]}}, {"type": "Feature", "properties": {"t": "2412-Other sport and recreation constructions"}, "geometry": {"type": "Point", "coordinates": [-2.00372, 53.47297]}}, {"type": "Feature", "properties": {"t": "2152-Dams"}, "geometry": {"type": "Point", "coordinates": [-1.9972, 53.48803]}}, {"type": "Feature", "properties": {"t": "2152-Dams"}, "geometry": {"type": "Point", "coordinates": [-1.99415, 53.4927]}}, {"type": "Feature", "properties": {"t": "2152-Dams"}, "geometry": {"type": "Point", "coordinates": [-1.89639, 53.49442]}}, {"type": "Feature", "properties": {"t": "2301-Constructions for mining or extraction"}, "geometry": {"type": "Point", "coordinates": [-1.88844, 53.49552]}}, {"type": "Feature", "properties": {"t": "2152-Dams"}, "geometry": {"type": "Point", "coordinates": [-1.94839, 53.51395]}}, {"type": "Feature", "properties": {"t": "2412-Other sport and recreation constructions"}, "geometry": {"type": "Point", "coordinates": [-1.7739, 53.51735]}}, {"type": "Feature", "properties": {"t": "2412-Other sport and recreation constructions"}, "geometry": {"type": "Point", "coordinates": [-1.97666, 53.52594]}}, {"type": "Feature", "properties": {"t": "21512-Settling Basin"}, "geometry": {"type": "Point", "coordinates": [-2.04067, 53.50021]}}, {"type": "Feature", "properties": {"t": "2412-Other sport and recreation constructions"}, "geometry": {"type": "Point", "coordinates": [-2.0634, 53.5017]}}, {"type": "Feature", "properties": {"t": "2412-Other sport and recreation constructions"}, "geometry": {"type": "Point", "coordinates": [-2.02993, 53.50328]}}, {"type": "Feature", "properties": {"t": "2412-Other sport and recreation constructions"}, "geometry": {"type": "Point", "coordinates": [-2.01898, 53.50451]}}, {"type": "Feature", "properties": {"t": "2412-Other sport and recreation constructions"}, "geometry": {"type": "Point", "coordinates": [-2.01796, 53.50623]}}, {"type": "Feature", "properties": {"t": "2411-Sports grounds"}, "geometry": {"type": "Point", "coordinates": [-2.04142, 53.50868]}}, {"type": "Feature", "properties": {"t": "2411-Sports grounds"}, "geometry": {"type": "Point", "coordinates": [-2.03791, 53.51097]}}, {"type": "Feature", "properties": {"t": "2412-Other sport and recreation constructions"}, "geometry": {"type": "Point", "coordinates": [-2.03778, 53.51131]}}, {"type": "Feature", "properties": {"t": "2301-Constructions for mining or extraction"}, "geometry": {"type": "Point", "coordinates": [-2.01142, 53.51141]}}, {"type": "Feature", "properties": {"t": "2411-Sports grounds"}, "geometry": {"type": "Point", "coordinates": [-2.03772, 53.51156]}}, {"type": "Feature", "properties": {"t": "2412-Other sport and recreation constructions"}, "geometry": {"type": "Point", "coordinates": [-2.07161, 53.49969]}}, {"type": "Feature", "properties": {"t": "2412-Other sport and recreation constructions"}, "geometry": {"type": "Point", "coordinates": [-2.06712, 53.50087]}}, {"type": "Feature", "properties": {"t": "2411-Sports grounds"}, "geometry": {"type": "Point", "coordinates": [-2.06775, 53.50128]}}, {"type": "Feature", "properties": {"t": "2411-Sports grounds"}, "geometry": {"type": "Point", "coordinates": [-2.06777, 53.50375]}}, {"type": "Feature", "properties": {"t": "2411-Sports grounds"}, "geometry": {"type": "Point", "coordinates": [-2.06798, 53.50377]}}, {"type": "Feature", "properties": {"t": "2411-Sports grounds"}, "geometry": {"type": "Point", "coordinates": [-2.06796, 53.50376]}}, {"type": "Feature", "properties": {"t": "2411-Sports grounds"}, "geometry": {"type": "Point", "coordinates": [-2.07071, 53.53596]}}, {"type": "Feature", "properties": {"t": "2412-Other sport and recreation constructions"}, "geometry": {"type": "Point", "coordinates": [-2.06925, 53.53646]}}, {"type": "Feature", "properties": {"t": "2412-Other sport and recreation constructions"}, "geometry": {"type": "Point", "coordinates": [-2.07154, 53.53661]}}, {"type": "Feature", "properties": {"t": "2412-Other sport and recreation constructions"}, "geometry": {"type": "Point", "coordinates": [-2.07151, 53.53662]}}, {"type": "Feature", "properties": {"t": "2412-Other sport and recreation constructions"}, "geometry": {"type": "Point", "coordinates": [-2.02534, 53.51466]}}, {"type": "Feature", "properties": {"t": "2412-Other sport and recreation constructions"}, "geometry": {"type": "Point", "coordinates": [-2.04343, 53.51522]}}, {"type": "Feature", "properties": {"t": "2412-Other sport and recreation constructions"}, "geometry": {"type": "Point", "coordinates": [-2.04285, 53.51515]}}, {"type": "Feature", "properties": {"t": "2412-Other sport and recreation constructions"}, "geometry": {"type": "Point", "coordinates": [-2.03258, 53.5159]}}, {"type": "Feature", "properties": {"t": "2411-Sports grounds"}, "geometry": {"type": "Point", "coordinates": [-2.04433, 53.51641]}}, {"type": "Feature", "properties": {"t": "2302-Power plant constructions"}, "geometry": {"type": "Point", "coordinates": [-2.02376, 53.51736]}}, {"type": "Feature", "properties": {"t": "2412-Other sport and recreation constructions"}, "geometry": {"type": "Point", "coordinates": [-2.03779, 53.52183]}}, {"type": "Feature", "properties": {"t": "2301-Constructions for mining or extraction"}, "geometry": {"type": "Point", "coordinates": [-2.05371, 53.52835]}}, {"type": "Feature", "properties": {"t": "2412-Other sport and recreation constructions"}, "geometry": {"type": "Point", "coordinates": [-2.02705, 53.5305]}}, {"type": "Feature", "properties": {"t": "2412-Other sport and recreation constructions"}, "geometry": {"type": "Point", "coordinates": [-2.01583, 53.53064]}}, {"type": "Feature", "properties": {"t": "2411-Sports grounds"}, "geometry": {"type": "Point", "coordinates": [-1.99163, 53.52991]}}, {"type": "Feature", "properties": {"t": "2302-Power plant constructions"}, "geometry": {"type": "Point", "coordinates": [-1.98189, 53.53082]}}, {"type": "Feature", "properties": {"t": "2152-Dams"}, "geometry": {"type": "Point", "coordinates": [-1.79581, 53.53247]}}, {"type": "Feature", "properties": {"t": "2412-Other sport and recreation constructions"}, "geometry": {"type": "Point", "coordinates": [-1.99257, 53.5325]}}, {"type": "Feature", "properties": {"t": "2412-Other sport and recreation constructions"}, "geometry": {"type": "Point", "coordinates": [-1.99221, 53.53283]}}, {"type": "Feature", "properties": {"t": "2412-Other sport and recreation constructions"}, "geometry": {"type": "Point", "coordinates": [-1.99271, 53.53341]}}, {"type": "Feature", "properties": {"t": "2301-Constructions for mining or extraction"}, "geometry": {"type": "Point", "coordinates": [-1.78414, 53.53376]}}, {"type": "Feature", "properties": {"t": "2412-Other sport and recreation constructions"}, "geometry": {"type": "Point", "coordinates": [-2.00676, 53.53431]}}, {"type": "Feature", "properties": {"t": "2412-Other sport and recreation constructions"}, "geometry": {"type": "Point", "coordinates": [-2.01455, 53.53081]}}, {"type": "Feature", "properties": {"t": "2412-Other sport and recreation constructions"}, "geometry": {"type": "Point", "coordinates": [-2.01434, 53.53085]}}, {"type": "Feature", "properties": {"t": "2412-Other sport and recreation constructions"}, "geometry": {"type": "Point", "coordinates": [-2.01412, 53.53089]}}, {"type": "Feature", "properties": {"t": "2411-Sports grounds"}, "geometry": {"type": "Point", "coordinates": [-2.02628, 53.53091]}}, {"type": "Feature", "properties": {"t": "2412-Other sport and recreation constructions"}, "geometry": {"type": "Point", "coordinates": [-2.01393, 53.53092]}}, {"type": "Feature", "properties": {"t": "2411-Sports grounds"}, "geometry": {"type": "Point", "coordinates": [-2.02632, 53.53104]}}, {"type": "Feature", "properties": {"t": "2411-Sports grounds"}, "geometry": {"type": "Point", "coordinates": [-2.02636, 53.53116]}}, {"type": "Feature", "properties": {"t": "21512-Settling Basin"}, "geometry": {"type": "Point", "coordinates": [-2.01433, 53.53476]}}, {"type": "Feature", "properties": {"t": "2412-Other sport and recreation constructions"}, "geometry": {"type": "Point", "coordinates": [-2.04143, 53.535]}}, {"type": "Feature", "properties": {"t": "2411-Sports grounds"}, "geometry": {"type": "Point", "coordinates": [-2.03831, 53.53576]}}, {"type": "Feature", "properties": {"t": "2412-Other sport and recreation constructions"}, "geometry": {"type": "Point", "coordinates": [-2.00568, 53.53469]}}, {"type": "Feature", "properties": {"t": "2411-Sports grounds"}, "geometry": {"type": "Point", "coordinates": [-1.99757, 53.53477]}}, {"type": "Feature", "properties": {"t": "2411-Sports grounds"}, "geometry": {"type": "Point", "coordinates": [-2.0099, 53.5355]}}, {"type": "Feature", "properties": {"t": "2411-Sports grounds"}, "geometry": {"type": "Point", "coordinates": [-2.01005, 53.53557]}}, {"type": "Feature", "properties": {"t": "2411-Sports grounds"}, "geometry": {"type": "Point", "coordinates": [-2.01022, 53.53565]}}, {"type": "Feature", "properties": {"t": "2412-Other sport and recreation constructions"}, "geometry": {"type": "Point", "coordinates": [-2.00991, 53.53568]}}, {"type": "Feature", "properties": {"t": "2411-Sports grounds"}, "geometry": {"type": "Point", "coordinates": [-2.00988, 53.5358]}}, {"type": "Feature", "properties": {"t": "2412-Other sport and recreation constructions"}, "geometry": {"type": "Point", "coordinates": [-2.00826, 53.53697]}}, {"type": "Feature", "properties": {"t": "2412-Other sport and recreation constructions"}, "geometry": {"type": "Point", "coordinates": [-2.00787, 53.53709]}}, {"type": "Feature", "properties": {"t": "2412-Other sport and recreation constructions"}, "geometry": {"type": "Point", "coordinates": [-2.00279, 53.53817]}}, {"type": "Feature", "properties": {"t": "2302-Power plant constructions"}, "geometry": {"type": "Point", "coordinates": [-2.01559, 53.5359]}}, {"type": "Feature", "properties": {"t": "2411-Sports grounds"}, "geometry": {"type": "Point", "coordinates": [-2.01535, 53.53731]}}, {"type": "Feature", "properties": {"t": "2412-Other sport and recreation constructions"}, "geometry": {"type": "Point", "coordinates": [-2.06184, 53.53786]}}, {"type": "Feature", "properties": {"t": "2412-Other sport and recreation constructions"}, "geometry": {"type": "Point", "coordinates": [-2.06194, 53.53787]}}, {"type": "Feature", "properties": {"t": "2412-Other sport and recreation constructions"}, "geometry": {"type": "Point", "coordinates": [-2.06201, 53.53788]}}, {"type": "Feature", "properties": {"t": "2412-Other sport and recreation constructions"}, "geometry": {"type": "Point", "coordinates": [-2.06207, 53.53789]}}, {"type": "Feature", "properties": {"t": "2412-Other sport and recreation constructions"}, "geometry": {"type": "Point", "coordinates": [-2.06214, 53.5379]}}, {"type": "Feature", "properties": {"t": "2412-Other sport and recreation constructions"}, "geometry": {"type": "Point", "coordinates": [-2.06221, 53.53791]}}, {"type": "Feature", "properties": {"t": "2412-Other sport and recreation constructions"}, "geometry": {"type": "Point", "coordinates": [-2.06228, 53.53792]}}, {"type": "Feature", "properties": {"t": "2412-Other sport and recreation constructions"}, "geometry": {"type": "Point", "coordinates": [-2.06245, 53.53793]}}, {"type": "Feature", "properties": {"t": "2412-Other sport and recreation constructions"}, "geometry": {"type": "Point", "coordinates": [-2.10469, 53.51198]}}, {"type": "Feature", "properties": {"t": "2412-Other sport and recreation constructions"}, "geometry": {"type": "Point", "coordinates": [-2.10462, 53.51198]}}, {"type": "Feature", "properties": {"t": "2412-Other sport and recreation constructions"}, "geometry": {"type": "Point", "coordinates": [-2.10455, 53.51199]}}, {"type": "Feature", "properties": {"t": "2412-Other sport and recreation constructions"}, "geometry": {"type": "Point", "coordinates": [-2.10448, 53.51199]}}, {"type": "Feature", "properties": {"t": "2412-Other sport and recreation constructions"}, "geometry": {"type": "Point", "coordinates": [-2.10436, 53.51199]}}, {"type": "Feature", "properties": {"t": "2412-Other sport and recreation constructions"}, "geometry": {"type": "Point", "coordinates": [-2.10523, 53.51198]}}, {"type": "Feature", "properties": {"t": "2412-Other sport and recreation constructions"}, "geometry": {"type": "Point", "coordinates": [-2.10558, 53.51211]}}, {"type": "Feature", "properties": {"t": "2412-Other sport and recreation constructions"}, "geometry": {"type": "Point", "coordinates": [-2.10568, 53.51212]}}, {"type": "Feature", "properties": {"t": "2412-Other sport and recreation constructions"}, "geometry": {"type": "Point", "coordinates": [-2.1051, 53.51211]}}, {"type": "Feature", "properties": {"t": "2412-Other sport and recreation constructions"}, "geometry": {"type": "Point", "coordinates": [-2.10501, 53.51212]}}, {"type": "Feature", "properties": {"t": "2412-Other sport and recreation constructions"}, "geometry": {"type": "Point", "coordinates": [-2.10649, 53.51209]}}, {"type": "Feature", "properties": {"t": "2412-Other sport and recreation constructions"}, "geometry": {"type": "Point", "coordinates": [-2.10633, 53.51208]}}, {"type": "Feature", "properties": {"t": "2412-Other sport and recreation constructions"}, "geometry": {"type": "Point", "coordinates": [-2.10614, 53.51207]}}, {"type": "Feature", "properties": {"t": "2412-Other sport and recreation constructions"}, "geometry": {"type": "Point", "coordinates": [-2.10598, 53.51209]}}, {"type": "Feature", "properties": {"t": "2412-Other sport and recreation constructions"}, "geometry": {"type": "Point", "coordinates": [-2.10626, 53.51208]}}, {"type": "Feature", "properties": {"t": "2412-Other sport and recreation constructions"}, "geometry": {"type": "Point", "coordinates": [-2.1062, 53.51207]}}, {"type": "Feature", "properties": {"t": "2412-Other sport and recreation constructions"}, "geometry": {"type": "Point", "coordinates": [-2.10723, 53.51207]}}, {"type": "Feature", "properties": {"t": "2412-Other sport and recreation constructions"}, "geometry": {"type": "Point", "coordinates": [-2.10581, 53.51209]}}, {"type": "Feature", "properties": {"t": "2412-Other sport and recreation constructions"}, "geometry": {"type": "Point", "coordinates": [-2.10573, 53.51209]}}, {"type": "Feature", "properties": {"t": "2412-Other sport and recreation constructions"}, "geometry": {"type": "Point", "coordinates": [-2.10589, 53.51209]}}, {"type": "Feature", "properties": {"t": "2412-Other sport and recreation constructions"}, "geometry": {"type": "Point", "coordinates": [-2.10516, 53.51212]}}, {"type": "Feature", "properties": {"t": "2412-Other sport and recreation constructions"}, "geometry": {"type": "Point", "coordinates": [-2.10393, 53.51212]}}, {"type": "Feature", "properties": {"t": "2412-Other sport and recreation constructions"}, "geometry": {"type": "Point", "coordinates": [-2.10493, 53.51214]}}, {"type": "Feature", "properties": {"t": "2412-Other sport and recreation constructions"}, "geometry": {"type": "Point", "coordinates": [-2.10486, 53.51214]}}, {"type": "Feature", "properties": {"t": "2412-Other sport and recreation constructions"}, "geometry": {"type": "Point", "coordinates": [-2.1044, 53.51214]}}, {"type": "Feature", "properties": {"t": "2412-Other sport and recreation constructions"}, "geometry": {"type": "Point", "coordinates": [-2.10479, 53.51214]}}, {"type": "Feature", "properties": {"t": "2412-Other sport and recreation constructions"}, "geometry": {"type": "Point", "coordinates": [-2.10471, 53.51215]}}, {"type": "Feature", "properties": {"t": "2412-Other sport and recreation constructions"}, "geometry": {"type": "Point", "coordinates": [-2.10463, 53.51214]}}, {"type": "Feature", "properties": {"t": "2412-Other sport and recreation constructions"}, "geometry": {"type": "Point", "coordinates": [-2.10425, 53.51214]}}, {"type": "Feature", "properties": {"t": "2412-Other sport and recreation constructions"}, "geometry": {"type": "Point", "coordinates": [-2.10456, 53.51215]}}, {"type": "Feature", "properties": {"t": "2412-Other sport and recreation constructions"}, "geometry": {"type": "Point", "coordinates": [-2.10415, 53.51214]}}, {"type": "Feature", "properties": {"t": "2412-Other sport and recreation constructions"}, "geometry": {"type": "Point", "coordinates": [-2.10449, 53.51215]}}, {"type": "Feature", "properties": {"t": "2412-Other sport and recreation constructions"}, "geometry": {"type": "Point", "coordinates": [-2.10523, 53.51216]}}, {"type": "Feature", "properties": {"t": "2412-Other sport and recreation constructions"}, "geometry": {"type": "Point", "coordinates": [-2.10543, 53.51221]}}, {"type": "Feature", "properties": {"t": "2412-Other sport and recreation constructions"}, "geometry": {"type": "Point", "coordinates": [-2.10507, 53.51224]}}, {"type": "Feature", "properties": {"t": "2412-Other sport and recreation constructions"}, "geometry": {"type": "Point", "coordinates": [-2.10498, 53.51224]}}, {"type": "Feature", "properties": {"t": "2412-Other sport and recreation constructions"}, "geometry": {"type": "Point", "coordinates": [-2.10519, 53.51225]}}, {"type": "Feature", "properties": {"t": "2412-Other sport and recreation constructions"}, "geometry": {"type": "Point", "coordinates": [-2.10489, 53.51225]}}, {"type": "Feature", "properties": {"t": "2412-Other sport and recreation constructions"}, "geometry": {"type": "Point", "coordinates": [-2.10481, 53.51224]}}, {"type": "Feature", "properties": {"t": "2412-Other sport and recreation constructions"}, "geometry": {"type": "Point", "coordinates": [-2.10472, 53.51225]}}, {"type": "Feature", "properties": {"t": "2412-Other sport and recreation constructions"}, "geometry": {"type": "Point", "coordinates": [-2.10564, 53.51224]}}, {"type": "Feature", "properties": {"t": "2412-Other sport and recreation constructions"}, "geometry": {"type": "Point", "coordinates": [-2.10521, 53.51238]}}, {"type": "Feature", "properties": {"t": "2412-Other sport and recreation constructions"}, "geometry": {"type": "Point", "coordinates": [-2.1051, 53.51239]}}, {"type": "Feature", "properties": {"t": "2412-Other sport and recreation constructions"}, "geometry": {"type": "Point", "coordinates": [-2.10568, 53.51238]}}, {"type": "Feature", "properties": {"t": "2412-Other sport and recreation constructions"}, "geometry": {"type": "Point", "coordinates": [-2.105, 53.51239]}}, {"type": "Feature", "properties": {"t": "2412-Other sport and recreation constructions"}, "geometry": {"type": "Point", "coordinates": [-2.10483, 53.5124]}}, {"type": "Feature", "properties": {"t": "2412-Other sport and recreation constructions"}, "geometry": {"type": "Point", "coordinates": [-2.10472, 53.51241]}}, {"type": "Feature", "properties": {"t": "2412-Other sport and recreation constructions"}, "geometry": {"type": "Point", "coordinates": [-2.10454, 53.51242]}}, {"type": "Feature", "properties": {"t": "2412-Other sport and recreation constructions"}, "geometry": {"type": "Point", "coordinates": [-2.10426, 53.51244]}}, {"type": "Feature", "properties": {"t": "2412-Other sport and recreation constructions"}, "geometry": {"type": "Point", "coordinates": [-2.10447, 53.51247]}}, {"type": "Feature", "properties": {"t": "2412-Other sport and recreation constructions"}, "geometry": {"type": "Point", "coordinates": [-2.10427, 53.51249]}}, {"type": "Feature", "properties": {"t": "2412-Other sport and recreation constructions"}, "geometry": {"type": "Point", "coordinates": [-2.10448, 53.51252]}}, {"type": "Feature", "properties": {"t": "2412-Other sport and recreation constructions"}, "geometry": {"type": "Point", "coordinates": [-2.10428, 53.51254]}}, {"type": "Feature", "properties": {"t": "2412-Other sport and recreation constructions"}, "geometry": {"type": "Point", "coordinates": [-2.10448, 53.51257]}}, {"type": "Feature", "properties": {"t": "2412-Other sport and recreation constructions"}, "geometry": {"type": "Point", "coordinates": [-2.10428, 53.51259]}}, {"type": "Feature", "properties": {"t": "2412-Other sport and recreation constructions"}, "geometry": {"type": "Point", "coordinates": [-2.10449, 53.51262]}}, {"type": "Feature", "properties": {"t": "2412-Other sport and recreation constructions"}, "geometry": {"type": "Point", "coordinates": [-2.1054, 53.51263]}}, {"type": "Feature", "properties": {"t": "2412-Other sport and recreation constructions"}, "geometry": {"type": "Point", "coordinates": [-2.10535, 53.51263]}}, {"type": "Feature", "properties": {"t": "2412-Other sport and recreation constructions"}, "geometry": {"type": "Point", "coordinates": [-2.10529, 53.51263]}}, {"type": "Feature", "properties": {"t": "2412-Other sport and recreation constructions"}, "geometry": {"type": "Point", "coordinates": [-2.10523, 53.51263]}}, {"type": "Feature", "properties": {"t": "2412-Other sport and recreation constructions"}, "geometry": {"type": "Point", "coordinates": [-2.10518, 53.51264]}}, {"type": "Feature", "properties": {"t": "2412-Other sport and recreation constructions"}, "geometry": {"type": "Point", "coordinates": [-2.10428, 53.51264]}}, {"type": "Feature", "properties": {"t": "2412-Other sport and recreation constructions"}, "geometry": {"type": "Point", "coordinates": [-2.10512, 53.51264]}}, {"type": "Feature", "properties": {"t": "2412-Other sport and recreation constructions"}, "geometry": {"type": "Point", "coordinates": [-2.10507, 53.51264]}}, {"type": "Feature", "properties": {"t": "2412-Other sport and recreation constructions"}, "geometry": {"type": "Point", "coordinates": [-2.10501, 53.51264]}}, {"type": "Feature", "properties": {"t": "2412-Other sport and recreation constructions"}, "geometry": {"type": "Point", "coordinates": [-2.10496, 53.51264]}}, {"type": "Feature", "properties": {"t": "2412-Other sport and recreation constructions"}, "geometry": {"type": "Point", "coordinates": [-2.10491, 53.51265]}}, {"type": "Feature", "properties": {"t": "2412-Other sport and recreation constructions"}, "geometry": {"type": "Point", "coordinates": [-2.10485, 53.51265]}}, {"type": "Feature", "properties": {"t": "2412-Other sport and recreation constructions"}, "geometry": {"type": "Point", "coordinates": [-2.1048, 53.51265]}}, {"type": "Feature", "properties": {"t": "2412-Other sport and recreation constructions"}, "geometry": {"type": "Point", "coordinates": [-2.1046, 53.51269]}}, {"type": "Feature", "properties": {"t": "2412-Other sport and recreation constructions"}, "geometry": {"type": "Point", "coordinates": [-2.10528, 53.51269]}}, {"type": "Feature", "properties": {"t": "2412-Other sport and recreation constructions"}, "geometry": {"type": "Point", "coordinates": [-2.10508, 53.5127]}}, {"type": "Feature", "properties": {"t": "2412-Other sport and recreation constructions"}, "geometry": {"type": "Point", "coordinates": [-2.10436, 53.5127]}}, {"type": "Feature", "properties": {"t": "2412-Other sport and recreation constructions"}, "geometry": {"type": "Point", "coordinates": [-2.10468, 53.51275]}}, {"type": "Feature", "properties": {"t": "2412-Other sport and recreation constructions"}, "geometry": {"type": "Point", "coordinates": [-2.10529, 53.51275]}}, {"type": "Feature", "properties": {"t": "2412-Other sport and recreation constructions"}, "geometry": {"type": "Point", "coordinates": [-2.10507, 53.51276]}}, {"type": "Feature", "properties": {"t": "2412-Other sport and recreation constructions"}, "geometry": {"type": "Point", "coordinates": [-2.10419, 53.51276]}}, {"type": "Feature", "properties": {"t": "2412-Other sport and recreation constructions"}, "geometry": {"type": "Point", "coordinates": [-2.10444, 53.51276]}}, {"type": "Feature", "properties": {"t": "2412-Other sport and recreation constructions"}, "geometry": {"type": "Point", "coordinates": [-2.10376, 53.51279]}}, {"type": "Feature", "properties": {"t": "2412-Other sport and recreation constructions"}, "geometry": {"type": "Point", "coordinates": [-2.10529, 53.51279]}}, {"type": "Feature", "properties": {"t": "2412-Other sport and recreation constructions"}, "geometry": {"type": "Point", "coordinates": [-2.10507, 53.5128]}}, {"type": "Feature", "properties": {"t": "2412-Other sport and recreation constructions"}, "geometry": {"type": "Point", "coordinates": [-2.10473, 53.5128]}}, {"type": "Feature", "properties": {"t": "2412-Other sport and recreation constructions"}, "geometry": {"type": "Point", "coordinates": [-2.10433, 53.51281]}}, {"type": "Feature", "properties": {"t": "2412-Other sport and recreation constructions"}, "geometry": {"type": "Point", "coordinates": [-2.10452, 53.51282]}}, {"type": "Feature", "properties": {"t": "2412-Other sport and recreation constructions"}, "geometry": {"type": "Point", "coordinates": [-2.10529, 53.51284]}}, {"type": "Feature", "properties": {"t": "2412-Other sport and recreation constructions"}, "geometry": {"type": "Point", "coordinates": [-2.10395, 53.51285]}}, {"type": "Feature", "properties": {"t": "2412-Other sport and recreation constructions"}, "geometry": {"type": "Point", "coordinates": [-2.10508, 53.51285]}}, {"type": "Feature", "properties": {"t": "2412-Other sport and recreation constructions"}, "geometry": {"type": "Point", "coordinates": [-2.10437, 53.51285]}}, {"type": "Feature", "properties": {"t": "2412-Other sport and recreation constructions"}, "geometry": {"type": "Point", "coordinates": [-2.10369, 53.51284]}}, {"type": "Feature", "properties": {"t": "2412-Other sport and recreation constructions"}, "geometry": {"type": "Point", "coordinates": [-2.10568, 53.51285]}}, {"type": "Feature", "properties": {"t": "2412-Other sport and recreation constructions"}, "geometry": {"type": "Point", "coordinates": [-2.10558, 53.51285]}}, {"type": "Feature", "properties": {"t": "2412-Other sport and recreation constructions"}, "geometry": {"type": "Point", "coordinates": [-2.10548, 53.51286]}}, {"type": "Feature", "properties": {"t": "2412-Other sport and recreation constructions"}, "geometry": {"type": "Point", "coordinates": [-2.10482, 53.51287]}}, {"type": "Feature", "properties": {"t": "2412-Other sport and recreation constructions"}, "geometry": {"type": "Point", "coordinates": [-2.10406, 53.51286]}}, {"type": "Feature", "properties": {"t": "2412-Other sport and recreation constructions"}, "geometry": {"type": "Point", "coordinates": [-2.1053, 53.51289]}}, {"type": "Feature", "properties": {"t": "2412-Other sport and recreation constructions"}, "geometry": {"type": "Point", "coordinates": [-2.10456, 53.51289]}}, {"type": "Feature", "properties": {"t": "2412-Other sport and recreation constructions"}, "geometry": {"type": "Point", "coordinates": [-2.10363, 53.5129]}}, {"type": "Feature", "properties": {"t": "2412-Other sport and recreation constructions"}, "geometry": {"type": "Point", "coordinates": [-2.10508, 53.5129]}}, {"type": "Feature", "properties": {"t": "2412-Other sport and recreation constructions"}, "geometry": {"type": "Point", "coordinates": [-2.1039, 53.51291]}}, {"type": "Feature", "properties": {"t": "2412-Other sport and recreation constructions"}, "geometry": {"type": "Point", "coordinates": [-2.10484, 53.51291]}}, {"type": "Feature", "properties": {"t": "2412-Other sport and recreation constructions"}, "geometry": {"type": "Point", "coordinates": [-2.10665, 53.51286]}}, {"type": "Feature", "properties": {"t": "2412-Other sport and recreation constructions"}, "geometry": {"type": "Point", "coordinates": [-2.10609, 53.51286]}}, {"type": "Feature", "properties": {"t": "2412-Other sport and recreation constructions"}, "geometry": {"type": "Point", "coordinates": [-2.10632, 53.51288]}}, {"type": "Feature", "properties": {"t": "2412-Other sport and recreation constructions"}, "geometry": {"type": "Point", "coordinates": [-2.10707, 53.51289]}}, {"type": "Feature", "properties": {"t": "2412-Other sport and recreation constructions"}, "geometry": {"type": "Point", "coordinates": [-2.10732, 53.5129]}}, {"type": "Feature", "properties": {"t": "2412-Other sport and recreation constructions"}, "geometry": {"type": "Point", "coordinates": [-2.10714, 53.51291]}}, {"type": "Feature", "properties": {"t": "2412-Other sport and recreation constructions"}, "geometry": {"type": "Point", "coordinates": [-2.1069, 53.51291]}}, {"type": "Feature", "properties": {"t": "2412-Other sport and recreation constructions"}, "geometry": {"type": "Point", "coordinates": [-2.10607, 53.51295]}}, {"type": "Feature", "properties": {"t": "2412-Other sport and recreation constructions"}, "geometry": {"type": "Point", "coordinates": [-2.10733, 53.51296]}}, {"type": "Feature", "properties": {"t": "2412-Other sport and recreation constructions"}, "geometry": {"type": "Point", "coordinates": [-2.10598, 53.51296]}}, {"type": "Feature", "properties": {"t": "2412-Other sport and recreation constructions"}, "geometry": {"type": "Point", "coordinates": [-2.10418, 53.51294]}}, {"type": "Feature", "properties": {"t": "2412-Other sport and recreation constructions"}, "geometry": {"type": "Point", "coordinates": [-2.1043, 53.51295]}}, {"type": "Feature", "properties": {"t": "2412-Other sport and recreation constructions"}, "geometry": {"type": "Point", "coordinates": [-2.10461, 53.51294]}}, {"type": "Feature", "properties": {"t": "2412-Other sport and recreation constructions"}, "geometry": {"type": "Point", "coordinates": [-2.1053, 53.51296]}}, {"type": "Feature", "properties": {"t": "2412-Other sport and recreation constructions"}, "geometry": {"type": "Point", "coordinates": [-2.10486, 53.51296]}}, {"type": "Feature", "properties": {"t": "2412-Other sport and recreation constructions"}, "geometry": {"type": "Point", "coordinates": [-2.10511, 53.51297]}}, {"type": "Feature", "properties": {"t": "2412-Other sport and recreation constructions"}, "geometry": {"type": "Point", "coordinates": [-2.10383, 53.51297]}}, {"type": "Feature", "properties": {"t": "2412-Other sport and recreation constructions"}, "geometry": {"type": "Point", "coordinates": [-2.10561, 53.51297]}}, {"type": "Feature", "properties": {"t": "2412-Other sport and recreation constructions"}, "geometry": {"type": "Point", "coordinates": [-2.10549, 53.51298]}}, {"type": "Feature", "properties": {"t": "2412-Other sport and recreation constructions"}, "geometry": {"type": "Point", "coordinates": [-2.10355, 53.51299]}}, {"type": "Feature", "properties": {"t": "2412-Other sport and recreation constructions"}, "geometry": {"type": "Point", "coordinates": [-2.10588, 53.51296]}}, {"type": "Feature", "properties": {"t": "2412-Other sport and recreation constructions"}, "geometry": {"type": "Point", "coordinates": [-2.10579, 53.51296]}}, {"type": "Feature", "properties": {"t": "2412-Other sport and recreation constructions"}, "geometry": {"type": "Point", "coordinates": [-2.10714, 53.51296]}}, {"type": "Feature", "properties": {"t": "2412-Other sport and recreation constructions"}, "geometry": {"type": "Point", "coordinates": [-2.1057, 53.51296]}}, {"type": "Feature", "properties": {"t": "2412-Other sport and recreation constructions"}, "geometry": {"type": "Point", "coordinates": [-2.10709, 53.51297]}}, {"type": "Feature", "properties": {"t": "2412-Other sport and recreation constructions"}, "geometry": {"type": "Point", "coordinates": [-2.1069, 53.51298]}}, {"type": "Feature", "properties": {"t": "2412-Other sport and recreation constructions"}, "geometry": {"type": "Point", "coordinates": [-2.10633, 53.51298]}}, {"type": "Feature", "properties": {"t": "2412-Other sport and recreation constructions"}, "geometry": {"type": "Point", "coordinates": [-2.10667, 53.51298]}}, {"type": "Feature", "properties": {"t": "2412-Other sport and recreation constructions"}, "geometry": {"type": "Point", "coordinates": [-2.10734, 53.51301]}}, {"type": "Feature", "properties": {"t": "2412-Other sport and recreation constructions"}, "geometry": {"type": "Point", "coordinates": [-2.10691, 53.51303]}}, {"type": "Feature", "properties": {"t": "2412-Other sport and recreation constructions"}, "geometry": {"type": "Point", "coordinates": [-2.10462, 53.51301]}}, {"type": "Feature", "properties": {"t": "2412-Other sport and recreation constructions"}, "geometry": {"type": "Point", "coordinates": [-2.10483, 53.51303]}}, {"type": "Feature", "properties": {"t": "2412-Other sport and recreation constructions"}, "geometry": {"type": "Point", "coordinates": [-2.10378, 53.51303]}}, {"type": "Feature", "properties": {"t": "2412-Other sport and recreation constructions"}, "geometry": {"type": "Point", "coordinates": [-2.10562, 53.51303]}}, {"type": "Feature", "properties": {"t": "2412-Other sport and recreation constructions"}, "geometry": {"type": "Point", "coordinates": [-2.10405, 53.51308]}}, {"type": "Feature", "properties": {"t": "2412-Other sport and recreation constructions"}, "geometry": {"type": "Point", "coordinates": [-2.10396, 53.51309]}}, {"type": "Feature", "properties": {"t": "2412-Other sport and recreation constructions"}, "geometry": {"type": "Point", "coordinates": [-2.10559, 53.5131]}}, {"type": "Feature", "properties": {"t": "2412-Other sport and recreation constructions"}, "geometry": {"type": "Point", "coordinates": [-2.10387, 53.5131]}}, {"type": "Feature", "properties": {"t": "2412-Other sport and recreation constructions"}, "geometry": {"type": "Point", "coordinates": [-2.10378, 53.51312]}}, {"type": "Feature", "properties": {"t": "2412-Other sport and recreation constructions"}, "geometry": {"type": "Point", "coordinates": [-2.10539, 53.51311]}}, {"type": "Feature", "properties": {"t": "2412-Other sport and recreation constructions"}, "geometry": {"type": "Point", "coordinates": [-2.10529, 53.51313]}}, {"type": "Feature", "properties": {"t": "2412-Other sport and recreation constructions"}, "geometry": {"type": "Point", "coordinates": [-2.10369, 53.51313]}}, {"type": "Feature", "properties": {"t": "2412-Other sport and recreation constructions"}, "geometry": {"type": "Point", "coordinates": [-2.1056, 53.51313]}}, {"type": "Feature", "properties": {"t": "2412-Other sport and recreation constructions"}, "geometry": {"type": "Point", "coordinates": [-2.10524, 53.51314]}}, {"type": "Feature", "properties": {"t": "2412-Other sport and recreation constructions"}, "geometry": {"type": "Point", "coordinates": [-2.10518, 53.51315]}}, {"type": "Feature", "properties": {"t": "2412-Other sport and recreation constructions"}, "geometry": {"type": "Point", "coordinates": [-2.10513, 53.51315]}}, {"type": "Feature", "properties": {"t": "2412-Other sport and recreation constructions"}, "geometry": {"type": "Point", "coordinates": [-2.10504, 53.51315]}}, {"type": "Feature", "properties": {"t": "2412-Other sport and recreation constructions"}, "geometry": {"type": "Point", "coordinates": [-2.10492, 53.51316]}}, {"type": "Feature", "properties": {"t": "2412-Other sport and recreation constructions"}, "geometry": {"type": "Point", "coordinates": [-2.10485, 53.51316]}}, {"type": "Feature", "properties": {"t": "2412-Other sport and recreation constructions"}, "geometry": {"type": "Point", "coordinates": [-2.1056, 53.51316]}}, {"type": "Feature", "properties": {"t": "2412-Other sport and recreation constructions"}, "geometry": {"type": "Point", "coordinates": [-2.10715, 53.51303]}}, {"type": "Feature", "properties": {"t": "2412-Other sport and recreation constructions"}, "geometry": {"type": "Point", "coordinates": [-2.10708, 53.51304]}}, {"type": "Feature", "properties": {"t": "2412-Other sport and recreation constructions"}, "geometry": {"type": "Point", "coordinates": [-2.10667, 53.51305]}}, {"type": "Feature", "properties": {"t": "2412-Other sport and recreation constructions"}, "geometry": {"type": "Point", "coordinates": [-2.10632, 53.51308]}}, {"type": "Feature", "properties": {"t": "2412-Other sport and recreation constructions"}, "geometry": {"type": "Point", "coordinates": [-2.10634, 53.51317]}}, {"type": "Feature", "properties": {"t": "2412-Other sport and recreation constructions"}, "geometry": {"type": "Point", "coordinates": [-2.10668, 53.51317]}}, {"type": "Feature", "properties": {"t": "2412-Other sport and recreation constructions"}, "geometry": {"type": "Point", "coordinates": [-2.10723, 53.51327]}}, {"type": "Feature", "properties": {"t": "2412-Other sport and recreation constructions"}, "geometry": {"type": "Point", "coordinates": [-2.10668, 53.51325]}}, {"type": "Feature", "properties": {"t": "2412-Other sport and recreation constructions"}, "geometry": {"type": "Point", "coordinates": [-2.10636, 53.51327]}}, {"type": "Feature", "properties": {"t": "2412-Other sport and recreation constructions"}, "geometry": {"type": "Point", "coordinates": [-2.10575, 53.51331]}}, {"type": "Feature", "properties": {"t": "2412-Other sport and recreation constructions"}, "geometry": {"type": "Point", "coordinates": [-2.10477, 53.51316]}}, {"type": "Feature", "properties": {"t": "2412-Other sport and recreation constructions"}, "geometry": {"type": "Point", "coordinates": [-2.10466, 53.51316]}}, {"type": "Feature", "properties": {"t": "2412-Other sport and recreation constructions"}, "geometry": {"type": "Point", "coordinates": [-2.1056, 53.51319]}}, {"type": "Feature", "properties": {"t": "2412-Other sport and recreation constructions"}, "geometry": {"type": "Point", "coordinates": [-2.10409, 53.51322]}}, {"type": "Feature", "properties": {"t": "2412-Other sport and recreation constructions"}, "geometry": {"type": "Point", "coordinates": [-2.10351, 53.51321]}}, {"type": "Feature", "properties": {"t": "2412-Other sport and recreation constructions"}, "geometry": {"type": "Point", "coordinates": [-2.10561, 53.51322]}}, {"type": "Feature", "properties": {"t": "2412-Other sport and recreation constructions"}, "geometry": {"type": "Point", "coordinates": [-2.10339, 53.51322]}}, {"type": "Feature", "properties": {"t": "2412-Other sport and recreation constructions"}, "geometry": {"type": "Point", "coordinates": [-2.104, 53.51323]}}, {"type": "Feature", "properties": {"t": "2412-Other sport and recreation constructions"}, "geometry": {"type": "Point", "coordinates": [-2.10391, 53.51323]}}, {"type": "Feature", "properties": {"t": "2412-Other sport and recreation constructions"}, "geometry": {"type": "Point", "coordinates": [-2.1054, 53.51327]}}, {"type": "Feature", "properties": {"t": "2412-Other sport and recreation constructions"}, "geometry": {"type": "Point", "coordinates": [-2.10562, 53.51325]}}, {"type": "Feature", "properties": {"t": "2412-Other sport and recreation constructions"}, "geometry": {"type": "Point", "coordinates": [-2.10466, 53.51328]}}, {"type": "Feature", "properties": {"t": "2412-Other sport and recreation constructions"}, "geometry": {"type": "Point", "coordinates": [-2.10531, 53.51329]}}, {"type": "Feature", "properties": {"t": "2412-Other sport and recreation constructions"}, "geometry": {"type": "Point", "coordinates": [-2.10512, 53.51329]}}, {"type": "Feature", "properties": {"t": "2412-Other sport and recreation constructions"}, "geometry": {"type": "Point", "coordinates": [-2.10485, 53.51329]}}, {"type": "Feature", "properties": {"t": "2412-Other sport and recreation constructions"}, "geometry": {"type": "Point", "coordinates": [-2.10522, 53.51329]}}, {"type": "Feature", "properties": {"t": "2412-Other sport and recreation constructions"}, "geometry": {"type": "Point", "coordinates": [-2.10506, 53.51331]}}, {"type": "Feature", "properties": {"t": "2412-Other sport and recreation constructions"}, "geometry": {"type": "Point", "coordinates": [-2.10495, 53.5133]}}, {"type": "Feature", "properties": {"t": "2412-Other sport and recreation constructions"}, "geometry": {"type": "Point", "coordinates": [-2.1048, 53.51331]}}, {"type": "Feature", "properties": {"t": "2412-Other sport and recreation constructions"}, "geometry": {"type": "Point", "coordinates": [-2.10553, 53.51332]}}, {"type": "Feature", "properties": {"t": "2412-Other sport and recreation constructions"}, "geometry": {"type": "Point", "coordinates": [-2.10353, 53.51333]}}, {"type": "Feature", "properties": {"t": "2412-Other sport and recreation constructions"}, "geometry": {"type": "Point", "coordinates": [-2.10343, 53.51334]}}, {"type": "Feature", "properties": {"t": "2412-Other sport and recreation constructions"}, "geometry": {"type": "Point", "coordinates": [-2.1039, 53.51334]}}, {"type": "Feature", "properties": {"t": "2412-Other sport and recreation constructions"}, "geometry": {"type": "Point", "coordinates": [-2.10335, 53.51335]}}, {"type": "Feature", "properties": {"t": "2412-Other sport and recreation constructions"}, "geometry": {"type": "Point", "coordinates": [-2.10553, 53.51337]}}, {"type": "Feature", "properties": {"t": "2412-Other sport and recreation constructions"}, "geometry": {"type": "Point", "coordinates": [-2.1049, 53.51339]}}, {"type": "Feature", "properties": {"t": "2412-Other sport and recreation constructions"}, "geometry": {"type": "Point", "coordinates": [-2.10513, 53.51339]}}, {"type": "Feature", "properties": {"t": "2412-Other sport and recreation constructions"}, "geometry": {"type": "Point", "coordinates": [-2.10505, 53.51339]}}, {"type": "Feature", "properties": {"t": "2412-Other sport and recreation constructions"}, "geometry": {"type": "Point", "coordinates": [-2.10497, 53.51339]}}, {"type": "Feature", "properties": {"t": "2412-Other sport and recreation constructions"}, "geometry": {"type": "Point", "coordinates": [-2.1048, 53.51339]}}, {"type": "Feature", "properties": {"t": "2412-Other sport and recreation constructions"}, "geometry": {"type": "Point", "coordinates": [-2.10554, 53.51342]}}, {"type": "Feature", "properties": {"t": "2412-Other sport and recreation constructions"}, "geometry": {"type": "Point", "coordinates": [-2.10524, 53.5134]}}, {"type": "Feature", "properties": {"t": "2412-Other sport and recreation constructions"}, "geometry": {"type": "Point", "coordinates": [-2.10394, 53.51345]}}, {"type": "Feature", "properties": {"t": "2412-Other sport and recreation constructions"}, "geometry": {"type": "Point", "coordinates": [-2.10555, 53.51347]}}, {"type": "Feature", "properties": {"t": "2412-Other sport and recreation constructions"}, "geometry": {"type": "Point", "coordinates": [-2.10525, 53.51352]}}, {"type": "Feature", "properties": {"t": "2412-Other sport and recreation constructions"}, "geometry": {"type": "Point", "coordinates": [-2.10504, 53.51353]}}, {"type": "Feature", "properties": {"t": "2412-Other sport and recreation constructions"}, "geometry": {"type": "Point", "coordinates": [-2.10516, 53.51353]}}, {"type": "Feature", "properties": {"t": "2412-Other sport and recreation constructions"}, "geometry": {"type": "Point", "coordinates": [-2.10496, 53.51353]}}, {"type": "Feature", "properties": {"t": "2412-Other sport and recreation constructions"}, "geometry": {"type": "Point", "coordinates": [-2.10492, 53.51353]}}, {"type": "Feature", "properties": {"t": "2412-Other sport and recreation constructions"}, "geometry": {"type": "Point", "coordinates": [-2.10482, 53.51353]}}, {"type": "Feature", "properties": {"t": "2412-Other sport and recreation constructions"}, "geometry": {"type": "Point", "coordinates": [-2.10306, 53.51332]}}, {"type": "Feature", "properties": {"t": "2412-Other sport and recreation constructions"}, "geometry": {"type": "Point", "coordinates": [-2.10325, 53.51337]}}, {"type": "Feature", "properties": {"t": "2412-Other sport and recreation constructions"}, "geometry": {"type": "Point", "coordinates": [-2.10327, 53.5138]}}, {"type": "Feature", "properties": {"t": "2412-Other sport and recreation constructions"}, "geometry": {"type": "Point", "coordinates": [-2.10321, 53.51381]}}, {"type": "Feature", "properties": {"t": "2412-Other sport and recreation constructions"}, "geometry": {"type": "Point", "coordinates": [-2.10315, 53.51382]}}, {"type": "Feature", "properties": {"t": "2412-Other sport and recreation constructions"}, "geometry": {"type": "Point", "coordinates": [-2.10309, 53.51383]}}, {"type": "Feature", "properties": {"t": "2412-Other sport and recreation constructions"}, "geometry": {"type": "Point", "coordinates": [-2.10302, 53.51384]}}, {"type": "Feature", "properties": {"t": "2412-Other sport and recreation constructions"}, "geometry": {"type": "Point", "coordinates": [-2.10295, 53.51385]}}, {"type": "Feature", "properties": {"t": "2412-Other sport and recreation constructions"}, "geometry": {"type": "Point", "coordinates": [-2.10287, 53.51386]}}, {"type": "Feature", "properties": {"t": "2412-Other sport and recreation constructions"}, "geometry": {"type": "Point", "coordinates": [-2.10334, 53.51392]}}, {"type": "Feature", "properties": {"t": "2412-Other sport and recreation constructions"}, "geometry": {"type": "Point", "coordinates": [-2.10466, 53.5137]}}, {"type": "Feature", "properties": {"t": "2412-Other sport and recreation constructions"}, "geometry": {"type": "Point", "coordinates": [-2.1037, 53.51376]}}, {"type": "Feature", "properties": {"t": "2412-Other sport and recreation constructions"}, "geometry": {"type": "Point", "coordinates": [-2.10473, 53.51377]}}, {"type": "Feature", "properties": {"t": "2412-Other sport and recreation constructions"}, "geometry": {"type": "Point", "coordinates": [-2.10367, 53.51377]}}, {"type": "Feature", "properties": {"t": "2412-Other sport and recreation constructions"}, "geometry": {"type": "Point", "coordinates": [-2.10356, 53.51379]}}, {"type": "Feature", "properties": {"t": "2412-Other sport and recreation constructions"}, "geometry": {"type": "Point", "coordinates": [-2.10335, 53.51379]}}, {"type": "Feature", "properties": {"t": "2412-Other sport and recreation constructions"}, "geometry": {"type": "Point", "coordinates": [-2.10474, 53.51382]}}, {"type": "Feature", "properties": {"t": "2412-Other sport and recreation constructions"}, "geometry": {"type": "Point", "coordinates": [-2.10549, 53.51384]}}, {"type": "Feature", "properties": {"t": "2412-Other sport and recreation constructions"}, "geometry": {"type": "Point", "coordinates": [-2.10379, 53.5139]}}, {"type": "Feature", "properties": {"t": "2412-Other sport and recreation constructions"}, "geometry": {"type": "Point", "coordinates": [-2.10475, 53.51388]}}, {"type": "Feature", "properties": {"t": "2412-Other sport and recreation constructions"}, "geometry": {"type": "Point", "coordinates": [-2.1034, 53.51392]}}, {"type": "Feature", "properties": {"t": "2412-Other sport and recreation constructions"}, "geometry": {"type": "Point", "coordinates": [-2.10372, 53.51393]}}, {"type": "Feature", "properties": {"t": "2412-Other sport and recreation constructions"}, "geometry": {"type": "Point", "coordinates": [-2.10477, 53.51394]}}, {"type": "Feature", "properties": {"t": "2412-Other sport and recreation constructions"}, "geometry": {"type": "Point", "coordinates": [-2.10517, 53.51394]}}, {"type": "Feature", "properties": {"t": "2412-Other sport and recreation constructions"}, "geometry": {"type": "Point", "coordinates": [-2.10512, 53.51394]}}, {"type": "Feature", "properties": {"t": "2412-Other sport and recreation constructions"}, "geometry": {"type": "Point", "coordinates": [-2.10365, 53.51394]}}, {"type": "Feature", "properties": {"t": "2412-Other sport and recreation constructions"}, "geometry": {"type": "Point", "coordinates": [-2.10502, 53.51395]}}, {"type": "Feature", "properties": {"t": "2412-Other sport and recreation constructions"}, "geometry": {"type": "Point", "coordinates": [-2.10492, 53.51396]}}, {"type": "Feature", "properties": {"t": "2412-Other sport and recreation constructions"}, "geometry": {"type": "Point", "coordinates": [-2.10418, 53.51398]}}, {"type": "Feature", "properties": {"t": "2412-Other sport and recreation constructions"}, "geometry": {"type": "Point", "coordinates": [-2.10358, 53.51397]}}, {"type": "Feature", "properties": {"t": "2412-Other sport and recreation constructions"}, "geometry": {"type": "Point", "coordinates": [-2.10326, 53.51393]}}, {"type": "Feature", "properties": {"t": "2412-Other sport and recreation constructions"}, "geometry": {"type": "Point", "coordinates": [-2.10319, 53.51395]}}, {"type": "Feature", "properties": {"t": "2412-Other sport and recreation constructions"}, "geometry": {"type": "Point", "coordinates": [-2.10314, 53.51395]}}, {"type": "Feature", "properties": {"t": "2412-Other sport and recreation constructions"}, "geometry": {"type": "Point", "coordinates": [-2.10307, 53.51396]}}, {"type": "Feature", "properties": {"t": "2412-Other sport and recreation constructions"}, "geometry": {"type": "Point", "coordinates": [-2.10291, 53.51398]}}, {"type": "Feature", "properties": {"t": "2412-Other sport and recreation constructions"}, "geometry": {"type": "Point", "coordinates": [-2.10301, 53.51397]}}, {"type": "Feature", "properties": {"t": "2412-Other sport and recreation constructions"}, "geometry": {"type": "Point", "coordinates": [-2.10282, 53.514]}}, {"type": "Feature", "properties": {"t": "2412-Other sport and recreation constructions"}, "geometry": {"type": "Point", "coordinates": [-2.10204, 53.51397]}}, {"type": "Feature", "properties": {"t": "2412-Other sport and recreation constructions"}, "geometry": {"type": "Point", "coordinates": [-2.1027, 53.51403]}}, {"type": "Feature", "properties": {"t": "2412-Other sport and recreation constructions"}, "geometry": {"type": "Point", "coordinates": [-2.10321, 53.51403]}}, {"type": "Feature", "properties": {"t": "2412-Other sport and recreation constructions"}, "geometry": {"type": "Point", "coordinates": [-2.10478, 53.51399]}}, {"type": "Feature", "properties": {"t": "2412-Other sport and recreation constructions"}, "geometry": {"type": "Point", "coordinates": [-2.10374, 53.51402]}}, {"type": "Feature", "properties": {"t": "2412-Other sport and recreation constructions"}, "geometry": {"type": "Point", "coordinates": [-2.10563, 53.51403]}}, {"type": "Feature", "properties": {"t": "2412-Other sport and recreation constructions"}, "geometry": {"type": "Point", "coordinates": [-2.10368, 53.51404]}}, {"type": "Feature", "properties": {"t": "2412-Other sport and recreation constructions"}, "geometry": {"type": "Point", "coordinates": [-2.10479, 53.51404]}}, {"type": "Feature", "properties": {"t": "2412-Other sport and recreation constructions"}, "geometry": {"type": "Point", "coordinates": [-2.10541, 53.51406]}}, {"type": "Feature", "properties": {"t": "2412-Other sport and recreation constructions"}, "geometry": {"type": "Point", "coordinates": [-2.10359, 53.51405]}}, {"type": "Feature", "properties": {"t": "2412-Other sport and recreation constructions"}, "geometry": {"type": "Point", "coordinates": [-2.10383, 53.51404]}}, {"type": "Feature", "properties": {"t": "2412-Other sport and recreation constructions"}, "geometry": {"type": "Point", "coordinates": [-2.10478, 53.51409]}}, {"type": "Feature", "properties": {"t": "2412-Other sport and recreation constructions"}, "geometry": {"type": "Point", "coordinates": [-2.10565, 53.5141]}}, {"type": "Feature", "properties": {"t": "2412-Other sport and recreation constructions"}, "geometry": {"type": "Point", "coordinates": [-2.10237, 53.51401]}}, {"type": "Feature", "properties": {"t": "2412-Other sport and recreation constructions"}, "geometry": {"type": "Point", "coordinates": [-2.10295, 53.51408]}}, {"type": "Feature", "properties": {"t": "2412-Other sport and recreation constructions"}, "geometry": {"type": "Point", "coordinates": [-2.1023, 53.51412]}}, {"type": "Feature", "properties": {"t": "2412-Other sport and recreation constructions"}, "geometry": {"type": "Point", "coordinates": [-2.10316, 53.51411]}}, {"type": "Feature", "properties": {"t": "2412-Other sport and recreation constructions"}, "geometry": {"type": "Point", "coordinates": [-2.10212, 53.51415]}}, {"type": "Feature", "properties": {"t": "2412-Other sport and recreation constructions"}, "geometry": {"type": "Point", "coordinates": [-2.10299, 53.51415]}}, {"type": "Feature", "properties": {"t": "2412-Other sport and recreation constructions"}, "geometry": {"type": "Point", "coordinates": [-2.10318, 53.51416]}}, {"type": "Feature", "properties": {"t": "2412-Other sport and recreation constructions"}, "geometry": {"type": "Point", "coordinates": [-2.1027, 53.51417]}}, {"type": "Feature", "properties": {"t": "2412-Other sport and recreation constructions"}, "geometry": {"type": "Point", "coordinates": [-2.10302, 53.51418]}}, {"type": "Feature", "properties": {"t": "2412-Other sport and recreation constructions"}, "geometry": {"type": "Point", "coordinates": [-2.10272, 53.51419]}}, {"type": "Feature", "properties": {"t": "2412-Other sport and recreation constructions"}, "geometry": {"type": "Point", "coordinates": [-2.10542, 53.51412]}}, {"type": "Feature", "properties": {"t": "2412-Other sport and recreation constructions"}, "geometry": {"type": "Point", "coordinates": [-2.10531, 53.51413]}}, {"type": "Feature", "properties": {"t": "2412-Other sport and recreation constructions"}, "geometry": {"type": "Point", "coordinates": [-2.10521, 53.51414]}}, {"type": "Feature", "properties": {"t": "2412-Other sport and recreation constructions"}, "geometry": {"type": "Point", "coordinates": [-2.10508, 53.51415]}}, {"type": "Feature", "properties": {"t": "2412-Other sport and recreation constructions"}, "geometry": {"type": "Point", "coordinates": [-2.10458, 53.51416]}}, {"type": "Feature", "properties": {"t": "2412-Other sport and recreation constructions"}, "geometry": {"type": "Point", "coordinates": [-2.10543, 53.51417]}}, {"type": "Feature", "properties": {"t": "2412-Other sport and recreation constructions"}, "geometry": {"type": "Point", "coordinates": [-2.10475, 53.51418]}}, {"type": "Feature", "properties": {"t": "2412-Other sport and recreation constructions"}, "geometry": {"type": "Point", "coordinates": [-2.10567, 53.51419]}}, {"type": "Feature", "properties": {"t": "2412-Other sport and recreation constructions"}, "geometry": {"type": "Point", "coordinates": [-2.10544, 53.51421]}}, {"type": "Feature", "properties": {"t": "2412-Other sport and recreation constructions"}, "geometry": {"type": "Point", "coordinates": [-2.1042, 53.51423]}}, {"type": "Feature", "properties": {"t": "2412-Other sport and recreation constructions"}, "geometry": {"type": "Point", "coordinates": [-2.10443, 53.51424]}}, {"type": "Feature", "properties": {"t": "2412-Other sport and recreation constructions"}, "geometry": {"type": "Point", "coordinates": [-2.10421, 53.51427]}}, {"type": "Feature", "properties": {"t": "2412-Other sport and recreation constructions"}, "geometry": {"type": "Point", "coordinates": [-2.10348, 53.51427]}}, {"type": "Feature", "properties": {"t": "2412-Other sport and recreation constructions"}, "geometry": {"type": "Point", "coordinates": [-2.10491, 53.51429]}}, {"type": "Feature", "properties": {"t": "2412-Other sport and recreation constructions"}, "geometry": {"type": "Point", "coordinates": [-2.10481, 53.5143]}}, {"type": "Feature", "properties": {"t": "2412-Other sport and recreation constructions"}, "geometry": {"type": "Point", "coordinates": [-2.10563, 53.5143]}}, {"type": "Feature", "properties": {"t": "2412-Other sport and recreation constructions"}, "geometry": {"type": "Point", "coordinates": [-2.10471, 53.51431]}}, {"type": "Feature", "properties": {"t": "2412-Other sport and recreation constructions"}, "geometry": {"type": "Point", "coordinates": [-2.1035, 53.51431]}}, {"type": "Feature", "properties": {"t": "2412-Other sport and recreation constructions"}, "geometry": {"type": "Point", "coordinates": [-2.10462, 53.51431]}}, {"type": "Feature", "properties": {"t": "2412-Other sport and recreation constructions"}, "geometry": {"type": "Point", "coordinates": [-2.10423, 53.51432]}}, {"type": "Feature", "properties": {"t": "2412-Other sport and recreation constructions"}, "geometry": {"type": "Point", "coordinates": [-2.10319, 53.51421]}}, {"type": "Feature", "properties": {"t": "2412-Other sport and recreation constructions"}, "geometry": {"type": "Point", "coordinates": [-2.10249, 53.51424]}}, {"type": "Feature", "properties": {"t": "2412-Other sport and recreation constructions"}, "geometry": {"type": "Point", "coordinates": [-2.10302, 53.51424]}}, {"type": "Feature", "properties": {"t": "2412-Other sport and recreation constructions"}, "geometry": {"type": "Point", "coordinates": [-2.10224, 53.51425]}}, {"type": "Feature", "properties": {"t": "2412-Other sport and recreation constructions"}, "geometry": {"type": "Point", "coordinates": [-2.10276, 53.51426]}}, {"type": "Feature", "properties": {"t": "2412-Other sport and recreation constructions"}, "geometry": {"type": "Point", "coordinates": [-2.10277, 53.51428]}}, {"type": "Feature", "properties": {"t": "2412-Other sport and recreation constructions"}, "geometry": {"type": "Point", "coordinates": [-2.10305, 53.5143]}}, {"type": "Feature", "properties": {"t": "2412-Other sport and recreation constructions"}, "geometry": {"type": "Point", "coordinates": [-2.10323, 53.5143]}}, {"type": "Feature", "properties": {"t": "2412-Other sport and recreation constructions"}, "geometry": {"type": "Point", "coordinates": [-2.10229, 53.51435]}}, {"type": "Feature", "properties": {"t": "2412-Other sport and recreation constructions"}, "geometry": {"type": "Point", "coordinates": [-2.10283, 53.51436]}}, {"type": "Feature", "properties": {"t": "2412-Other sport and recreation constructions"}, "geometry": {"type": "Point", "coordinates": [-2.10575, 53.51433]}}, {"type": "Feature", "properties": {"t": "2412-Other sport and recreation constructions"}, "geometry": {"type": "Point", "coordinates": [-2.10729, 53.51433]}}, {"type": "Feature", "properties": {"t": "2412-Other sport and recreation constructions"}, "geometry": {"type": "Point", "coordinates": [-2.10675, 53.51434]}}, {"type": "Feature", "properties": {"t": "2412-Other sport and recreation constructions"}, "geometry": {"type": "Point", "coordinates": [-2.10757, 53.51437]}}, {"type": "Feature", "properties": {"t": "2412-Other sport and recreation constructions"}, "geometry": {"type": "Point", "coordinates": [-2.10677, 53.51441]}}, {"type": "Feature", "properties": {"t": "2412-Other sport and recreation constructions"}, "geometry": {"type": "Point", "coordinates": [-2.10763, 53.51445]}}, {"type": "Feature", "properties": {"t": "2412-Other sport and recreation constructions"}, "geometry": {"type": "Point", "coordinates": [-2.10602, 53.51445]}}, {"type": "Feature", "properties": {"t": "2412-Other sport and recreation constructions"}, "geometry": {"type": "Point", "coordinates": [-2.10594, 53.51446]}}, {"type": "Feature", "properties": {"t": "2412-Other sport and recreation constructions"}, "geometry": {"type": "Point", "coordinates": [-2.10587, 53.51447]}}, {"type": "Feature", "properties": {"t": "2412-Other sport and recreation constructions"}, "geometry": {"type": "Point", "coordinates": [-2.10578, 53.51447]}}, {"type": "Feature", "properties": {"t": "2412-Other sport and recreation constructions"}, "geometry": {"type": "Point", "coordinates": [-2.10453, 53.51432]}}, {"type": "Feature", "properties": {"t": "2412-Other sport and recreation constructions"}, "geometry": {"type": "Point", "coordinates": [-2.10444, 53.51433]}}, {"type": "Feature", "properties": {"t": "2412-Other sport and recreation constructions"}, "geometry": {"type": "Point", "coordinates": [-2.10539, 53.51436]}}, {"type": "Feature", "properties": {"t": "2412-Other sport and recreation constructions"}, "geometry": {"type": "Point", "coordinates": [-2.10565, 53.51435]}}, {"type": "Feature", "properties": {"t": "2412-Other sport and recreation constructions"}, "geometry": {"type": "Point", "coordinates": [-2.10425, 53.51437]}}, {"type": "Feature", "properties": {"t": "2412-Other sport and recreation constructions"}, "geometry": {"type": "Point", "coordinates": [-2.10566, 53.5144]}}, {"type": "Feature", "properties": {"t": "2412-Other sport and recreation constructions"}, "geometry": {"type": "Point", "coordinates": [-2.10543, 53.51442]}}, {"type": "Feature", "properties": {"t": "2412-Other sport and recreation constructions"}, "geometry": {"type": "Point", "coordinates": [-2.1037, 53.51443]}}, {"type": "Feature", "properties": {"t": "2412-Other sport and recreation constructions"}, "geometry": {"type": "Point", "coordinates": [-2.10427, 53.51443]}}, {"type": "Feature", "properties": {"t": "2412-Other sport and recreation constructions"}, "geometry": {"type": "Point", "coordinates": [-2.10565, 53.51446]}}, {"type": "Feature", "properties": {"t": "2412-Other sport and recreation constructions"}, "geometry": {"type": "Point", "coordinates": [-2.10328, 53.51437]}}, {"type": "Feature", "properties": {"t": "2412-Other sport and recreation constructions"}, "geometry": {"type": "Point", "coordinates": [-2.10305, 53.5144]}}, {"type": "Feature", "properties": {"t": "2412-Other sport and recreation constructions"}, "geometry": {"type": "Point", "coordinates": [-2.10286, 53.5144]}}, {"type": "Feature", "properties": {"t": "2412-Other sport and recreation constructions"}, "geometry": {"type": "Point", "coordinates": [-2.10261, 53.51441]}}, {"type": "Feature", "properties": {"t": "2412-Other sport and recreation constructions"}, "geometry": {"type": "Point", "coordinates": [-2.10235, 53.51444]}}, {"type": "Feature", "properties": {"t": "2412-Other sport and recreation constructions"}, "geometry": {"type": "Point", "coordinates": [-2.10335, 53.5145]}}, {"type": "Feature", "properties": {"t": "2412-Other sport and recreation constructions"}, "geometry": {"type": "Point", "coordinates": [-2.10268, 53.51451]}}, {"type": "Feature", "properties": {"t": "2412-Other sport and recreation constructions"}, "geometry": {"type": "Point", "coordinates": [-2.10329, 53.51451]}}, {"type": "Feature", "properties": {"t": "2412-Other sport and recreation constructions"}, "geometry": {"type": "Point", "coordinates": [-2.10243, 53.51454]}}, {"type": "Feature", "properties": {"t": "2412-Other sport and recreation constructions"}, "geometry": {"type": "Point", "coordinates": [-2.10304, 53.51459]}}, {"type": "Feature", "properties": {"t": "2412-Other sport and recreation constructions"}, "geometry": {"type": "Point", "coordinates": [-2.10677, 53.51447]}}, {"type": "Feature", "properties": {"t": "2412-Other sport and recreation constructions"}, "geometry": {"type": "Point", "coordinates": [-2.10736, 53.51449]}}, {"type": "Feature", "properties": {"t": "2412-Other sport and recreation constructions"}, "geometry": {"type": "Point", "coordinates": [-2.10619, 53.51452]}}, {"type": "Feature", "properties": {"t": "2412-Other sport and recreation constructions"}, "geometry": {"type": "Point", "coordinates": [-2.10679, 53.51455]}}, {"type": "Feature", "properties": {"t": "2412-Other sport and recreation constructions"}, "geometry": {"type": "Point", "coordinates": [-2.10766, 53.51456]}}, {"type": "Feature", "properties": {"t": "2412-Other sport and recreation constructions"}, "geometry": {"type": "Point", "coordinates": [-2.10623, 53.51456]}}, {"type": "Feature", "properties": {"t": "2412-Other sport and recreation constructions"}, "geometry": {"type": "Point", "coordinates": [-2.10739, 53.51457]}}, {"type": "Feature", "properties": {"t": "2412-Other sport and recreation constructions"}, "geometry": {"type": "Point", "coordinates": [-2.10571, 53.51459]}}, {"type": "Feature", "properties": {"t": "2412-Other sport and recreation constructions"}, "geometry": {"type": "Point", "coordinates": [-2.10616, 53.51459]}}, {"type": "Feature", "properties": {"t": "2412-Other sport and recreation constructions"}, "geometry": {"type": "Point", "coordinates": [-2.10711, 53.51459]}}, {"type": "Feature", "properties": {"t": "2412-Other sport and recreation constructions"}, "geometry": {"type": "Point", "coordinates": [-2.10545, 53.51447]}}, {"type": "Feature", "properties": {"t": "2412-Other sport and recreation constructions"}, "geometry": {"type": "Point", "coordinates": [-2.10353, 53.51447]}}, {"type": "Feature", "properties": {"t": "2412-Other sport and recreation constructions"}, "geometry": {"type": "Point", "coordinates": [-2.10394, 53.51447]}}, {"type": "Feature", "properties": {"t": "2412-Other sport and recreation constructions"}, "geometry": {"type": "Point", "coordinates": [-2.10424, 53.51449]}}, {"type": "Feature", "properties": {"t": "2412-Other sport and recreation constructions"}, "geometry": {"type": "Point", "coordinates": [-2.10449, 53.51454]}}, {"type": "Feature", "properties": {"t": "2412-Other sport and recreation constructions"}, "geometry": {"type": "Point", "coordinates": [-2.10427, 53.51456]}}, {"type": "Feature", "properties": {"t": "2412-Other sport and recreation constructions"}, "geometry": {"type": "Point", "coordinates": [-2.10398, 53.51457]}}, {"type": "Feature", "properties": {"t": "2412-Other sport and recreation constructions"}, "geometry": {"type": "Point", "coordinates": [-2.10382, 53.51458]}}, {"type": "Feature", "properties": {"t": "2412-Other sport and recreation constructions"}, "geometry": {"type": "Point", "coordinates": [-2.10489, 53.51459]}}, {"type": "Feature", "properties": {"t": "2412-Other sport and recreation constructions"}, "geometry": {"type": "Point", "coordinates": [-2.10373, 53.5146]}}, {"type": "Feature", "properties": {"t": "2412-Other sport and recreation constructions"}, "geometry": {"type": "Point", "coordinates": [-2.10366, 53.5146]}}, {"type": "Feature", "properties": {"t": "2412-Other sport and recreation constructions"}, "geometry": {"type": "Point", "coordinates": [-2.10535, 53.5146]}}, {"type": "Feature", "properties": {"t": "2412-Other sport and recreation constructions"}, "geometry": {"type": "Point", "coordinates": [-2.10479, 53.5146]}}, {"type": "Feature", "properties": {"t": "2412-Other sport and recreation constructions"}, "geometry": {"type": "Point", "coordinates": [-2.10548, 53.5146]}}, {"type": "Feature", "properties": {"t": "2412-Other sport and recreation constructions"}, "geometry": {"type": "Point", "coordinates": [-2.10528, 53.51461]}}, {"type": "Feature", "properties": {"t": "2412-Other sport and recreation constructions"}, "geometry": {"type": "Point", "coordinates": [-2.10356, 53.51462]}}, {"type": "Feature", "properties": {"t": "2412-Other sport and recreation constructions"}, "geometry": {"type": "Point", "coordinates": [-2.10469, 53.51462]}}, {"type": "Feature", "properties": {"t": "2412-Other sport and recreation constructions"}, "geometry": {"type": "Point", "coordinates": [-2.10517, 53.51462]}}, {"type": "Feature", "properties": {"t": "2412-Other sport and recreation constructions"}, "geometry": {"type": "Point", "coordinates": [-2.10507, 53.51463]}}, {"type": "Feature", "properties": {"t": "2412-Other sport and recreation constructions"}, "geometry": {"type": "Point", "coordinates": [-2.1046, 53.51463]}}, {"type": "Feature", "properties": {"t": "2412-Other sport and recreation constructions"}, "geometry": {"type": "Point", "coordinates": [-2.1043, 53.51463]}}, {"type": "Feature", "properties": {"t": "2412-Other sport and recreation constructions"}, "geometry": {"type": "Point", "coordinates": [-2.10347, 53.51464]}}, {"type": "Feature", "properties": {"t": "2412-Other sport and recreation constructions"}, "geometry": {"type": "Point", "coordinates": [-2.10548, 53.51465]}}, {"type": "Feature", "properties": {"t": "2412-Other sport and recreation constructions"}, "geometry": {"type": "Point", "coordinates": [-2.10381, 53.51467]}}, {"type": "Feature", "properties": {"t": "2412-Other sport and recreation constructions"}, "geometry": {"type": "Point", "coordinates": [-2.10406, 53.51469]}}, {"type": "Feature", "properties": {"t": "2412-Other sport and recreation constructions"}, "geometry": {"type": "Point", "coordinates": [-2.10434, 53.51469]}}, {"type": "Feature", "properties": {"t": "2412-Other sport and recreation constructions"}, "geometry": {"type": "Point", "coordinates": [-2.1055, 53.5147]}}, {"type": "Feature", "properties": {"t": "2412-Other sport and recreation constructions"}, "geometry": {"type": "Point", "coordinates": [-2.10361, 53.51471]}}, {"type": "Feature", "properties": {"t": "2412-Other sport and recreation constructions"}, "geometry": {"type": "Point", "coordinates": [-2.1037, 53.5147]}}, {"type": "Feature", "properties": {"t": "2412-Other sport and recreation constructions"}, "geometry": {"type": "Point", "coordinates": [-2.10352, 53.51473]}}, {"type": "Feature", "properties": {"t": "2412-Other sport and recreation constructions"}, "geometry": {"type": "Point", "coordinates": [-2.10334, 53.51465]}}, {"type": "Feature", "properties": {"t": "2412-Other sport and recreation constructions"}, "geometry": {"type": "Point", "coordinates": [-2.10325, 53.51466]}}, {"type": "Feature", "properties": {"t": "2412-Other sport and recreation constructions"}, "geometry": {"type": "Point", "coordinates": [-2.10311, 53.51466]}}, {"type": "Feature", "properties": {"t": "2412-Other sport and recreation constructions"}, "geometry": {"type": "Point", "coordinates": [-2.10251, 53.51468]}}, {"type": "Feature", "properties": {"t": "2412-Other sport and recreation constructions"}, "geometry": {"type": "Point", "coordinates": [-2.10284, 53.51474]}}, {"type": "Feature", "properties": {"t": "2412-Other sport and recreation constructions"}, "geometry": {"type": "Point", "coordinates": [-2.10316, 53.51477]}}, {"type": "Feature", "properties": {"t": "2412-Other sport and recreation constructions"}, "geometry": {"type": "Point", "coordinates": [-2.10256, 53.51478]}}, {"type": "Feature", "properties": {"t": "2412-Other sport and recreation constructions"}, "geometry": {"type": "Point", "coordinates": [-2.10327, 53.51477]}}, {"type": "Feature", "properties": {"t": "2412-Other sport and recreation constructions"}, "geometry": {"type": "Point", "coordinates": [-2.10288, 53.5148]}}, {"type": "Feature", "properties": {"t": "2412-Other sport and recreation constructions"}, "geometry": {"type": "Point", "coordinates": [-2.10258, 53.51486]}}, {"type": "Feature", "properties": {"t": "2412-Other sport and recreation constructions"}, "geometry": {"type": "Point", "coordinates": [-2.10434, 53.51473]}}, {"type": "Feature", "properties": {"t": "2412-Other sport and recreation constructions"}, "geometry": {"type": "Point", "coordinates": [-2.10345, 53.51474]}}, {"type": "Feature", "properties": {"t": "2412-Other sport and recreation constructions"}, "geometry": {"type": "Point", "coordinates": [-2.10553, 53.51476]}}, {"type": "Feature", "properties": {"t": "2412-Other sport and recreation constructions"}, "geometry": {"type": "Point", "coordinates": [-2.10335, 53.51476]}}, {"type": "Feature", "properties": {"t": "2412-Other sport and recreation constructions"}, "geometry": {"type": "Point", "coordinates": [-2.10436, 53.51479]}}, {"type": "Feature", "properties": {"t": "2412-Other sport and recreation constructions"}, "geometry": {"type": "Point", "coordinates": [-2.10412, 53.5148]}}, {"type": "Feature", "properties": {"t": "2412-Other sport and recreation constructions"}, "geometry": {"type": "Point", "coordinates": [-2.10569, 53.5148]}}, {"type": "Feature", "properties": {"t": "2412-Other sport and recreation constructions"}, "geometry": {"type": "Point", "coordinates": [-2.10477, 53.51483]}}, {"type": "Feature", "properties": {"t": "2412-Other sport and recreation constructions"}, "geometry": {"type": "Point", "coordinates": [-2.10543, 53.51483]}}, {"type": "Feature", "properties": {"t": "2412-Other sport and recreation constructions"}, "geometry": {"type": "Point", "coordinates": [-2.1039, 53.51484]}}, {"type": "Feature", "properties": {"t": "2412-Other sport and recreation constructions"}, "geometry": {"type": "Point", "coordinates": [-2.10568, 53.51485]}}, {"type": "Feature", "properties": {"t": "2412-Other sport and recreation constructions"}, "geometry": {"type": "Point", "coordinates": [-2.10383, 53.51486]}}, {"type": "Feature", "properties": {"t": "2412-Other sport and recreation constructions"}, "geometry": {"type": "Point", "coordinates": [-2.10452, 53.51486]}}, {"type": "Feature", "properties": {"t": "2412-Other sport and recreation constructions"}, "geometry": {"type": "Point", "coordinates": [-2.10477, 53.51486]}}, {"type": "Feature", "properties": {"t": "2412-Other sport and recreation constructions"}, "geometry": {"type": "Point", "coordinates": [-2.10545, 53.51487]}}, {"type": "Feature", "properties": {"t": "2412-Other sport and recreation constructions"}, "geometry": {"type": "Point", "coordinates": [-2.1052, 53.51488]}}, {"type": "Feature", "properties": {"t": "2412-Other sport and recreation constructions"}, "geometry": {"type": "Point", "coordinates": [-2.1043, 53.51489]}}, {"type": "Feature", "properties": {"t": "2412-Other sport and recreation constructions"}, "geometry": {"type": "Point", "coordinates": [-2.10569, 53.5149]}}, {"type": "Feature", "properties": {"t": "2412-Other sport and recreation constructions"}, "geometry": {"type": "Point", "coordinates": [-2.10422, 53.5149]}}, {"type": "Feature", "properties": {"t": "2412-Other sport and recreation constructions"}, "geometry": {"type": "Point", "coordinates": [-2.10478, 53.51491]}}, {"type": "Feature", "properties": {"t": "2412-Other sport and recreation constructions"}, "geometry": {"type": "Point", "coordinates": [-2.10347, 53.51492]}}, {"type": "Feature", "properties": {"t": "2412-Other sport and recreation constructions"}, "geometry": {"type": "Point", "coordinates": [-2.10453, 53.51491]}}, {"type": "Feature", "properties": {"t": "2412-Other sport and recreation constructions"}, "geometry": {"type": "Point", "coordinates": [-2.10546, 53.51492]}}, {"type": "Feature", "properties": {"t": "2412-Other sport and recreation constructions"}, "geometry": {"type": "Point", "coordinates": [-2.10407, 53.51494]}}, {"type": "Feature", "properties": {"t": "2412-Other sport and recreation constructions"}, "geometry": {"type": "Point", "coordinates": [-2.10521, 53.51494]}}, {"type": "Feature", "properties": {"t": "2412-Other sport and recreation constructions"}, "geometry": {"type": "Point", "coordinates": [-2.10398, 53.51496]}}, {"type": "Feature", "properties": {"t": "2412-Other sport and recreation constructions"}, "geometry": {"type": "Point", "coordinates": [-2.10547, 53.51497]}}, {"type": "Feature", "properties": {"t": "2412-Other sport and recreation constructions"}, "geometry": {"type": "Point", "coordinates": [-2.10567, 53.51497]}}, {"type": "Feature", "properties": {"t": "2412-Other sport and recreation constructions"}, "geometry": {"type": "Point", "coordinates": [-2.10454, 53.51497]}}, {"type": "Feature", "properties": {"t": "2412-Other sport and recreation constructions"}, "geometry": {"type": "Point", "coordinates": [-2.10523, 53.51499]}}, {"type": "Feature", "properties": {"t": "2412-Other sport and recreation constructions"}, "geometry": {"type": "Point", "coordinates": [-2.11144, 53.51087]}}, {"type": "Feature", "properties": {"t": "2412-Other sport and recreation constructions"}, "geometry": {"type": "Point", "coordinates": [-2.11161, 53.51087]}}, {"type": "Feature", "properties": {"t": "2412-Other sport and recreation constructions"}, "geometry": {"type": "Point", "coordinates": [-2.11212, 53.51098]}}, {"type": "Feature", "properties": {"t": "2412-Other sport and recreation constructions"}, "geometry": {"type": "Point", "coordinates": [-2.11168, 53.51102]}}, {"type": "Feature", "properties": {"t": "2412-Other sport and recreation constructions"}, "geometry": {"type": "Point", "coordinates": [-2.11159, 53.51102]}}, {"type": "Feature", "properties": {"t": "2412-Other sport and recreation constructions"}, "geometry": {"type": "Point", "coordinates": [-2.11082, 53.51103]}}, {"type": "Feature", "properties": {"t": "2412-Other sport and recreation constructions"}, "geometry": {"type": "Point", "coordinates": [-2.11148, 53.51103]}}, {"type": "Feature", "properties": {"t": "2412-Other sport and recreation constructions"}, "geometry": {"type": "Point", "coordinates": [-2.1114, 53.51103]}}, {"type": "Feature", "properties": {"t": "2412-Other sport and recreation constructions"}, "geometry": {"type": "Point", "coordinates": [-2.11075, 53.51103]}}, {"type": "Feature", "properties": {"t": "2412-Other sport and recreation constructions"}, "geometry": {"type": "Point", "coordinates": [-2.11069, 53.51103]}}, {"type": "Feature", "properties": {"t": "2412-Other sport and recreation constructions"}, "geometry": {"type": "Point", "coordinates": [-2.11062, 53.51104]}}, {"type": "Feature", "properties": {"t": "2412-Other sport and recreation constructions"}, "geometry": {"type": "Point", "coordinates": [-2.11055, 53.51104]}}, {"type": "Feature", "properties": {"t": "2412-Other sport and recreation constructions"}, "geometry": {"type": "Point", "coordinates": [-2.11048, 53.51105]}}, {"type": "Feature", "properties": {"t": "2412-Other sport and recreation constructions"}, "geometry": {"type": "Point", "coordinates": [-2.11042, 53.51105]}}, {"type": "Feature", "properties": {"t": "2412-Other sport and recreation constructions"}, "geometry": {"type": "Point", "coordinates": [-2.11035, 53.51106]}}, {"type": "Feature", "properties": {"t": "2412-Other sport and recreation constructions"}, "geometry": {"type": "Point", "coordinates": [-2.11109, 53.51105]}}, {"type": "Feature", "properties": {"t": "2412-Other sport and recreation constructions"}, "geometry": {"type": "Point", "coordinates": [-2.11021, 53.51107]}}, {"type": "Feature", "properties": {"t": "2412-Other sport and recreation constructions"}, "geometry": {"type": "Point", "coordinates": [-2.11014, 53.51108]}}, {"type": "Feature", "properties": {"t": "2412-Other sport and recreation constructions"}, "geometry": {"type": "Point", "coordinates": [-2.11008, 53.51108]}}, {"type": "Feature", "properties": {"t": "2412-Other sport and recreation constructions"}, "geometry": {"type": "Point", "coordinates": [-2.11223, 53.51112]}}, {"type": "Feature", "properties": {"t": "2412-Other sport and recreation constructions"}, "geometry": {"type": "Point", "coordinates": [-2.11192, 53.51117]}}, {"type": "Feature", "properties": {"t": "2412-Other sport and recreation constructions"}, "geometry": {"type": "Point", "coordinates": [-2.1118, 53.51117]}}, {"type": "Feature", "properties": {"t": "2412-Other sport and recreation constructions"}, "geometry": {"type": "Point", "coordinates": [-2.11212, 53.51115]}}, {"type": "Feature", "properties": {"t": "2412-Other sport and recreation constructions"}, "geometry": {"type": "Point", "coordinates": [-2.11151, 53.51118]}}, {"type": "Feature", "properties": {"t": "2412-Other sport and recreation constructions"}, "geometry": {"type": "Point", "coordinates": [-2.11142, 53.51118]}}, {"type": "Feature", "properties": {"t": "2412-Other sport and recreation constructions"}, "geometry": {"type": "Point", "coordinates": [-2.11203, 53.51116]}}, {"type": "Feature", "properties": {"t": "2412-Other sport and recreation constructions"}, "geometry": {"type": "Point", "coordinates": [-2.11169, 53.51119]}}, {"type": "Feature", "properties": {"t": "2412-Other sport and recreation constructions"}, "geometry": {"type": "Point", "coordinates": [-2.1116, 53.51119]}}, {"type": "Feature", "properties": {"t": "2412-Other sport and recreation constructions"}, "geometry": {"type": "Point", "coordinates": [-2.11077, 53.51119]}}, {"type": "Feature", "properties": {"t": "2412-Other sport and recreation constructions"}, "geometry": {"type": "Point", "coordinates": [-2.11071, 53.51119]}}, {"type": "Feature", "properties": {"t": "2412-Other sport and recreation constructions"}, "geometry": {"type": "Point", "coordinates": [-2.11112, 53.5112]}}, {"type": "Feature", "properties": {"t": "2412-Other sport and recreation constructions"}, "geometry": {"type": "Point", "coordinates": [-2.11132, 53.5112]}}, {"type": "Feature", "properties": {"t": "2412-Other sport and recreation constructions"}, "geometry": {"type": "Point", "coordinates": [-2.11123, 53.5112]}}, {"type": "Feature", "properties": {"t": "2412-Other sport and recreation constructions"}, "geometry": {"type": "Point", "coordinates": [-2.11085, 53.51121]}}, {"type": "Feature", "properties": {"t": "2412-Other sport and recreation constructions"}, "geometry": {"type": "Point", "coordinates": [-2.11037, 53.51122]}}, {"type": "Feature", "properties": {"t": "2412-Other sport and recreation constructions"}, "geometry": {"type": "Point", "coordinates": [-2.11064, 53.51122]}}, {"type": "Feature", "properties": {"t": "2412-Other sport and recreation constructions"}, "geometry": {"type": "Point", "coordinates": [-2.10985, 53.51121]}}, {"type": "Feature", "properties": {"t": "2412-Other sport and recreation constructions"}, "geometry": {"type": "Point", "coordinates": [-2.11058, 53.51122]}}, {"type": "Feature", "properties": {"t": "2412-Other sport and recreation constructions"}, "geometry": {"type": "Point", "coordinates": [-2.11051, 53.51122]}}, {"type": "Feature", "properties": {"t": "2412-Other sport and recreation constructions"}, "geometry": {"type": "Point", "coordinates": [-2.11045, 53.51123]}}, {"type": "Feature", "properties": {"t": "2412-Other sport and recreation constructions"}, "geometry": {"type": "Point", "coordinates": [-2.11031, 53.51123]}}, {"type": "Feature", "properties": {"t": "2412-Other sport and recreation constructions"}, "geometry": {"type": "Point", "coordinates": [-2.11023, 53.51124]}}, {"type": "Feature", "properties": {"t": "2412-Other sport and recreation constructions"}, "geometry": {"type": "Point", "coordinates": [-2.11016, 53.51124]}}, {"type": "Feature", "properties": {"t": "2412-Other sport and recreation constructions"}, "geometry": {"type": "Point", "coordinates": [-2.1101, 53.51124]}}, {"type": "Feature", "properties": {"t": "2412-Other sport and recreation constructions"}, "geometry": {"type": "Point", "coordinates": [-2.11095, 53.51132]}}, {"type": "Feature", "properties": {"t": "2412-Other sport and recreation constructions"}, "geometry": {"type": "Point", "coordinates": [-2.11073, 53.51132]}}, {"type": "Feature", "properties": {"t": "2412-Other sport and recreation constructions"}, "geometry": {"type": "Point", "coordinates": [-2.11045, 53.51132]}}, {"type": "Feature", "properties": {"t": "2412-Other sport and recreation constructions"}, "geometry": {"type": "Point", "coordinates": [-2.11039, 53.51134]}}, {"type": "Feature", "properties": {"t": "2412-Other sport and recreation constructions"}, "geometry": {"type": "Point", "coordinates": [-2.11032, 53.51135]}}, {"type": "Feature", "properties": {"t": "2412-Other sport and recreation constructions"}, "geometry": {"type": "Point", "coordinates": [-2.11079, 53.51135]}}, {"type": "Feature", "properties": {"t": "2412-Other sport and recreation constructions"}, "geometry": {"type": "Point", "coordinates": [-2.1071, 53.5121]}}, {"type": "Feature", "properties": {"t": "2412-Other sport and recreation constructions"}, "geometry": {"type": "Point", "coordinates": [-2.10699, 53.51211]}}, {"type": "Feature", "properties": {"t": "2412-Other sport and recreation constructions"}, "geometry": {"type": "Point", "coordinates": [-2.10685, 53.51216]}}, {"type": "Feature", "properties": {"t": "2412-Other sport and recreation constructions"}, "geometry": {"type": "Point", "coordinates": [-2.10876, 53.51221]}}, {"type": "Feature", "properties": {"t": "2412-Other sport and recreation constructions"}, "geometry": {"type": "Point", "coordinates": [-2.10638, 53.51224]}}, {"type": "Feature", "properties": {"t": "2412-Other sport and recreation constructions"}, "geometry": {"type": "Point", "coordinates": [-2.10584, 53.51223]}}, {"type": "Feature", "properties": {"t": "2412-Other sport and recreation constructions"}, "geometry": {"type": "Point", "coordinates": [-2.10728, 53.51225]}}, {"type": "Feature", "properties": {"t": "2412-Other sport and recreation constructions"}, "geometry": {"type": "Point", "coordinates": [-2.10887, 53.51226]}}, {"type": "Feature", "properties": {"t": "2412-Other sport and recreation constructions"}, "geometry": {"type": "Point", "coordinates": [-2.1066, 53.51226]}}, {"type": "Feature", "properties": {"t": "2412-Other sport and recreation constructions"}, "geometry": {"type": "Point", "coordinates": [-2.10712, 53.51227]}}, {"type": "Feature", "properties": {"t": "2412-Other sport and recreation constructions"}, "geometry": {"type": "Point", "coordinates": [-2.10622, 53.51226]}}, {"type": "Feature", "properties": {"t": "2412-Other sport and recreation constructions"}, "geometry": {"type": "Point", "coordinates": [-2.10696, 53.51228]}}, {"type": "Feature", "properties": {"t": "2412-Other sport and recreation constructions"}, "geometry": {"type": "Point", "coordinates": [-2.10603, 53.51226]}}, {"type": "Feature", "properties": {"t": "2412-Other sport and recreation constructions"}, "geometry": {"type": "Point", "coordinates": [-2.10689, 53.51228]}}, {"type": "Feature", "properties": {"t": "2412-Other sport and recreation constructions"}, "geometry": {"type": "Point", "coordinates": [-2.10894, 53.51228]}}, {"type": "Feature", "properties": {"t": "2412-Other sport and recreation constructions"}, "geometry": {"type": "Point", "coordinates": [-2.10864, 53.51231]}}, {"type": "Feature", "properties": {"t": "2412-Other sport and recreation constructions"}, "geometry": {"type": "Point", "coordinates": [-2.109, 53.51231]}}, {"type": "Feature", "properties": {"t": "2412-Other sport and recreation constructions"}, "geometry": {"type": "Point", "coordinates": [-2.1066, 53.51231]}}, {"type": "Feature", "properties": {"t": "2412-Other sport and recreation constructions"}, "geometry": {"type": "Point", "coordinates": [-2.10906, 53.51234]}}, {"type": "Feature", "properties": {"t": "2412-Other sport and recreation constructions"}, "geometry": {"type": "Point", "coordinates": [-2.10639, 53.51236]}}, {"type": "Feature", "properties": {"t": "2412-Other sport and recreation constructions"}, "geometry": {"type": "Point", "coordinates": [-2.10913, 53.51237]}}, {"type": "Feature", "properties": {"t": "2412-Other sport and recreation constructions"}, "geometry": {"type": "Point", "coordinates": [-2.10872, 53.51238]}}, {"type": "Feature", "properties": {"t": "2412-Other sport and recreation constructions"}, "geometry": {"type": "Point", "coordinates": [-2.10582, 53.51238]}}, {"type": "Feature", "properties": {"t": "2412-Other sport and recreation constructions"}, "geometry": {"type": "Point", "coordinates": [-2.10657, 53.51239]}}, {"type": "Feature", "properties": {"t": "2412-Other sport and recreation constructions"}, "geometry": {"type": "Point", "coordinates": [-2.10623, 53.5124]}}, {"type": "Feature", "properties": {"t": "2412-Other sport and recreation constructions"}, "geometry": {"type": "Point", "coordinates": [-2.10922, 53.5124]}}, {"type": "Feature", "properties": {"t": "2412-Other sport and recreation constructions"}, "geometry": {"type": "Point", "coordinates": [-2.1088, 53.51241]}}, {"type": "Feature", "properties": {"t": "2412-Other sport and recreation constructions"}, "geometry": {"type": "Point", "coordinates": [-2.10605, 53.51241]}}, {"type": "Feature", "properties": {"t": "2412-Other sport and recreation constructions"}, "geometry": {"type": "Point", "coordinates": [-2.10725, 53.51241]}}, {"type": "Feature", "properties": {"t": "2412-Other sport and recreation constructions"}, "geometry": {"type": "Point", "coordinates": [-2.10693, 53.51242]}}, {"type": "Feature", "properties": {"t": "2412-Other sport and recreation constructions"}, "geometry": {"type": "Point", "coordinates": [-2.10885, 53.51244]}}, {"type": "Feature", "properties": {"t": "2412-Other sport and recreation constructions"}, "geometry": {"type": "Point", "coordinates": [-2.10893, 53.51246]}}, {"type": "Feature", "properties": {"t": "2412-Other sport and recreation constructions"}, "geometry": {"type": "Point", "coordinates": [-2.10727, 53.51247]}}, {"type": "Feature", "properties": {"t": "2412-Other sport and recreation constructions"}, "geometry": {"type": "Point", "coordinates": [-2.109, 53.51248]}}, {"type": "Feature", "properties": {"t": "2412-Other sport and recreation constructions"}, "geometry": {"type": "Point", "coordinates": [-2.10909, 53.51251]}}, {"type": "Feature", "properties": {"t": "2412-Other sport and recreation constructions"}, "geometry": {"type": "Point", "coordinates": [-2.10728, 53.51252]}}, {"type": "Feature", "properties": {"t": "2412-Other sport and recreation constructions"}, "geometry": {"type": "Point", "coordinates": [-2.10693, 53.51253]}}, {"type": "Feature", "properties": {"t": "2412-Other sport and recreation constructions"}, "geometry": {"type": "Point", "coordinates": [-2.10609, 53.51255]}}, {"type": "Feature", "properties": {"t": "2412-Other sport and recreation constructions"}, "geometry": {"type": "Point", "coordinates": [-2.1066, 53.51257]}}, {"type": "Feature", "properties": {"t": "2412-Other sport and recreation constructions"}, "geometry": {"type": "Point", "coordinates": [-2.10729, 53.51258]}}, {"type": "Feature", "properties": {"t": "2412-Other sport and recreation constructions"}, "geometry": {"type": "Point", "coordinates": [-2.10634, 53.51258]}}, {"type": "Feature", "properties": {"t": "2412-Other sport and recreation constructions"}, "geometry": {"type": "Point", "coordinates": [-2.10869, 53.51259]}}, {"type": "Feature", "properties": {"t": "2412-Other sport and recreation constructions"}, "geometry": {"type": "Point", "coordinates": [-2.10694, 53.51259]}}, {"type": "Feature", "properties": {"t": "2412-Other sport and recreation constructions"}, "geometry": {"type": "Point", "coordinates": [-2.10939, 53.51263]}}, {"type": "Feature", "properties": {"t": "2412-Other sport and recreation constructions"}, "geometry": {"type": "Point", "coordinates": [-2.10729, 53.51262]}}, {"type": "Feature", "properties": {"t": "2412-Other sport and recreation constructions"}, "geometry": {"type": "Point", "coordinates": [-2.10881, 53.5126]}}, {"type": "Feature", "properties": {"t": "2412-Other sport and recreation constructions"}, "geometry": {"type": "Point", "coordinates": [-2.10893, 53.51264]}}, {"type": "Feature", "properties": {"t": "2412-Other sport and recreation constructions"}, "geometry": {"type": "Point", "coordinates": [-2.10584, 53.51263]}}, {"type": "Feature", "properties": {"t": "2412-Other sport and recreation constructions"}, "geometry": {"type": "Point", "coordinates": [-2.1073, 53.51268]}}, {"type": "Feature", "properties": {"t": "2412-Other sport and recreation constructions"}, "geometry": {"type": "Point", "coordinates": [-2.10662, 53.51269]}}, {"type": "Feature", "properties": {"t": "2412-Other sport and recreation constructions"}, "geometry": {"type": "Point", "coordinates": [-2.10698, 53.51269]}}, {"type": "Feature", "properties": {"t": "2412-Other sport and recreation constructions"}, "geometry": {"type": "Point", "coordinates": [-2.10635, 53.51269]}}, {"type": "Feature", "properties": {"t": "2412-Other sport and recreation constructions"}, "geometry": {"type": "Point", "coordinates": [-2.10836, 53.51273]}}, {"type": "Feature", "properties": {"t": "2412-Other sport and recreation constructions"}, "geometry": {"type": "Point", "coordinates": [-2.10613, 53.51274]}}, {"type": "Feature", "properties": {"t": "2412-Other sport and recreation constructions"}, "geometry": {"type": "Point", "coordinates": [-2.10713, 53.51274]}}, {"type": "Feature", "properties": {"t": "2412-Other sport and recreation constructions"}, "geometry": {"type": "Point", "coordinates": [-2.10704, 53.51274]}}, {"type": "Feature", "properties": {"t": "2412-Other sport and recreation constructions"}, "geometry": {"type": "Point", "coordinates": [-2.10731, 53.51275]}}, {"type": "Feature", "properties": {"t": "2412-Other sport and recreation constructions"}, "geometry": {"type": "Point", "coordinates": [-2.10688, 53.51277]}}, {"type": "Feature", "properties": {"t": "2412-Other sport and recreation constructions"}, "geometry": {"type": "Point", "coordinates": [-2.10663, 53.51277]}}, {"type": "Feature", "properties": {"t": "2412-Other sport and recreation constructions"}, "geometry": {"type": "Point", "coordinates": [-2.10802, 53.51278]}}, {"type": "Feature", "properties": {"t": "2412-Other sport and recreation constructions"}, "geometry": {"type": "Point", "coordinates": [-2.1086, 53.51277]}}, {"type": "Feature", "properties": {"t": "2412-Other sport and recreation constructions"}, "geometry": {"type": "Point", "coordinates": [-2.10635, 53.51279]}}, {"type": "Feature", "properties": {"t": "2412-Other sport and recreation constructions"}, "geometry": {"type": "Point", "coordinates": [-2.10844, 53.51282]}}, {"type": "Feature", "properties": {"t": "2412-Other sport and recreation constructions"}, "geometry": {"type": "Point", "coordinates": [-2.10732, 53.51281]}}, {"type": "Feature", "properties": {"t": "2412-Other sport and recreation constructions"}, "geometry": {"type": "Point", "coordinates": [-2.10688, 53.51281]}}, {"type": "Feature", "properties": {"t": "2412-Other sport and recreation constructions"}, "geometry": {"type": "Point", "coordinates": [-2.10718, 53.51283]}}, {"type": "Feature", "properties": {"t": "2412-Other sport and recreation constructions"}, "geometry": {"type": "Point", "coordinates": [-2.10707, 53.51282]}}, {"type": "Feature", "properties": {"t": "2412-Other sport and recreation constructions"}, "geometry": {"type": "Point", "coordinates": [-2.10595, 53.51284]}}, {"type": "Feature", "properties": {"t": "2412-Other sport and recreation constructions"}, "geometry": {"type": "Point", "coordinates": [-2.10585, 53.51285]}}, {"type": "Feature", "properties": {"t": "2412-Other sport and recreation constructions"}, "geometry": {"type": "Point", "coordinates": [-2.10576, 53.51285]}}, {"type": "Feature", "properties": {"t": "2412-Other sport and recreation constructions"}, "geometry": {"type": "Point", "coordinates": [-2.10576, 53.51336]}}, {"type": "Feature", "properties": {"t": "2412-Other sport and recreation constructions"}, "geometry": {"type": "Point", "coordinates": [-2.10576, 53.51341]}}, {"type": "Feature", "properties": {"t": "2412-Other sport and recreation constructions"}, "geometry": {"type": "Point", "coordinates": [-2.10646, 53.51345]}}, {"type": "Feature", "properties": {"t": "2412-Other sport and recreation constructions"}, "geometry": {"type": "Point", "coordinates": [-2.10577, 53.51347]}}, {"type": "Feature", "properties": {"t": "2412-Other sport and recreation constructions"}, "geometry": {"type": "Point", "coordinates": [-2.10825, 53.51359]}}, {"type": "Feature", "properties": {"t": "2412-Other sport and recreation constructions"}, "geometry": {"type": "Point", "coordinates": [-2.10803, 53.51363]}}, {"type": "Feature", "properties": {"t": "2412-Other sport and recreation constructions"}, "geometry": {"type": "Point", "coordinates": [-2.10804, 53.51368]}}, {"type": "Feature", "properties": {"t": "2412-Other sport and recreation constructions"}, "geometry": {"type": "Point", "coordinates": [-2.10825, 53.51369]}}, {"type": "Feature", "properties": {"t": "2412-Other sport and recreation constructions"}, "geometry": {"type": "Point", "coordinates": [-2.1085, 53.51373]}}, {"type": "Feature", "properties": {"t": "2412-Other sport and recreation constructions"}, "geometry": {"type": "Point", "coordinates": [-2.10829, 53.51376]}}, {"type": "Feature", "properties": {"t": "2412-Other sport and recreation constructions"}, "geometry": {"type": "Point", "coordinates": [-2.10661, 53.51378]}}, {"type": "Feature", "properties": {"t": "2412-Other sport and recreation constructions"}, "geometry": {"type": "Point", "coordinates": [-2.10689, 53.51378]}}, {"type": "Feature", "properties": {"t": "2412-Other sport and recreation constructions"}, "geometry": {"type": "Point", "coordinates": [-2.10805, 53.51379]}}, {"type": "Feature", "properties": {"t": "2412-Other sport and recreation constructions"}, "geometry": {"type": "Point", "coordinates": [-2.10592, 53.5138]}}, {"type": "Feature", "properties": {"t": "2412-Other sport and recreation constructions"}, "geometry": {"type": "Point", "coordinates": [-2.10806, 53.51384]}}, {"type": "Feature", "properties": {"t": "2412-Other sport and recreation constructions"}, "geometry": {"type": "Point", "coordinates": [-2.10831, 53.51384]}}, {"type": "Feature", "properties": {"t": "2412-Other sport and recreation constructions"}, "geometry": {"type": "Point", "coordinates": [-2.10661, 53.51386]}}, {"type": "Feature", "properties": {"t": "2412-Other sport and recreation constructions"}, "geometry": {"type": "Point", "coordinates": [-2.10832, 53.51389]}}, {"type": "Feature", "properties": {"t": "2412-Other sport and recreation constructions"}, "geometry": {"type": "Point", "coordinates": [-2.10848, 53.51388]}}, {"type": "Feature", "properties": {"t": "2412-Other sport and recreation constructions"}, "geometry": {"type": "Point", "coordinates": [-2.10663, 53.51394]}}, {"type": "Feature", "properties": {"t": "2412-Other sport and recreation constructions"}, "geometry": {"type": "Point", "coordinates": [-2.10811, 53.51393]}}, {"type": "Feature", "properties": {"t": "2412-Other sport and recreation constructions"}, "geometry": {"type": "Point", "coordinates": [-2.10746, 53.51396]}}, {"type": "Feature", "properties": {"t": "2412-Other sport and recreation constructions"}, "geometry": {"type": "Point", "coordinates": [-2.10694, 53.51396]}}, {"type": "Feature", "properties": {"t": "2412-Other sport and recreation constructions"}, "geometry": {"type": "Point", "coordinates": [-2.10625, 53.51397]}}, {"type": "Feature", "properties": {"t": "2412-Other sport and recreation constructions"}, "geometry": {"type": "Point", "coordinates": [-2.10611, 53.51397]}}, {"type": "Feature", "properties": {"t": "2412-Other sport and recreation constructions"}, "geometry": {"type": "Point", "coordinates": [-2.10588, 53.51399]}}, {"type": "Feature", "properties": {"t": "2412-Other sport and recreation constructions"}, "geometry": {"type": "Point", "coordinates": [-2.10868, 53.51399]}}, {"type": "Feature", "properties": {"t": "2412-Other sport and recreation constructions"}, "geometry": {"type": "Point", "coordinates": [-2.10664, 53.51399]}}, {"type": "Feature", "properties": {"t": "2412-Other sport and recreation constructions"}, "geometry": {"type": "Point", "coordinates": [-2.1058, 53.514]}}, {"type": "Feature", "properties": {"t": "2412-Other sport and recreation constructions"}, "geometry": {"type": "Point", "coordinates": [-2.10823, 53.51402]}}, {"type": "Feature", "properties": {"t": "2412-Other sport and recreation constructions"}, "geometry": {"type": "Point", "coordinates": [-2.10746, 53.51403]}}, {"type": "Feature", "properties": {"t": "2412-Other sport and recreation constructions"}, "geometry": {"type": "Point", "coordinates": [-2.1083, 53.51404]}}, {"type": "Feature", "properties": {"t": "2412-Other sport and recreation constructions"}, "geometry": {"type": "Point", "coordinates": [-2.10696, 53.51405]}}, {"type": "Feature", "properties": {"t": "2412-Other sport and recreation constructions"}, "geometry": {"type": "Point", "coordinates": [-2.10667, 53.51406]}}, {"type": "Feature", "properties": {"t": "2412-Other sport and recreation constructions"}, "geometry": {"type": "Point", "coordinates": [-2.10623, 53.51407]}}, {"type": "Feature", "properties": {"t": "2412-Other sport and recreation constructions"}, "geometry": {"type": "Point", "coordinates": [-2.10749, 53.51408]}}, {"type": "Feature", "properties": {"t": "2412-Other sport and recreation constructions"}, "geometry": {"type": "Point", "coordinates": [-2.10698, 53.51409]}}, {"type": "Feature", "properties": {"t": "2412-Other sport and recreation constructions"}, "geometry": {"type": "Point", "coordinates": [-2.10608, 53.51412]}}, {"type": "Feature", "properties": {"t": "2412-Other sport and recreation constructions"}, "geometry": {"type": "Point", "coordinates": [-2.10599, 53.51412]}}, {"type": "Feature", "properties": {"t": "2412-Other sport and recreation constructions"}, "geometry": {"type": "Point", "coordinates": [-2.10592, 53.51412]}}, {"type": "Feature", "properties": {"t": "2412-Other sport and recreation constructions"}, "geometry": {"type": "Point", "coordinates": [-2.10584, 53.51413]}}, {"type": "Feature", "properties": {"t": "2412-Other sport and recreation constructions"}, "geometry": {"type": "Point", "coordinates": [-2.10668, 53.51414]}}, {"type": "Feature", "properties": {"t": "2412-Other sport and recreation constructions"}, "geometry": {"type": "Point", "coordinates": [-2.10749, 53.51415]}}, {"type": "Feature", "properties": {"t": "2412-Other sport and recreation constructions"}, "geometry": {"type": "Point", "coordinates": [-2.10626, 53.51415]}}, {"type": "Feature", "properties": {"t": "2412-Other sport and recreation constructions"}, "geometry": {"type": "Point", "coordinates": [-2.10722, 53.51415]}}, {"type": "Feature", "properties": {"t": "2412-Other sport and recreation constructions"}, "geometry": {"type": "Point", "coordinates": [-2.10602, 53.51418]}}, {"type": "Feature", "properties": {"t": "2412-Other sport and recreation constructions"}, "geometry": {"type": "Point", "coordinates": [-2.10816, 53.5142]}}, {"type": "Feature", "properties": {"t": "2412-Other sport and recreation constructions"}, "geometry": {"type": "Point", "coordinates": [-2.10753, 53.51419]}}, {"type": "Feature", "properties": {"t": "2412-Other sport and recreation constructions"}, "geometry": {"type": "Point", "coordinates": [-2.10671, 53.5142]}}, {"type": "Feature", "properties": {"t": "2412-Other sport and recreation constructions"}, "geometry": {"type": "Point", "coordinates": [-2.10627, 53.51421]}}, {"type": "Feature", "properties": {"t": "2412-Other sport and recreation constructions"}, "geometry": {"type": "Point", "coordinates": [-2.10702, 53.51423]}}, {"type": "Feature", "properties": {"t": "2412-Other sport and recreation constructions"}, "geometry": {"type": "Point", "coordinates": [-2.10603, 53.51423]}}, {"type": "Feature", "properties": {"t": "2412-Other sport and recreation constructions"}, "geometry": {"type": "Point", "coordinates": [-2.10753, 53.51426]}}, {"type": "Feature", "properties": {"t": "2412-Other sport and recreation constructions"}, "geometry": {"type": "Point", "coordinates": [-2.10673, 53.51427]}}, {"type": "Feature", "properties": {"t": "2412-Other sport and recreation constructions"}, "geometry": {"type": "Point", "coordinates": [-2.10604, 53.51427]}}, {"type": "Feature", "properties": {"t": "2412-Other sport and recreation constructions"}, "geometry": {"type": "Point", "coordinates": [-2.10624, 53.51428]}}, {"type": "Feature", "properties": {"t": "2412-Other sport and recreation constructions"}, "geometry": {"type": "Point", "coordinates": [-2.10597, 53.51431]}}, {"type": "Feature", "properties": {"t": "2412-Other sport and recreation constructions"}, "geometry": {"type": "Point", "coordinates": [-2.10754, 53.51431]}}, {"type": "Feature", "properties": {"t": "2412-Other sport and recreation constructions"}, "geometry": {"type": "Point", "coordinates": [-2.1059, 53.51432]}}, {"type": "Feature", "properties": {"t": "2412-Other sport and recreation constructions"}, "geometry": {"type": "Point", "coordinates": [-2.10583, 53.51432]}}, {"type": "Feature", "properties": {"t": "2412-Other sport and recreation constructions"}, "geometry": {"type": "Point", "coordinates": [-2.10609, 53.5146]}}, {"type": "Feature", "properties": {"t": "2412-Other sport and recreation constructions"}, "geometry": {"type": "Point", "coordinates": [-2.10682, 53.51461]}}, {"type": "Feature", "properties": {"t": "2412-Other sport and recreation constructions"}, "geometry": {"type": "Point", "coordinates": [-2.10602, 53.51463]}}, {"type": "Feature", "properties": {"t": "2412-Other sport and recreation constructions"}, "geometry": {"type": "Point", "coordinates": [-2.10573, 53.51463]}}, {"type": "Feature", "properties": {"t": "2412-Other sport and recreation constructions"}, "geometry": {"type": "Point", "coordinates": [-2.10712, 53.51464]}}, {"type": "Feature", "properties": {"t": "2412-Other sport and recreation constructions"}, "geometry": {"type": "Point", "coordinates": [-2.10592, 53.51465]}}, {"type": "Feature", "properties": {"t": "2412-Other sport and recreation constructions"}, "geometry": {"type": "Point", "coordinates": [-2.10764, 53.51465]}}, {"type": "Feature", "properties": {"t": "2412-Other sport and recreation constructions"}, "geometry": {"type": "Point", "coordinates": [-2.1064, 53.51467]}}, {"type": "Feature", "properties": {"t": "2412-Other sport and recreation constructions"}, "geometry": {"type": "Point", "coordinates": [-2.10574, 53.51468]}}, {"type": "Feature", "properties": {"t": "2412-Other sport and recreation constructions"}, "geometry": {"type": "Point", "coordinates": [-2.10683, 53.51468]}}, {"type": "Feature", "properties": {"t": "2412-Other sport and recreation constructions"}, "geometry": {"type": "Point", "coordinates": [-2.10627, 53.51472]}}, {"type": "Feature", "properties": {"t": "2412-Other sport and recreation constructions"}, "geometry": {"type": "Point", "coordinates": [-2.10765, 53.51472]}}, {"type": "Feature", "properties": {"t": "2412-Other sport and recreation constructions"}, "geometry": {"type": "Point", "coordinates": [-2.10713, 53.51473]}}, {"type": "Feature", "properties": {"t": "2412-Other sport and recreation constructions"}, "geometry": {"type": "Point", "coordinates": [-2.10574, 53.51474]}}, {"type": "Feature", "properties": {"t": "2412-Other sport and recreation constructions"}, "geometry": {"type": "Point", "coordinates": [-2.1062, 53.51475]}}, {"type": "Feature", "properties": {"t": "2412-Other sport and recreation constructions"}, "geometry": {"type": "Point", "coordinates": [-2.10737, 53.51475]}}, {"type": "Feature", "properties": {"t": "2412-Other sport and recreation constructions"}, "geometry": {"type": "Point", "coordinates": [-2.10684, 53.51475]}}, {"type": "Feature", "properties": {"t": "2412-Other sport and recreation constructions"}, "geometry": {"type": "Point", "coordinates": [-2.10613, 53.51476]}}, {"type": "Feature", "properties": {"t": "2412-Other sport and recreation constructions"}, "geometry": {"type": "Point", "coordinates": [-2.1059, 53.51477]}}, {"type": "Feature", "properties": {"t": "2412-Other sport and recreation constructions"}, "geometry": {"type": "Point", "coordinates": [-2.10714, 53.51478]}}, {"type": "Feature", "properties": {"t": "2412-Other sport and recreation constructions"}, "geometry": {"type": "Point", "coordinates": [-2.10606, 53.51478]}}, {"type": "Feature", "properties": {"t": "2412-Other sport and recreation constructions"}, "geometry": {"type": "Point", "coordinates": [-2.10767, 53.51479]}}, {"type": "Feature", "properties": {"t": "2412-Other sport and recreation constructions"}, "geometry": {"type": "Point", "coordinates": [-2.10686, 53.51482]}}, {"type": "Feature", "properties": {"t": "2412-Other sport and recreation constructions"}, "geometry": {"type": "Point", "coordinates": [-2.1074, 53.51483]}}, {"type": "Feature", "properties": {"t": "2412-Other sport and recreation constructions"}, "geometry": {"type": "Point", "coordinates": [-2.10661, 53.51485]}}, {"type": "Feature", "properties": {"t": "2412-Other sport and recreation constructions"}, "geometry": {"type": "Point", "coordinates": [-2.10833, 53.51486]}}, {"type": "Feature", "properties": {"t": "2412-Other sport and recreation constructions"}, "geometry": {"type": "Point", "coordinates": [-2.10652, 53.51486]}}, {"type": "Feature", "properties": {"t": "2412-Other sport and recreation constructions"}, "geometry": {"type": "Point", "coordinates": [-2.10644, 53.51487]}}, {"type": "Feature", "properties": {"t": "2412-Other sport and recreation constructions"}, "geometry": {"type": "Point", "coordinates": [-2.10769, 53.51488]}}, {"type": "Feature", "properties": {"t": "2412-Other sport and recreation constructions"}, "geometry": {"type": "Point", "coordinates": [-2.10741, 53.51487]}}, {"type": "Feature", "properties": {"t": "2412-Other sport and recreation constructions"}, "geometry": {"type": "Point", "coordinates": [-2.10716, 53.51487]}}, {"type": "Feature", "properties": {"t": "2412-Other sport and recreation constructions"}, "geometry": {"type": "Point", "coordinates": [-2.10806, 53.51488]}}, {"type": "Feature", "properties": {"t": "2412-Other sport and recreation constructions"}, "geometry": {"type": "Point", "coordinates": [-2.10687, 53.51488]}}, {"type": "Feature", "properties": {"t": "2412-Other sport and recreation constructions"}, "geometry": {"type": "Point", "coordinates": [-2.10672, 53.51486]}}, {"type": "Feature", "properties": {"t": "2412-Other sport and recreation constructions"}, "geometry": {"type": "Point", "coordinates": [-2.10637, 53.51489]}}, {"type": "Feature", "properties": {"t": "2412-Other sport and recreation constructions"}, "geometry": {"type": "Point", "coordinates": [-2.10835, 53.5149]}}, {"type": "Feature", "properties": {"t": "2412-Other sport and recreation constructions"}, "geometry": {"type": "Point", "coordinates": [-2.10629, 53.51491]}}, {"type": "Feature", "properties": {"t": "2412-Other sport and recreation constructions"}, "geometry": {"type": "Point", "coordinates": [-2.10621, 53.51492]}}, {"type": "Feature", "properties": {"t": "2412-Other sport and recreation constructions"}, "geometry": {"type": "Point", "coordinates": [-2.10807, 53.51492]}}, {"type": "Feature", "properties": {"t": "2412-Other sport and recreation constructions"}, "geometry": {"type": "Point", "coordinates": [-2.10613, 53.51493]}}, {"type": "Feature", "properties": {"t": "2411-Sports grounds"}, "geometry": {"type": "Point", "coordinates": [-2.11498, 53.49523]}}, {"type": "Feature", "properties": {"t": "2412-Other sport and recreation constructions"}, "geometry": {"type": "Point", "coordinates": [-2.11652, 53.50517]}}, {"type": "Feature", "properties": {"t": "2412-Other sport and recreation constructions"}, "geometry": {"type": "Point", "coordinates": [-2.11568, 53.50937]}}, {"type": "Feature", "properties": {"t": "2412-Other sport and recreation constructions"}, "geometry": {"type": "Point", "coordinates": [-2.11596, 53.5097]}}, {"type": "Feature", "properties": {"t": "2412-Other sport and recreation constructions"}, "geometry": {"type": "Point", "coordinates": [-2.11305, 53.51048]}}, {"type": "Feature", "properties": {"t": "2412-Other sport and recreation constructions"}, "geometry": {"type": "Point", "coordinates": [-2.1129, 53.5106]}}, {"type": "Feature", "properties": {"t": "2412-Other sport and recreation constructions"}, "geometry": {"type": "Point", "coordinates": [-2.11345, 53.51071]}}, {"type": "Feature", "properties": {"t": "2411-Sports grounds"}, "geometry": {"type": "Point", "coordinates": [-2.11617, 53.52219]}}, {"type": "Feature", "properties": {"t": "2412-Other sport and recreation constructions"}, "geometry": {"type": "Point", "coordinates": [-2.11588, 53.53467]}}, {"type": "Feature", "properties": {"t": "2412-Other sport and recreation constructions"}, "geometry": {"type": "Point", "coordinates": [-2.1157, 53.53474]}}, {"type": "Feature", "properties": {"t": "2412-Other sport and recreation constructions"}, "geometry": {"type": "Point", "coordinates": [-2.10605, 53.51494]}}, {"type": "Feature", "properties": {"t": "2412-Other sport and recreation constructions"}, "geometry": {"type": "Point", "coordinates": [-2.10772, 53.51493]}}, {"type": "Feature", "properties": {"t": "2412-Other sport and recreation constructions"}, "geometry": {"type": "Point", "coordinates": [-2.10837, 53.51494]}}, {"type": "Feature", "properties": {"t": "2412-Other sport and recreation constructions"}, "geometry": {"type": "Point", "coordinates": [-2.10717, 53.51493]}}, {"type": "Feature", "properties": {"t": "2412-Other sport and recreation constructions"}, "geometry": {"type": "Point", "coordinates": [-2.10808, 53.51496]}}, {"type": "Feature", "properties": {"t": "2412-Other sport and recreation constructions"}, "geometry": {"type": "Point", "coordinates": [-2.10695, 53.51497]}}, {"type": "Feature", "properties": {"t": "2412-Other sport and recreation constructions"}, "geometry": {"type": "Point", "coordinates": [-2.10747, 53.51497]}}, {"type": "Feature", "properties": {"t": "2412-Other sport and recreation constructions"}, "geometry": {"type": "Point", "coordinates": [-2.1084, 53.51498]}}, {"type": "Feature", "properties": {"t": "2412-Other sport and recreation constructions"}, "geometry": {"type": "Point", "coordinates": [-2.10672, 53.51499]}}, {"type": "Feature", "properties": {"t": "2412-Other sport and recreation constructions"}, "geometry": {"type": "Point", "coordinates": [-2.10663, 53.515]}}, {"type": "Feature", "properties": {"t": "2412-Other sport and recreation constructions"}, "geometry": {"type": "Point", "coordinates": [-2.10809, 53.515]}}, {"type": "Feature", "properties": {"t": "2412-Other sport and recreation constructions"}, "geometry": {"type": "Point", "coordinates": [-2.10656, 53.51501]}}, {"type": "Feature", "properties": {"t": "2412-Other sport and recreation constructions"}, "geometry": {"type": "Point", "coordinates": [-2.10748, 53.51501]}}, {"type": "Feature", "properties": {"t": "2412-Other sport and recreation constructions"}, "geometry": {"type": "Point", "coordinates": [-2.10771, 53.51502]}}, {"type": "Feature", "properties": {"t": "2412-Other sport and recreation constructions"}, "geometry": {"type": "Point", "coordinates": [-2.10838, 53.51502]}}, {"type": "Feature", "properties": {"t": "2412-Other sport and recreation constructions"}, "geometry": {"type": "Point", "coordinates": [-2.10647, 53.51502]}}, {"type": "Feature", "properties": {"t": "2412-Other sport and recreation constructions"}, "geometry": {"type": "Point", "coordinates": [-2.1064, 53.51504]}}, {"type": "Feature", "properties": {"t": "2412-Other sport and recreation constructions"}, "geometry": {"type": "Point", "coordinates": [-2.10632, 53.51505]}}, {"type": "Feature", "properties": {"t": "2412-Other sport and recreation constructions"}, "geometry": {"type": "Point", "coordinates": [-2.1081, 53.51505]}}, {"type": "Feature", "properties": {"t": "2412-Other sport and recreation constructions"}, "geometry": {"type": "Point", "coordinates": [-2.10624, 53.51505]}}, {"type": "Feature", "properties": {"t": "2412-Other sport and recreation constructions"}, "geometry": {"type": "Point", "coordinates": [-2.10616, 53.51506]}}, {"type": "Feature", "properties": {"t": "2412-Other sport and recreation constructions"}, "geometry": {"type": "Point", "coordinates": [-2.10608, 53.51506]}}, {"type": "Feature", "properties": {"t": "2412-Other sport and recreation constructions"}, "geometry": {"type": "Point", "coordinates": [-2.10832, 53.51507]}}, {"type": "Feature", "properties": {"t": "2412-Other sport and recreation constructions"}, "geometry": {"type": "Point", "coordinates": [-2.10811, 53.51509]}}, {"type": "Feature", "properties": {"t": "2412-Other sport and recreation constructions"}, "geometry": {"type": "Point", "coordinates": [-2.10712, 53.5151]}}, {"type": "Feature", "properties": {"t": "2412-Other sport and recreation constructions"}, "geometry": {"type": "Point", "coordinates": [-2.1069, 53.51511]}}, {"type": "Feature", "properties": {"t": "2412-Other sport and recreation constructions"}, "geometry": {"type": "Point", "coordinates": [-2.10834, 53.51511]}}, {"type": "Feature", "properties": {"t": "2412-Other sport and recreation constructions"}, "geometry": {"type": "Point", "coordinates": [-2.10812, 53.51513]}}, {"type": "Feature", "properties": {"t": "2412-Other sport and recreation constructions"}, "geometry": {"type": "Point", "coordinates": [-2.1077, 53.51513]}}, {"type": "Feature", "properties": {"t": "2412-Other sport and recreation constructions"}, "geometry": {"type": "Point", "coordinates": [-2.10678, 53.51515]}}, {"type": "Feature", "properties": {"t": "2412-Other sport and recreation constructions"}, "geometry": {"type": "Point", "coordinates": [-2.10835, 53.51516]}}, {"type": "Feature", "properties": {"t": "2412-Other sport and recreation constructions"}, "geometry": {"type": "Point", "coordinates": [-2.10592, 53.51517]}}, {"type": "Feature", "properties": {"t": "2412-Other sport and recreation constructions"}, "geometry": {"type": "Point", "coordinates": [-2.10656, 53.51517]}}, {"type": "Feature", "properties": {"t": "2412-Other sport and recreation constructions"}, "geometry": {"type": "Point", "coordinates": [-2.10813, 53.51517]}}, {"type": "Feature", "properties": {"t": "2412-Other sport and recreation constructions"}, "geometry": {"type": "Point", "coordinates": [-2.10572, 53.51519]}}, {"type": "Feature", "properties": {"t": "2412-Other sport and recreation constructions"}, "geometry": {"type": "Point", "coordinates": [-2.10612, 53.51519]}}, {"type": "Feature", "properties": {"t": "2412-Other sport and recreation constructions"}, "geometry": {"type": "Point", "coordinates": [-2.1068, 53.5152]}}, {"type": "Feature", "properties": {"t": "2412-Other sport and recreation constructions"}, "geometry": {"type": "Point", "coordinates": [-2.10658, 53.51522]}}, {"type": "Feature", "properties": {"t": "2412-Other sport and recreation constructions"}, "geometry": {"type": "Point", "coordinates": [-2.10595, 53.51522]}}, {"type": "Feature", "properties": {"t": "2412-Other sport and recreation constructions"}, "geometry": {"type": "Point", "coordinates": [-2.10761, 53.51524]}}, {"type": "Feature", "properties": {"t": "2412-Other sport and recreation constructions"}, "geometry": {"type": "Point", "coordinates": [-2.10574, 53.51524]}}, {"type": "Feature", "properties": {"t": "2412-Other sport and recreation constructions"}, "geometry": {"type": "Point", "coordinates": [-2.10634, 53.51524]}}, {"type": "Feature", "properties": {"t": "2412-Other sport and recreation constructions"}, "geometry": {"type": "Point", "coordinates": [-2.10757, 53.51529]}}, {"type": "Feature", "properties": {"t": "2412-Other sport and recreation constructions"}, "geometry": {"type": "Point", "coordinates": [-2.10681, 53.51525]}}, {"type": "Feature", "properties": {"t": "2412-Other sport and recreation constructions"}, "geometry": {"type": "Point", "coordinates": [-2.10611, 53.51527]}}, {"type": "Feature", "properties": {"t": "2412-Other sport and recreation constructions"}, "geometry": {"type": "Point", "coordinates": [-2.10727, 53.51531]}}, {"type": "Feature", "properties": {"t": "2412-Other sport and recreation constructions"}, "geometry": {"type": "Point", "coordinates": [-2.10659, 53.51527]}}, {"type": "Feature", "properties": {"t": "2412-Other sport and recreation constructions"}, "geometry": {"type": "Point", "coordinates": [-2.10597, 53.51528]}}, {"type": "Feature", "properties": {"t": "2412-Other sport and recreation constructions"}, "geometry": {"type": "Point", "coordinates": [-2.10701, 53.51534]}}, {"type": "Feature", "properties": {"t": "2412-Other sport and recreation constructions"}, "geometry": {"type": "Point", "coordinates": [-2.10575, 53.51529]}}, {"type": "Feature", "properties": {"t": "2412-Other sport and recreation constructions"}, "geometry": {"type": "Point", "coordinates": [-2.10647, 53.51586]}}, {"type": "Feature", "properties": {"t": "2412-Other sport and recreation constructions"}, "geometry": {"type": "Point", "coordinates": [-2.10618, 53.51587]}}, {"type": "Feature", "properties": {"t": "2412-Other sport and recreation constructions"}, "geometry": {"type": "Point", "coordinates": [-2.10617, 53.51594]}}, {"type": "Feature", "properties": {"t": "2412-Other sport and recreation constructions"}, "geometry": {"type": "Point", "coordinates": [-2.10648, 53.51595]}}, {"type": "Feature", "properties": {"t": "2412-Other sport and recreation constructions"}, "geometry": {"type": "Point", "coordinates": [-2.10618, 53.51599]}}, {"type": "Feature", "properties": {"t": "2412-Other sport and recreation constructions"}, "geometry": {"type": "Point", "coordinates": [-2.1065, 53.51599]}}, {"type": "Feature", "properties": {"t": "2412-Other sport and recreation constructions"}, "geometry": {"type": "Point", "coordinates": [-2.1062, 53.51604]}}, {"type": "Feature", "properties": {"t": "2412-Other sport and recreation constructions"}, "geometry": {"type": "Point", "coordinates": [-2.10843, 53.51642]}}, {"type": "Feature", "properties": {"t": "2412-Other sport and recreation constructions"}, "geometry": {"type": "Point", "coordinates": [-2.10839, 53.51649]}}, {"type": "Feature", "properties": {"t": "2412-Other sport and recreation constructions"}, "geometry": {"type": "Point", "coordinates": [-2.1086, 53.51654]}}, {"type": "Feature", "properties": {"t": "2412-Other sport and recreation constructions"}, "geometry": {"type": "Point", "coordinates": [-2.1084, 53.51654]}}, {"type": "Feature", "properties": {"t": "2412-Other sport and recreation constructions"}, "geometry": {"type": "Point", "coordinates": [-2.10862, 53.51658]}}, {"type": "Feature", "properties": {"t": "2412-Other sport and recreation constructions"}, "geometry": {"type": "Point", "coordinates": [-2.1084, 53.51658]}}, {"type": "Feature", "properties": {"t": "2412-Other sport and recreation constructions"}, "geometry": {"type": "Point", "coordinates": [-2.10862, 53.51661]}}, {"type": "Feature", "properties": {"t": "2412-Other sport and recreation constructions"}, "geometry": {"type": "Point", "coordinates": [-2.10841, 53.51662]}}, {"type": "Feature", "properties": {"t": "2412-Other sport and recreation constructions"}, "geometry": {"type": "Point", "coordinates": [-2.10863, 53.51665]}}, {"type": "Feature", "properties": {"t": "2412-Other sport and recreation constructions"}, "geometry": {"type": "Point", "coordinates": [-2.10842, 53.51666]}}, {"type": "Feature", "properties": {"t": "2412-Other sport and recreation constructions"}, "geometry": {"type": "Point", "coordinates": [-2.10864, 53.51669]}}, {"type": "Feature", "properties": {"t": "2412-Other sport and recreation constructions"}, "geometry": {"type": "Point", "coordinates": [-2.10843, 53.5167]}}, {"type": "Feature", "properties": {"t": "2412-Other sport and recreation constructions"}, "geometry": {"type": "Point", "coordinates": [-2.10865, 53.51672]}}, {"type": "Feature", "properties": {"t": "2412-Other sport and recreation constructions"}, "geometry": {"type": "Point", "coordinates": [-2.10844, 53.51674]}}, {"type": "Feature", "properties": {"t": "2412-Other sport and recreation constructions"}, "geometry": {"type": "Point", "coordinates": [-2.10866, 53.51676]}}, {"type": "Feature", "properties": {"t": "2412-Other sport and recreation constructions"}, "geometry": {"type": "Point", "coordinates": [-2.10845, 53.51678]}}, {"type": "Feature", "properties": {"t": "2412-Other sport and recreation constructions"}, "geometry": {"type": "Point", "coordinates": [-2.10867, 53.5168]}}, {"type": "Feature", "properties": {"t": "2412-Other sport and recreation constructions"}, "geometry": {"type": "Point", "coordinates": [-2.10846, 53.51682]}}, {"type": "Feature", "properties": {"t": "2412-Other sport and recreation constructions"}, "geometry": {"type": "Point", "coordinates": [-2.10867, 53.51684]}}, {"type": "Feature", "properties": {"t": "2412-Other sport and recreation constructions"}, "geometry": {"type": "Point", "coordinates": [-2.10846, 53.51686]}}, {"type": "Feature", "properties": {"t": "2412-Other sport and recreation constructions"}, "geometry": {"type": "Point", "coordinates": [-2.10881, 53.51691]}}, {"type": "Feature", "properties": {"t": "2412-Other sport and recreation constructions"}, "geometry": {"type": "Point", "coordinates": [-2.10847, 53.51691]}}, {"type": "Feature", "properties": {"t": "2412-Other sport and recreation constructions"}, "geometry": {"type": "Point", "coordinates": [-2.10875, 53.51736]}}, {"type": "Feature", "properties": {"t": "2412-Other sport and recreation constructions"}, "geometry": {"type": "Point", "coordinates": [-2.10858, 53.51738]}}, {"type": "Feature", "properties": {"t": "2412-Other sport and recreation constructions"}, "geometry": {"type": "Point", "coordinates": [-2.10912, 53.51738]}}, {"type": "Feature", "properties": {"t": "2412-Other sport and recreation constructions"}, "geometry": {"type": "Point", "coordinates": [-2.10876, 53.5174]}}, {"type": "Feature", "properties": {"t": "2412-Other sport and recreation constructions"}, "geometry": {"type": "Point", "coordinates": [-2.10859, 53.51742]}}, {"type": "Feature", "properties": {"t": "2412-Other sport and recreation constructions"}, "geometry": {"type": "Point", "coordinates": [-2.10877, 53.51744]}}, {"type": "Feature", "properties": {"t": "2412-Other sport and recreation constructions"}, "geometry": {"type": "Point", "coordinates": [-2.10907, 53.51745]}}, {"type": "Feature", "properties": {"t": "2412-Other sport and recreation constructions"}, "geometry": {"type": "Point", "coordinates": [-2.10899, 53.51746]}}, {"type": "Feature", "properties": {"t": "2412-Other sport and recreation constructions"}, "geometry": {"type": "Point", "coordinates": [-2.1086, 53.51746]}}, {"type": "Feature", "properties": {"t": "2412-Other sport and recreation constructions"}, "geometry": {"type": "Point", "coordinates": [-2.10891, 53.51746]}}, {"type": "Feature", "properties": {"t": "2412-Other sport and recreation constructions"}, "geometry": {"type": "Point", "coordinates": [-2.10877, 53.51748]}}, {"type": "Feature", "properties": {"t": "2412-Other sport and recreation constructions"}, "geometry": {"type": "Point", "coordinates": [-2.11025, 53.51135]}}, {"type": "Feature", "properties": {"t": "2412-Other sport and recreation constructions"}, "geometry": {"type": "Point", "coordinates": [-2.11066, 53.51135]}}, {"type": "Feature", "properties": {"t": "2412-Other sport and recreation constructions"}, "geometry": {"type": "Point", "coordinates": [-2.1106, 53.51135]}}, {"type": "Feature", "properties": {"t": "2412-Other sport and recreation constructions"}, "geometry": {"type": "Point", "coordinates": [-2.11053, 53.51135]}}, {"type": "Feature", "properties": {"t": "2412-Other sport and recreation constructions"}, "geometry": {"type": "Point", "coordinates": [-2.11014, 53.51136]}}, {"type": "Feature", "properties": {"t": "2412-Other sport and recreation constructions"}, "geometry": {"type": "Point", "coordinates": [-2.11065, 53.51286]}}, {"type": "Feature", "properties": {"t": "2412-Other sport and recreation constructions"}, "geometry": {"type": "Point", "coordinates": [-2.11112, 53.53529]}}, {"type": "Feature", "properties": {"t": "2412-Other sport and recreation constructions"}, "geometry": {"type": "Point", "coordinates": [-2.11092, 53.53555]}}, {"type": "Feature", "properties": {"t": "2412-Other sport and recreation constructions"}, "geometry": {"type": "Point", "coordinates": [-2.11227, 53.53559]}}, {"type": "Feature", "properties": {"t": "2412-Other sport and recreation constructions"}, "geometry": {"type": "Point", "coordinates": [-2.11128, 53.53566]}}, {"type": "Feature", "properties": {"t": "2412-Other sport and recreation constructions"}, "geometry": {"type": "Point", "coordinates": [-2.10861, 53.5175]}}, {"type": "Feature", "properties": {"t": "2412-Other sport and recreation constructions"}, "geometry": {"type": "Point", "coordinates": [-2.10862, 53.51756]}}, {"type": "Feature", "properties": {"t": "2412-Other sport and recreation constructions"}, "geometry": {"type": "Point", "coordinates": [-2.10685, 53.53176]}}, {"type": "Feature", "properties": {"t": "2411-Sports grounds"}, "geometry": {"type": "Point", "coordinates": [-2.1088, 53.53526]}}, {"type": "Feature", "properties": {"t": "2411-Sports grounds"}, "geometry": {"type": "Point", "coordinates": [-2.10924, 53.53541]}}, {"type": "Feature", "properties": {"t": "2411-Sports grounds"}, "geometry": {"type": "Point", "coordinates": [-2.10849, 53.53541]}}, {"type": "Feature", "properties": {"t": "2411-Sports grounds"}, "geometry": {"type": "Point", "coordinates": [-2.10867, 53.53548]}}, {"type": "Feature", "properties": {"t": "2411-Sports grounds"}, "geometry": {"type": "Point", "coordinates": [-2.1089, 53.53549]}}, {"type": "Feature", "properties": {"t": "2411-Sports grounds"}, "geometry": {"type": "Point", "coordinates": [-2.10885, 53.53554]}}, {"type": "Feature", "properties": {"t": "2411-Sports grounds"}, "geometry": {"type": "Point", "coordinates": [-2.10903, 53.5356]}}, {"type": "Feature", "properties": {"t": "2412-Other sport and recreation constructions"}, "geometry": {"type": "Point", "coordinates": [-2.11852, 53.5237]}}, {"type": "Feature", "properties": {"t": "2412-Other sport and recreation constructions"}, "geometry": {"type": "Point", "coordinates": [-2.11811, 53.53167]}}, {"type": "Feature", "properties": {"t": "2412-Other sport and recreation constructions"}, "geometry": {"type": "Point", "coordinates": [-2.11741, 53.53466]}}, {"type": "Feature", "properties": {"t": "2412-Other sport and recreation constructions"}, "geometry": {"type": "Point", "coordinates": [-2.11898, 53.53504]}}, {"type": "Feature", "properties": {"t": "2412-Other sport and recreation constructions"}, "geometry": {"type": "Point", "coordinates": [-2.11894, 53.53509]}}, {"type": "Feature", "properties": {"t": "2412-Other sport and recreation constructions"}, "geometry": {"type": "Point", "coordinates": [-2.11889, 53.53513]}}, {"type": "Feature", "properties": {"t": "2412-Other sport and recreation constructions"}, "geometry": {"type": "Point", "coordinates": [-2.11885, 53.53517]}}, {"type": "Feature", "properties": {"t": "2412-Other sport and recreation constructions"}, "geometry": {"type": "Point", "coordinates": [-2.11756, 53.53519]}}, {"type": "Feature", "properties": {"t": "2412-Other sport and recreation constructions"}, "geometry": {"type": "Point", "coordinates": [-2.11764, 53.53521]}}, {"type": "Feature", "properties": {"t": "2412-Other sport and recreation constructions"}, "geometry": {"type": "Point", "coordinates": [-2.11873, 53.53522]}}, {"type": "Feature", "properties": {"t": "2412-Other sport and recreation constructions"}, "geometry": {"type": "Point", "coordinates": [-2.1159, 53.53475]}}, {"type": "Feature", "properties": {"t": "2412-Other sport and recreation constructions"}, "geometry": {"type": "Point", "coordinates": [-2.11587, 53.53481]}}, {"type": "Feature", "properties": {"t": "2412-Other sport and recreation constructions"}, "geometry": {"type": "Point", "coordinates": [-2.11587, 53.53486]}}, {"type": "Feature", "properties": {"t": "2412-Other sport and recreation constructions"}, "geometry": {"type": "Point", "coordinates": [-2.11571, 53.53492]}}, {"type": "Feature", "properties": {"t": "2412-Other sport and recreation constructions"}, "geometry": {"type": "Point", "coordinates": [-2.11587, 53.53494]}}, {"type": "Feature", "properties": {"t": "2412-Other sport and recreation constructions"}, "geometry": {"type": "Point", "coordinates": [-2.11591, 53.53498]}}, {"type": "Feature", "properties": {"t": "2412-Other sport and recreation constructions"}, "geometry": {"type": "Point", "coordinates": [-2.11597, 53.53503]}}, {"type": "Feature", "properties": {"t": "2412-Other sport and recreation constructions"}, "geometry": {"type": "Point", "coordinates": [-2.11578, 53.53511]}}, {"type": "Feature", "properties": {"t": "2412-Other sport and recreation constructions"}, "geometry": {"type": "Point", "coordinates": [-2.11599, 53.53509]}}, {"type": "Feature", "properties": {"t": "2412-Other sport and recreation constructions"}, "geometry": {"type": "Point", "coordinates": [-2.11619, 53.53513]}}, {"type": "Feature", "properties": {"t": "2412-Other sport and recreation constructions"}, "geometry": {"type": "Point", "coordinates": [-2.11771, 53.53524]}}, {"type": "Feature", "properties": {"t": "2412-Other sport and recreation constructions"}, "geometry": {"type": "Point", "coordinates": [-2.11868, 53.53526]}}, {"type": "Feature", "properties": {"t": "2412-Other sport and recreation constructions"}, "geometry": {"type": "Point", "coordinates": [-2.11778, 53.53527]}}, {"type": "Feature", "properties": {"t": "2412-Other sport and recreation constructions"}, "geometry": {"type": "Point", "coordinates": [-2.11881, 53.53527]}}, {"type": "Feature", "properties": {"t": "2412-Other sport and recreation constructions"}, "geometry": {"type": "Point", "coordinates": [-2.11785, 53.53529]}}, {"type": "Feature", "properties": {"t": "2412-Other sport and recreation constructions"}, "geometry": {"type": "Point", "coordinates": [-2.11864, 53.5353]}}, {"type": "Feature", "properties": {"t": "2412-Other sport and recreation constructions"}, "geometry": {"type": "Point", "coordinates": [-2.11859, 53.53535]}}, {"type": "Feature", "properties": {"t": "2412-Other sport and recreation constructions"}, "geometry": {"type": "Point", "coordinates": [-2.11892, 53.53536]}}, {"type": "Feature", "properties": {"t": "2412-Other sport and recreation constructions"}, "geometry": {"type": "Point", "coordinates": [-2.11755, 53.53538]}}, {"type": "Feature", "properties": {"t": "2412-Other sport and recreation constructions"}, "geometry": {"type": "Point", "coordinates": [-2.1187, 53.53539]}}, {"type": "Feature", "properties": {"t": "2412-Other sport and recreation constructions"}, "geometry": {"type": "Point", "coordinates": [-2.11849, 53.53539]}}, {"type": "Feature", "properties": {"t": "2412-Other sport and recreation constructions"}, "geometry": {"type": "Point", "coordinates": [-2.11763, 53.5354]}}, {"type": "Feature", "properties": {"t": "2412-Other sport and recreation constructions"}, "geometry": {"type": "Point", "coordinates": [-2.11825, 53.5354]}}, {"type": "Feature", "properties": {"t": "2412-Other sport and recreation constructions"}, "geometry": {"type": "Point", "coordinates": [-2.11911, 53.5354]}}, {"type": "Feature", "properties": {"t": "2412-Other sport and recreation constructions"}, "geometry": {"type": "Point", "coordinates": [-2.11887, 53.53541]}}, {"type": "Feature", "properties": {"t": "2412-Other sport and recreation constructions"}, "geometry": {"type": "Point", "coordinates": [-2.1177, 53.53542]}}, {"type": "Feature", "properties": {"t": "2412-Other sport and recreation constructions"}, "geometry": {"type": "Point", "coordinates": [-2.11929, 53.53541]}}, {"type": "Feature", "properties": {"t": "2412-Other sport and recreation constructions"}, "geometry": {"type": "Point", "coordinates": [-2.11845, 53.53545]}}, {"type": "Feature", "properties": {"t": "2412-Other sport and recreation constructions"}, "geometry": {"type": "Point", "coordinates": [-2.11819, 53.53546]}}, {"type": "Feature", "properties": {"t": "2412-Other sport and recreation constructions"}, "geometry": {"type": "Point", "coordinates": [-2.11905, 53.53547]}}, {"type": "Feature", "properties": {"t": "2412-Other sport and recreation constructions"}, "geometry": {"type": "Point", "coordinates": [-2.1061, 53.53565]}}, {"type": "Feature", "properties": {"t": "2412-Other sport and recreation constructions"}, "geometry": {"type": "Point", "coordinates": [-2.10574, 53.53562]}}, {"type": "Feature", "properties": {"t": "2411-Sports grounds"}, "geometry": {"type": "Point", "coordinates": [-2.10921, 53.53566]}}, {"type": "Feature", "properties": {"t": "2412-Other sport and recreation constructions"}, "geometry": {"type": "Point", "coordinates": [-2.10628, 53.53567]}}, {"type": "Feature", "properties": {"t": "2412-Other sport and recreation constructions"}, "geometry": {"type": "Point", "coordinates": [-2.10642, 53.53568]}}, {"type": "Feature", "properties": {"t": "2412-Other sport and recreation constructions"}, "geometry": {"type": "Point", "coordinates": [-2.10652, 53.53569]}}, {"type": "Feature", "properties": {"t": "2412-Other sport and recreation constructions"}, "geometry": {"type": "Point", "coordinates": [-2.10662, 53.5357]}}, {"type": "Feature", "properties": {"t": "2412-Other sport and recreation constructions"}, "geometry": {"type": "Point", "coordinates": [-2.10593, 53.53567]}}, {"type": "Feature", "properties": {"t": "2412-Other sport and recreation constructions"}, "geometry": {"type": "Point", "coordinates": [-2.10672, 53.53571]}}, {"type": "Feature", "properties": {"t": "2412-Other sport and recreation constructions"}, "geometry": {"type": "Point", "coordinates": [-2.10682, 53.53572]}}, {"type": "Feature", "properties": {"t": "2412-Other sport and recreation constructions"}, "geometry": {"type": "Point", "coordinates": [-2.11137, 53.53569]}}, {"type": "Feature", "properties": {"t": "2412-Other sport and recreation constructions"}, "geometry": {"type": "Point", "coordinates": [-2.11146, 53.53571]}}, {"type": "Feature", "properties": {"t": "2412-Other sport and recreation constructions"}, "geometry": {"type": "Point", "coordinates": [-2.11155, 53.53574]}}, {"type": "Feature", "properties": {"t": "2412-Other sport and recreation constructions"}, "geometry": {"type": "Point", "coordinates": [-2.11165, 53.53576]}}, {"type": "Feature", "properties": {"t": "2412-Other sport and recreation constructions"}, "geometry": {"type": "Point", "coordinates": [-2.11175, 53.53579]}}, {"type": "Feature", "properties": {"t": "2412-Other sport and recreation constructions"}, "geometry": {"type": "Point", "coordinates": [-2.11118, 53.53579]}}, {"type": "Feature", "properties": {"t": "2412-Other sport and recreation constructions"}, "geometry": {"type": "Point", "coordinates": [-2.11184, 53.53581]}}, {"type": "Feature", "properties": {"t": "2412-Other sport and recreation constructions"}, "geometry": {"type": "Point", "coordinates": [-2.11126, 53.53583]}}, {"type": "Feature", "properties": {"t": "2412-Other sport and recreation constructions"}, "geometry": {"type": "Point", "coordinates": [-2.11087, 53.53582]}}, {"type": "Feature", "properties": {"t": "2412-Other sport and recreation constructions"}, "geometry": {"type": "Point", "coordinates": [-2.11194, 53.53584]}}, {"type": "Feature", "properties": {"t": "2412-Other sport and recreation constructions"}, "geometry": {"type": "Point", "coordinates": [-2.10317, 53.51487]}}, {"type": "Feature", "properties": {"t": "2412-Other sport and recreation constructions"}, "geometry": {"type": "Point", "coordinates": [-2.10293, 53.51489]}}, {"type": "Feature", "properties": {"t": "2412-Other sport and recreation constructions"}, "geometry": {"type": "Point", "coordinates": [-2.10331, 53.51491]}}, {"type": "Feature", "properties": {"t": "2412-Other sport and recreation constructions"}, "geometry": {"type": "Point", "coordinates": [-2.10083, 53.51496]}}, {"type": "Feature", "properties": {"t": "2412-Other sport and recreation constructions"}, "geometry": {"type": "Point", "coordinates": [-2.10261, 53.51497]}}, {"type": "Feature", "properties": {"t": "2412-Other sport and recreation constructions"}, "geometry": {"type": "Point", "coordinates": [-2.10298, 53.51498]}}, {"type": "Feature", "properties": {"t": "2412-Other sport and recreation constructions"}, "geometry": {"type": "Point", "coordinates": [-2.10266, 53.51505]}}, {"type": "Feature", "properties": {"t": "2412-Other sport and recreation constructions"}, "geometry": {"type": "Point", "coordinates": [-2.10129, 53.51503]}}, {"type": "Feature", "properties": {"t": "2412-Other sport and recreation constructions"}, "geometry": {"type": "Point", "coordinates": [-2.10302, 53.51506]}}, {"type": "Feature", "properties": {"t": "2412-Other sport and recreation constructions"}, "geometry": {"type": "Point", "coordinates": [-2.10328, 53.51506]}}, {"type": "Feature", "properties": {"t": "2412-Other sport and recreation constructions"}, "geometry": {"type": "Point", "coordinates": [-2.10383, 53.51501]}}, {"type": "Feature", "properties": {"t": "2412-Other sport and recreation constructions"}, "geometry": {"type": "Point", "coordinates": [-2.10456, 53.51502]}}, {"type": "Feature", "properties": {"t": "2412-Other sport and recreation constructions"}, "geometry": {"type": "Point", "coordinates": [-2.10374, 53.51503]}}, {"type": "Feature", "properties": {"t": "2412-Other sport and recreation constructions"}, "geometry": {"type": "Point", "coordinates": [-2.10524, 53.51505]}}, {"type": "Feature", "properties": {"t": "2412-Other sport and recreation constructions"}, "geometry": {"type": "Point", "coordinates": [-2.10356, 53.51505]}}, {"type": "Feature", "properties": {"t": "2412-Other sport and recreation constructions"}, "geometry": {"type": "Point", "coordinates": [-2.10482, 53.51506]}}, {"type": "Feature", "properties": {"t": "2412-Other sport and recreation constructions"}, "geometry": {"type": "Point", "coordinates": [-2.10347, 53.51506]}}, {"type": "Feature", "properties": {"t": "2412-Other sport and recreation constructions"}, "geometry": {"type": "Point", "coordinates": [-2.10457, 53.51507]}}, {"type": "Feature", "properties": {"t": "2412-Other sport and recreation constructions"}, "geometry": {"type": "Point", "coordinates": [-2.10445, 53.5151]}}, {"type": "Feature", "properties": {"t": "2412-Other sport and recreation constructions"}, "geometry": {"type": "Point", "coordinates": [-2.10424, 53.51518]}}, {"type": "Feature", "properties": {"t": "2412-Other sport and recreation constructions"}, "geometry": {"type": "Point", "coordinates": [-2.10436, 53.51515]}}, {"type": "Feature", "properties": {"t": "2412-Other sport and recreation constructions"}, "geometry": {"type": "Point", "coordinates": [-2.10483, 53.51516]}}, {"type": "Feature", "properties": {"t": "2412-Other sport and recreation constructions"}, "geometry": {"type": "Point", "coordinates": [-2.10546, 53.51517]}}, {"type": "Feature", "properties": {"t": "2412-Other sport and recreation constructions"}, "geometry": {"type": "Point", "coordinates": [-2.10489, 53.51517]}}, {"type": "Feature", "properties": {"t": "2412-Other sport and recreation constructions"}, "geometry": {"type": "Point", "coordinates": [-2.10475, 53.51517]}}, {"type": "Feature", "properties": {"t": "2412-Other sport and recreation constructions"}, "geometry": {"type": "Point", "coordinates": [-2.1051, 53.51517]}}, {"type": "Feature", "properties": {"t": "2412-Other sport and recreation constructions"}, "geometry": {"type": "Point", "coordinates": [-2.10501, 53.51517]}}, {"type": "Feature", "properties": {"t": "2412-Other sport and recreation constructions"}, "geometry": {"type": "Point", "coordinates": [-2.10461, 53.51518]}}, {"type": "Feature", "properties": {"t": "2412-Other sport and recreation constructions"}, "geometry": {"type": "Point", "coordinates": [-2.1041, 53.5152]}}, {"type": "Feature", "properties": {"t": "2412-Other sport and recreation constructions"}, "geometry": {"type": "Point", "coordinates": [-2.10525, 53.5152]}}, {"type": "Feature", "properties": {"t": "2412-Other sport and recreation constructions"}, "geometry": {"type": "Point", "coordinates": [-2.1027, 53.51514]}}, {"type": "Feature", "properties": {"t": "2412-Other sport and recreation constructions"}, "geometry": {"type": "Point", "coordinates": [-2.10306, 53.51515]}}, {"type": "Feature", "properties": {"t": "2412-Other sport and recreation constructions"}, "geometry": {"type": "Point", "coordinates": [-2.10154, 53.51517]}}, {"type": "Feature", "properties": {"t": "2412-Other sport and recreation constructions"}, "geometry": {"type": "Point", "coordinates": [-2.10071, 53.51519]}}, {"type": "Feature", "properties": {"t": "2412-Other sport and recreation constructions"}, "geometry": {"type": "Point", "coordinates": [-2.10274, 53.51524]}}, {"type": "Feature", "properties": {"t": "2412-Other sport and recreation constructions"}, "geometry": {"type": "Point", "coordinates": [-2.10312, 53.51524]}}, {"type": "Feature", "properties": {"t": "2412-Other sport and recreation constructions"}, "geometry": {"type": "Point", "coordinates": [-2.10129, 53.51531]}}, {"type": "Feature", "properties": {"t": "2412-Other sport and recreation constructions"}, "geometry": {"type": "Point", "coordinates": [-2.10303, 53.51533]}}, {"type": "Feature", "properties": {"t": "2412-Other sport and recreation constructions"}, "geometry": {"type": "Point", "coordinates": [-2.1012, 53.51537]}}, {"type": "Feature", "properties": {"t": "2412-Other sport and recreation constructions"}, "geometry": {"type": "Point", "coordinates": [-2.1007, 53.51536]}}, {"type": "Feature", "properties": {"t": "2412-Other sport and recreation constructions"}, "geometry": {"type": "Point", "coordinates": [-2.10398, 53.51522]}}, {"type": "Feature", "properties": {"t": "2412-Other sport and recreation constructions"}, "geometry": {"type": "Point", "coordinates": [-2.10384, 53.51523]}}, {"type": "Feature", "properties": {"t": "2412-Other sport and recreation constructions"}, "geometry": {"type": "Point", "coordinates": [-2.1037, 53.51524]}}, {"type": "Feature", "properties": {"t": "2412-Other sport and recreation constructions"}, "geometry": {"type": "Point", "coordinates": [-2.10356, 53.51526]}}, {"type": "Feature", "properties": {"t": "2412-Other sport and recreation constructions"}, "geometry": {"type": "Point", "coordinates": [-2.10342, 53.51528]}}, {"type": "Feature", "properties": {"t": "2412-Other sport and recreation constructions"}, "geometry": {"type": "Point", "coordinates": [-2.10525, 53.51527]}}, {"type": "Feature", "properties": {"t": "2412-Other sport and recreation constructions"}, "geometry": {"type": "Point", "coordinates": [-2.10551, 53.51528]}}, {"type": "Feature", "properties": {"t": "2412-Other sport and recreation constructions"}, "geometry": {"type": "Point", "coordinates": [-2.10464, 53.5153]}}, {"type": "Feature", "properties": {"t": "2412-Other sport and recreation constructions"}, "geometry": {"type": "Point", "coordinates": [-2.10488, 53.51531]}}, {"type": "Feature", "properties": {"t": "2412-Other sport and recreation constructions"}, "geometry": {"type": "Point", "coordinates": [-2.10527, 53.51531]}}, {"type": "Feature", "properties": {"t": "2412-Other sport and recreation constructions"}, "geometry": {"type": "Point", "coordinates": [-2.10685, 53.51531]}}, {"type": "Feature", "properties": {"t": "2412-Other sport and recreation constructions"}, "geometry": {"type": "Point", "coordinates": [-2.10714, 53.51533]}}, {"type": "Feature", "properties": {"t": "2412-Other sport and recreation constructions"}, "geometry": {"type": "Point", "coordinates": [-2.10611, 53.51532]}}, {"type": "Feature", "properties": {"t": "2412-Other sport and recreation constructions"}, "geometry": {"type": "Point", "coordinates": [-2.1066, 53.51533]}}, {"type": "Feature", "properties": {"t": "2412-Other sport and recreation constructions"}, "geometry": {"type": "Point", "coordinates": [-2.10577, 53.51535]}}, {"type": "Feature", "properties": {"t": "2412-Other sport and recreation constructions"}, "geometry": {"type": "Point", "coordinates": [-2.10594, 53.51537]}}, {"type": "Feature", "properties": {"t": "2412-Other sport and recreation constructions"}, "geometry": {"type": "Point", "coordinates": [-2.10637, 53.51535]}}, {"type": "Feature", "properties": {"t": "2412-Other sport and recreation constructions"}, "geometry": {"type": "Point", "coordinates": [-2.10684, 53.51538]}}, {"type": "Feature", "properties": {"t": "2412-Other sport and recreation constructions"}, "geometry": {"type": "Point", "coordinates": [-2.10618, 53.51539]}}, {"type": "Feature", "properties": {"t": "2412-Other sport and recreation constructions"}, "geometry": {"type": "Point", "coordinates": [-2.10661, 53.51538]}}, {"type": "Feature", "properties": {"t": "2412-Other sport and recreation constructions"}, "geometry": {"type": "Point", "coordinates": [-2.10514, 53.51531]}}, {"type": "Feature", "properties": {"t": "2412-Other sport and recreation constructions"}, "geometry": {"type": "Point", "coordinates": [-2.10479, 53.51532]}}, {"type": "Feature", "properties": {"t": "2412-Other sport and recreation constructions"}, "geometry": {"type": "Point", "coordinates": [-2.10506, 53.51532]}}, {"type": "Feature", "properties": {"t": "2412-Other sport and recreation constructions"}, "geometry": {"type": "Point", "coordinates": [-2.10497, 53.51533]}}, {"type": "Feature", "properties": {"t": "2412-Other sport and recreation constructions"}, "geometry": {"type": "Point", "coordinates": [-2.10551, 53.51535]}}, {"type": "Feature", "properties": {"t": "2412-Other sport and recreation constructions"}, "geometry": {"type": "Point", "coordinates": [-2.1053, 53.51537]}}, {"type": "Feature", "properties": {"t": "2412-Other sport and recreation constructions"}, "geometry": {"type": "Point", "coordinates": [-2.10482, 53.53373]}}, {"type": "Feature", "properties": {"t": "2412-Other sport and recreation constructions"}, "geometry": {"type": "Point", "coordinates": [-2.10337, 53.53525]}}, {"type": "Feature", "properties": {"t": "2412-Other sport and recreation constructions"}, "geometry": {"type": "Point", "coordinates": [-2.1035, 53.53528]}}, {"type": "Feature", "properties": {"t": "2412-Other sport and recreation constructions"}, "geometry": {"type": "Point", "coordinates": [-2.10362, 53.53531]}}, {"type": "Feature", "properties": {"t": "2411-Sports grounds"}, "geometry": {"type": "Point", "coordinates": [-2.10036, 53.52907]}}, {"type": "Feature", "properties": {"t": "2411-Sports grounds"}, "geometry": {"type": "Point", "coordinates": [-2.10091, 53.52967]}}, {"type": "Feature", "properties": {"t": "2412-Other sport and recreation constructions"}, "geometry": {"type": "Point", "coordinates": [-2.10325, 53.53553]}}, {"type": "Feature", "properties": {"t": "2412-Other sport and recreation constructions"}, "geometry": {"type": "Point", "coordinates": [-2.10333, 53.53881]}}, {"type": "Feature", "properties": {"t": "2412-Other sport and recreation constructions"}, "geometry": {"type": "Point", "coordinates": [-2.10328, 53.53883]}}, {"type": "Feature", "properties": {"t": "2412-Other sport and recreation constructions"}, "geometry": {"type": "Point", "coordinates": [-2.10322, 53.53885]}}, {"type": "Feature", "properties": {"t": "2412-Other sport and recreation constructions"}, "geometry": {"type": "Point", "coordinates": [-2.10316, 53.53887]}}, {"type": "Feature", "properties": {"t": "2412-Other sport and recreation constructions"}, "geometry": {"type": "Point", "coordinates": [-2.10309, 53.53888]}}, {"type": "Feature", "properties": {"t": "2412-Other sport and recreation constructions"}, "geometry": {"type": "Point", "coordinates": [-2.10304, 53.5389]}}, {"type": "Feature", "properties": {"t": "2412-Other sport and recreation constructions"}, "geometry": {"type": "Point", "coordinates": [-2.10297, 53.53891]}}, {"type": "Feature", "properties": {"t": "2412-Other sport and recreation constructions"}, "geometry": {"type": "Point", "coordinates": [-2.10399, 53.53538]}}, {"type": "Feature", "properties": {"t": "2412-Other sport and recreation constructions"}, "geometry": {"type": "Point", "coordinates": [-2.10374, 53.53542]}}, {"type": "Feature", "properties": {"t": "2412-Other sport and recreation constructions"}, "geometry": {"type": "Point", "coordinates": [-2.10424, 53.53545]}}, {"type": "Feature", "properties": {"t": "2412-Other sport and recreation constructions"}, "geometry": {"type": "Point", "coordinates": [-2.10449, 53.53551]}}, {"type": "Feature", "properties": {"t": "2412-Other sport and recreation constructions"}, "geometry": {"type": "Point", "coordinates": [-2.10535, 53.53557]}}, {"type": "Feature", "properties": {"t": "2412-Other sport and recreation constructions"}, "geometry": {"type": "Point", "coordinates": [-2.10479, 53.53555]}}, {"type": "Feature", "properties": {"t": "2412-Other sport and recreation constructions"}, "geometry": {"type": "Point", "coordinates": [-2.10548, 53.53559]}}, {"type": "Feature", "properties": {"t": "2412-Other sport and recreation constructions"}, "geometry": {"type": "Point", "coordinates": [-2.10511, 53.53556]}}, {"type": "Feature", "properties": {"t": "2412-Other sport and recreation constructions"}, "geometry": {"type": "Point", "coordinates": [-2.10559, 53.53564]}}, {"type": "Feature", "properties": {"t": "2412-Other sport and recreation constructions"}, "geometry": {"type": "Point", "coordinates": [-2.10394, 53.5357]}}, {"type": "Feature", "properties": {"t": "2412-Other sport and recreation constructions"}, "geometry": {"type": "Point", "coordinates": [-2.10691, 53.53573]}}, {"type": "Feature", "properties": {"t": "2412-Other sport and recreation constructions"}, "geometry": {"type": "Point", "coordinates": [-2.10701, 53.53574]}}, {"type": "Feature", "properties": {"t": "2412-Other sport and recreation constructions"}, "geometry": {"type": "Point", "coordinates": [-2.10711, 53.53575]}}, {"type": "Feature", "properties": {"t": "2412-Other sport and recreation constructions"}, "geometry": {"type": "Point", "coordinates": [-2.10721, 53.53576]}}, {"type": "Feature", "properties": {"t": "2412-Other sport and recreation constructions"}, "geometry": {"type": "Point", "coordinates": [-2.10732, 53.53577]}}, {"type": "Feature", "properties": {"t": "2412-Other sport and recreation constructions"}, "geometry": {"type": "Point", "coordinates": [-2.10605, 53.53585]}}, {"type": "Feature", "properties": {"t": "2412-Other sport and recreation constructions"}, "geometry": {"type": "Point", "coordinates": [-2.10588, 53.53585]}}, {"type": "Feature", "properties": {"t": "2412-Other sport and recreation constructions"}, "geometry": {"type": "Point", "coordinates": [-2.10623, 53.53586]}}, {"type": "Feature", "properties": {"t": "2412-Other sport and recreation constructions"}, "geometry": {"type": "Point", "coordinates": [-2.10658, 53.53588]}}, {"type": "Feature", "properties": {"t": "2412-Other sport and recreation constructions"}, "geometry": {"type": "Point", "coordinates": [-2.10647, 53.53588]}}, {"type": "Feature", "properties": {"t": "2412-Other sport and recreation constructions"}, "geometry": {"type": "Point", "coordinates": [-2.10526, 53.53577]}}, {"type": "Feature", "properties": {"t": "2412-Other sport and recreation constructions"}, "geometry": {"type": "Point", "coordinates": [-2.1049, 53.5358]}}, {"type": "Feature", "properties": {"t": "2412-Other sport and recreation constructions"}, "geometry": {"type": "Point", "coordinates": [-2.1054, 53.53579]}}, {"type": "Feature", "properties": {"t": "2412-Other sport and recreation constructions"}, "geometry": {"type": "Point", "coordinates": [-2.10465, 53.53594]}}, {"type": "Feature", "properties": {"t": "2412-Other sport and recreation constructions"}, "geometry": {"type": "Point", "coordinates": [-2.10474, 53.53594]}}, {"type": "Feature", "properties": {"t": "2412-Other sport and recreation constructions"}, "geometry": {"type": "Point", "coordinates": [-2.10482, 53.53595]}}, {"type": "Feature", "properties": {"t": "2412-Other sport and recreation constructions"}, "geometry": {"type": "Point", "coordinates": [-2.10491, 53.53595]}}, {"type": "Feature", "properties": {"t": "2412-Other sport and recreation constructions"}, "geometry": {"type": "Point", "coordinates": [-2.105, 53.53596]}}, {"type": "Feature", "properties": {"t": "2412-Other sport and recreation constructions"}, "geometry": {"type": "Point", "coordinates": [-2.10508, 53.53596]}}, {"type": "Feature", "properties": {"t": "2412-Other sport and recreation constructions"}, "geometry": {"type": "Point", "coordinates": [-2.10516, 53.53597]}}, {"type": "Feature", "properties": {"t": "2412-Other sport and recreation constructions"}, "geometry": {"type": "Point", "coordinates": [-2.10638, 53.53588]}}, {"type": "Feature", "properties": {"t": "2412-Other sport and recreation constructions"}, "geometry": {"type": "Point", "coordinates": [-2.10668, 53.53588]}}, {"type": "Feature", "properties": {"t": "2412-Other sport and recreation constructions"}, "geometry": {"type": "Point", "coordinates": [-2.10678, 53.53589]}}, {"type": "Feature", "properties": {"t": "2412-Other sport and recreation constructions"}, "geometry": {"type": "Point", "coordinates": [-2.10687, 53.5359]}}, {"type": "Feature", "properties": {"t": "2412-Other sport and recreation constructions"}, "geometry": {"type": "Point", "coordinates": [-2.10708, 53.5359]}}, {"type": "Feature", "properties": {"t": "2412-Other sport and recreation constructions"}, "geometry": {"type": "Point", "coordinates": [-2.10695, 53.5359]}}, {"type": "Feature", "properties": {"t": "2412-Other sport and recreation constructions"}, "geometry": {"type": "Point", "coordinates": [-2.10717, 53.53592]}}, {"type": "Feature", "properties": {"t": "2412-Other sport and recreation constructions"}, "geometry": {"type": "Point", "coordinates": [-2.10727, 53.53593]}}, {"type": "Feature", "properties": {"t": "2412-Other sport and recreation constructions"}, "geometry": {"type": "Point", "coordinates": [-2.10569, 53.53599]}}, {"type": "Feature", "properties": {"t": "2412-Other sport and recreation constructions"}, "geometry": {"type": "Point", "coordinates": [-2.10576, 53.536]}}, {"type": "Feature", "properties": {"t": "2412-Other sport and recreation constructions"}, "geometry": {"type": "Point", "coordinates": [-2.10525, 53.53597]}}, {"type": "Feature", "properties": {"t": "2412-Other sport and recreation constructions"}, "geometry": {"type": "Point", "coordinates": [-2.10532, 53.53598]}}, {"type": "Feature", "properties": {"t": "2412-Other sport and recreation constructions"}, "geometry": {"type": "Point", "coordinates": [-2.1054, 53.53598]}}, {"type": "Feature", "properties": {"t": "2412-Other sport and recreation constructions"}, "geometry": {"type": "Point", "coordinates": [-2.10547, 53.53598]}}, {"type": "Feature", "properties": {"t": "2412-Other sport and recreation constructions"}, "geometry": {"type": "Point", "coordinates": [-2.10554, 53.53599]}}, {"type": "Feature", "properties": {"t": "2412-Other sport and recreation constructions"}, "geometry": {"type": "Point", "coordinates": [-2.10561, 53.53599]}}, {"type": "Feature", "properties": {"t": "2412-Other sport and recreation constructions"}, "geometry": {"type": "Point", "coordinates": [-2.10461, 53.53606]}}, {"type": "Feature", "properties": {"t": "2412-Other sport and recreation constructions"}, "geometry": {"type": "Point", "coordinates": [-2.10473, 53.53609]}}, {"type": "Feature", "properties": {"t": "2412-Other sport and recreation constructions"}, "geometry": {"type": "Point", "coordinates": [-2.1048, 53.5361]}}, {"type": "Feature", "properties": {"t": "2412-Other sport and recreation constructions"}, "geometry": {"type": "Point", "coordinates": [-2.10492, 53.53609]}}, {"type": "Feature", "properties": {"t": "2412-Other sport and recreation constructions"}, "geometry": {"type": "Point", "coordinates": [-2.10495, 53.53609]}}, {"type": "Feature", "properties": {"t": "2412-Other sport and recreation constructions"}, "geometry": {"type": "Point", "coordinates": [-2.10509, 53.5361]}}, {"type": "Feature", "properties": {"t": "2412-Other sport and recreation constructions"}, "geometry": {"type": "Point", "coordinates": [-2.10514, 53.53611]}}, {"type": "Feature", "properties": {"t": "2412-Other sport and recreation constructions"}, "geometry": {"type": "Point", "coordinates": [-2.10526, 53.53611]}}, {"type": "Feature", "properties": {"t": "2412-Other sport and recreation constructions"}, "geometry": {"type": "Point", "coordinates": [-2.10529, 53.53611]}}, {"type": "Feature", "properties": {"t": "2412-Other sport and recreation constructions"}, "geometry": {"type": "Point", "coordinates": [-2.1054, 53.53612]}}, {"type": "Feature", "properties": {"t": "2412-Other sport and recreation constructions"}, "geometry": {"type": "Point", "coordinates": [-2.10544, 53.53613]}}, {"type": "Feature", "properties": {"t": "2412-Other sport and recreation constructions"}, "geometry": {"type": "Point", "coordinates": [-2.10555, 53.53612]}}, {"type": "Feature", "properties": {"t": "2412-Other sport and recreation constructions"}, "geometry": {"type": "Point", "coordinates": [-2.10558, 53.53613]}}, {"type": "Feature", "properties": {"t": "2412-Other sport and recreation constructions"}, "geometry": {"type": "Point", "coordinates": [-2.10568, 53.53614]}}, {"type": "Feature", "properties": {"t": "2412-Other sport and recreation constructions"}, "geometry": {"type": "Point", "coordinates": [-2.10584, 53.536]}}, {"type": "Feature", "properties": {"t": "2412-Other sport and recreation constructions"}, "geometry": {"type": "Point", "coordinates": [-2.10591, 53.53601]}}, {"type": "Feature", "properties": {"t": "2412-Other sport and recreation constructions"}, "geometry": {"type": "Point", "coordinates": [-2.10626, 53.53606]}}, {"type": "Feature", "properties": {"t": "2412-Other sport and recreation constructions"}, "geometry": {"type": "Point", "coordinates": [-2.10663, 53.53611]}}, {"type": "Feature", "properties": {"t": "2412-Other sport and recreation constructions"}, "geometry": {"type": "Point", "coordinates": [-2.10574, 53.53614]}}, {"type": "Feature", "properties": {"t": "2412-Other sport and recreation constructions"}, "geometry": {"type": "Point", "coordinates": [-2.10582, 53.53615]}}, {"type": "Feature", "properties": {"t": "2412-Other sport and recreation constructions"}, "geometry": {"type": "Point", "coordinates": [-2.10586, 53.53614]}}, {"type": "Feature", "properties": {"t": "2412-Other sport and recreation constructions"}, "geometry": {"type": "Point", "coordinates": [-2.10621, 53.53614]}}, {"type": "Feature", "properties": {"t": "2412-Other sport and recreation constructions"}, "geometry": {"type": "Point", "coordinates": [-2.10661, 53.5362]}}, {"type": "Feature", "properties": {"t": "2412-Other sport and recreation constructions"}, "geometry": {"type": "Point", "coordinates": [-2.10658, 53.53625]}}, {"type": "Feature", "properties": {"t": "2412-Other sport and recreation constructions"}, "geometry": {"type": "Point", "coordinates": [-2.10533, 53.53624]}}, {"type": "Feature", "properties": {"t": "2412-Other sport and recreation constructions"}, "geometry": {"type": "Point", "coordinates": [-2.10531, 53.53633]}}, {"type": "Feature", "properties": {"t": "2412-Other sport and recreation constructions"}, "geometry": {"type": "Point", "coordinates": [-2.10566, 53.53636]}}, {"type": "Feature", "properties": {"t": "2412-Other sport and recreation constructions"}, "geometry": {"type": "Point", "coordinates": [-2.10531, 53.53639]}}, {"type": "Feature", "properties": {"t": "2412-Other sport and recreation constructions"}, "geometry": {"type": "Point", "coordinates": [-2.10564, 53.53643]}}, {"type": "Feature", "properties": {"t": "2412-Other sport and recreation constructions"}, "geometry": {"type": "Point", "coordinates": [-2.10528, 53.53646]}}, {"type": "Feature", "properties": {"t": "2412-Other sport and recreation constructions"}, "geometry": {"type": "Point", "coordinates": [-2.10562, 53.53646]}}, {"type": "Feature", "properties": {"t": "2412-Other sport and recreation constructions"}, "geometry": {"type": "Point", "coordinates": [-2.10528, 53.53652]}}, {"type": "Feature", "properties": {"t": "2412-Other sport and recreation constructions"}, "geometry": {"type": "Point", "coordinates": [-2.1056, 53.53655]}}, {"type": "Feature", "properties": {"t": "2412-Other sport and recreation constructions"}, "geometry": {"type": "Point", "coordinates": [-2.10365, 53.53655]}}, {"type": "Feature", "properties": {"t": "2412-Other sport and recreation constructions"}, "geometry": {"type": "Point", "coordinates": [-2.10567, 53.53626]}}, {"type": "Feature", "properties": {"t": "2412-Other sport and recreation constructions"}, "geometry": {"type": "Point", "coordinates": [-2.10655, 53.53631]}}, {"type": "Feature", "properties": {"t": "2412-Other sport and recreation constructions"}, "geometry": {"type": "Point", "coordinates": [-2.10652, 53.53636]}}, {"type": "Feature", "properties": {"t": "2412-Other sport and recreation constructions"}, "geometry": {"type": "Point", "coordinates": [-2.10649, 53.53641]}}, {"type": "Feature", "properties": {"t": "2412-Other sport and recreation constructions"}, "geometry": {"type": "Point", "coordinates": [-2.10646, 53.53646]}}, {"type": "Feature", "properties": {"t": "2412-Other sport and recreation constructions"}, "geometry": {"type": "Point", "coordinates": [-2.10602, 53.53651]}}, {"type": "Feature", "properties": {"t": "2412-Other sport and recreation constructions"}, "geometry": {"type": "Point", "coordinates": [-2.10634, 53.53655]}}, {"type": "Feature", "properties": {"t": "2412-Other sport and recreation constructions"}, "geometry": {"type": "Point", "coordinates": [-2.10608, 53.53659]}}, {"type": "Feature", "properties": {"t": "2412-Other sport and recreation constructions"}, "geometry": {"type": "Point", "coordinates": [-2.10602, 53.53665]}}, {"type": "Feature", "properties": {"t": "2412-Other sport and recreation constructions"}, "geometry": {"type": "Point", "coordinates": [-2.10604, 53.53666]}}, {"type": "Feature", "properties": {"t": "2412-Other sport and recreation constructions"}, "geometry": {"type": "Point", "coordinates": [-2.10546, 53.5366]}}, {"type": "Feature", "properties": {"t": "2412-Other sport and recreation constructions"}, "geometry": {"type": "Point", "coordinates": [-2.10534, 53.53662]}}, {"type": "Feature", "properties": {"t": "2412-Other sport and recreation constructions"}, "geometry": {"type": "Point", "coordinates": [-2.10547, 53.53663]}}, {"type": "Feature", "properties": {"t": "2412-Other sport and recreation constructions"}, "geometry": {"type": "Point", "coordinates": [-2.10534, 53.53665]}}, {"type": "Feature", "properties": {"t": "2412-Other sport and recreation constructions"}, "geometry": {"type": "Point", "coordinates": [-2.10545, 53.53667]}}, {"type": "Feature", "properties": {"t": "2412-Other sport and recreation constructions"}, "geometry": {"type": "Point", "coordinates": [-2.10532, 53.5367]}}, {"type": "Feature", "properties": {"t": "2412-Other sport and recreation constructions"}, "geometry": {"type": "Point", "coordinates": [-2.10543, 53.53672]}}, {"type": "Feature", "properties": {"t": "2412-Other sport and recreation constructions"}, "geometry": {"type": "Point", "coordinates": [-2.10532, 53.53673]}}, {"type": "Feature", "properties": {"t": "2412-Other sport and recreation constructions"}, "geometry": {"type": "Point", "coordinates": [-2.10542, 53.53674]}}, {"type": "Feature", "properties": {"t": "2412-Other sport and recreation constructions"}, "geometry": {"type": "Point", "coordinates": [-2.1054, 53.53677]}}, {"type": "Feature", "properties": {"t": "2412-Other sport and recreation constructions"}, "geometry": {"type": "Point", "coordinates": [-2.10598, 53.53671]}}, {"type": "Feature", "properties": {"t": "2412-Other sport and recreation constructions"}, "geometry": {"type": "Point", "coordinates": [-2.10595, 53.53675]}}, {"type": "Feature", "properties": {"t": "2412-Other sport and recreation constructions"}, "geometry": {"type": "Point", "coordinates": [-2.10594, 53.53678]}}, {"type": "Feature", "properties": {"t": "2412-Other sport and recreation constructions"}, "geometry": {"type": "Point", "coordinates": [-2.10591, 53.53681]}}, {"type": "Feature", "properties": {"t": "2412-Other sport and recreation constructions"}, "geometry": {"type": "Point", "coordinates": [-2.1059, 53.53686]}}, {"type": "Feature", "properties": {"t": "2412-Other sport and recreation constructions"}, "geometry": {"type": "Point", "coordinates": [-2.10587, 53.53689]}}, {"type": "Feature", "properties": {"t": "2412-Other sport and recreation constructions"}, "geometry": {"type": "Point", "coordinates": [-2.10583, 53.53694]}}, {"type": "Feature", "properties": {"t": "2412-Other sport and recreation constructions"}, "geometry": {"type": "Point", "coordinates": [-2.10582, 53.53696]}}, {"type": "Feature", "properties": {"t": "2412-Other sport and recreation constructions"}, "geometry": {"type": "Point", "coordinates": [-2.10578, 53.53703]}}, {"type": "Feature", "properties": {"t": "2412-Other sport and recreation constructions"}, "geometry": {"type": "Point", "coordinates": [-2.1058, 53.53723]}}, {"type": "Feature", "properties": {"t": "2412-Other sport and recreation constructions"}, "geometry": {"type": "Point", "coordinates": [-2.1053, 53.53678]}}, {"type": "Feature", "properties": {"t": "2412-Other sport and recreation constructions"}, "geometry": {"type": "Point", "coordinates": [-2.10539, 53.5368]}}, {"type": "Feature", "properties": {"t": "2412-Other sport and recreation constructions"}, "geometry": {"type": "Point", "coordinates": [-2.10537, 53.53685]}}, {"type": "Feature", "properties": {"t": "2412-Other sport and recreation constructions"}, "geometry": {"type": "Point", "coordinates": [-2.10554, 53.53713]}}, {"type": "Feature", "properties": {"t": "2412-Other sport and recreation constructions"}, "geometry": {"type": "Point", "coordinates": [-2.10545, 53.5372]}}, {"type": "Feature", "properties": {"t": "2412-Other sport and recreation constructions"}, "geometry": {"type": "Point", "coordinates": [-2.10538, 53.53725]}}, {"type": "Feature", "properties": {"t": "2412-Other sport and recreation constructions"}, "geometry": {"type": "Point", "coordinates": [-2.10532, 53.53731]}}, {"type": "Feature", "properties": {"t": "2412-Other sport and recreation constructions"}, "geometry": {"type": "Point", "coordinates": [-2.10566, 53.53736]}}, {"type": "Feature", "properties": {"t": "2412-Other sport and recreation constructions"}, "geometry": {"type": "Point", "coordinates": [-2.10525, 53.53736]}}, {"type": "Feature", "properties": {"t": "2412-Other sport and recreation constructions"}, "geometry": {"type": "Point", "coordinates": [-2.10519, 53.53742]}}, {"type": "Feature", "properties": {"t": "2412-Other sport and recreation constructions"}, "geometry": {"type": "Point", "coordinates": [-2.07183, 53.53675]}}, {"type": "Feature", "properties": {"t": "2412-Other sport and recreation constructions"}, "geometry": {"type": "Point", "coordinates": [-2.07396, 53.53676]}}, {"type": "Feature", "properties": {"t": "2412-Other sport and recreation constructions"}, "geometry": {"type": "Point", "coordinates": [-2.07512, 53.53676]}}, {"type": "Feature", "properties": {"t": "2412-Other sport and recreation constructions"}, "geometry": {"type": "Point", "coordinates": [-2.07455, 53.53676]}}, {"type": "Feature", "properties": {"t": "2412-Other sport and recreation constructions"}, "geometry": {"type": "Point", "coordinates": [-2.07403, 53.53676]}}, {"type": "Feature", "properties": {"t": "2412-Other sport and recreation constructions"}, "geometry": {"type": "Point", "coordinates": [-2.07388, 53.53678]}}, {"type": "Feature", "properties": {"t": "2412-Other sport and recreation constructions"}, "geometry": {"type": "Point", "coordinates": [-2.07424, 53.53678]}}, {"type": "Feature", "properties": {"t": "2412-Other sport and recreation constructions"}, "geometry": {"type": "Point", "coordinates": [-2.07441, 53.53678]}}, {"type": "Feature", "properties": {"t": "2412-Other sport and recreation constructions"}, "geometry": {"type": "Point", "coordinates": [-2.07473, 53.53677]}}, {"type": "Feature", "properties": {"t": "2412-Other sport and recreation constructions"}, "geometry": {"type": "Point", "coordinates": [-2.07435, 53.53679]}}, {"type": "Feature", "properties": {"t": "2412-Other sport and recreation constructions"}, "geometry": {"type": "Point", "coordinates": [-2.07149, 53.53666]}}, {"type": "Feature", "properties": {"t": "2412-Other sport and recreation constructions"}, "geometry": {"type": "Point", "coordinates": [-2.07145, 53.53669]}}, {"type": "Feature", "properties": {"t": "2412-Other sport and recreation constructions"}, "geometry": {"type": "Point", "coordinates": [-2.07177, 53.5367]}}, {"type": "Feature", "properties": {"t": "2412-Other sport and recreation constructions"}, "geometry": {"type": "Point", "coordinates": [-2.07141, 53.53673]}}, {"type": "Feature", "properties": {"t": "2412-Other sport and recreation constructions"}, "geometry": {"type": "Point", "coordinates": [-2.07138, 53.53676]}}, {"type": "Feature", "properties": {"t": "2412-Other sport and recreation constructions"}, "geometry": {"type": "Point", "coordinates": [-2.06954, 53.53679]}}, {"type": "Feature", "properties": {"t": "2412-Other sport and recreation constructions"}, "geometry": {"type": "Point", "coordinates": [-2.0718, 53.53679]}}, {"type": "Feature", "properties": {"t": "2412-Other sport and recreation constructions"}, "geometry": {"type": "Point", "coordinates": [-2.07135, 53.53679]}}, {"type": "Feature", "properties": {"t": "2412-Other sport and recreation constructions"}, "geometry": {"type": "Point", "coordinates": [-2.07177, 53.53682]}}, {"type": "Feature", "properties": {"t": "2412-Other sport and recreation constructions"}, "geometry": {"type": "Point", "coordinates": [-2.07174, 53.53685]}}, {"type": "Feature", "properties": {"t": "2412-Other sport and recreation constructions"}, "geometry": {"type": "Point", "coordinates": [-2.07536, 53.53678]}}, {"type": "Feature", "properties": {"t": "2412-Other sport and recreation constructions"}, "geometry": {"type": "Point", "coordinates": [-2.07507, 53.5368]}}, {"type": "Feature", "properties": {"t": "2412-Other sport and recreation constructions"}, "geometry": {"type": "Point", "coordinates": [-2.07388, 53.53681]}}, {"type": "Feature", "properties": {"t": "2412-Other sport and recreation constructions"}, "geometry": {"type": "Point", "coordinates": [-2.07454, 53.53681]}}, {"type": "Feature", "properties": {"t": "2412-Other sport and recreation constructions"}, "geometry": {"type": "Point", "coordinates": [-2.07473, 53.53681]}}, {"type": "Feature", "properties": {"t": "2412-Other sport and recreation constructions"}, "geometry": {"type": "Point", "coordinates": [-2.0737, 53.53681]}}, {"type": "Feature", "properties": {"t": "2412-Other sport and recreation constructions"}, "geometry": {"type": "Point", "coordinates": [-2.07533, 53.53682]}}, {"type": "Feature", "properties": {"t": "2412-Other sport and recreation constructions"}, "geometry": {"type": "Point", "coordinates": [-2.07387, 53.53684]}}, {"type": "Feature", "properties": {"t": "2412-Other sport and recreation constructions"}, "geometry": {"type": "Point", "coordinates": [-2.0744, 53.53684]}}, {"type": "Feature", "properties": {"t": "2412-Other sport and recreation constructions"}, "geometry": {"type": "Point", "coordinates": [-2.07325, 53.53684]}}, {"type": "Feature", "properties": {"t": "2412-Other sport and recreation constructions"}, "geometry": {"type": "Point", "coordinates": [-2.07454, 53.53685]}}, {"type": "Feature", "properties": {"t": "2412-Other sport and recreation constructions"}, "geometry": {"type": "Point", "coordinates": [-2.07506, 53.53685]}}, {"type": "Feature", "properties": {"t": "2412-Other sport and recreation constructions"}, "geometry": {"type": "Point", "coordinates": [-2.07472, 53.53685]}}, {"type": "Feature", "properties": {"t": "2412-Other sport and recreation constructions"}, "geometry": {"type": "Point", "coordinates": [-2.07369, 53.53685]}}, {"type": "Feature", "properties": {"t": "2412-Other sport and recreation constructions"}, "geometry": {"type": "Point", "coordinates": [-2.07529, 53.53686]}}, {"type": "Feature", "properties": {"t": "2412-Other sport and recreation constructions"}, "geometry": {"type": "Point", "coordinates": [-2.07438, 53.53688]}}, {"type": "Feature", "properties": {"t": "2412-Other sport and recreation constructions"}, "geometry": {"type": "Point", "coordinates": [-2.07454, 53.53688]}}, {"type": "Feature", "properties": {"t": "2412-Other sport and recreation constructions"}, "geometry": {"type": "Point", "coordinates": [-2.07472, 53.53689]}}, {"type": "Feature", "properties": {"t": "2412-Other sport and recreation constructions"}, "geometry": {"type": "Point", "coordinates": [-2.0739, 53.53691]}}, {"type": "Feature", "properties": {"t": "2412-Other sport and recreation constructions"}, "geometry": {"type": "Point", "coordinates": [-2.07526, 53.53691]}}, {"type": "Feature", "properties": {"t": "2412-Other sport and recreation constructions"}, "geometry": {"type": "Point", "coordinates": [-2.07453, 53.53692]}}, {"type": "Feature", "properties": {"t": "2412-Other sport and recreation constructions"}, "geometry": {"type": "Point", "coordinates": [-2.07503, 53.53693]}}, {"type": "Feature", "properties": {"t": "2412-Other sport and recreation constructions"}, "geometry": {"type": "Point", "coordinates": [-2.07472, 53.53692]}}, {"type": "Feature", "properties": {"t": "2412-Other sport and recreation constructions"}, "geometry": {"type": "Point", "coordinates": [-2.07366, 53.53692]}}, {"type": "Feature", "properties": {"t": "2412-Other sport and recreation constructions"}, "geometry": {"type": "Point", "coordinates": [-2.07437, 53.53693]}}, {"type": "Feature", "properties": {"t": "2412-Other sport and recreation constructions"}, "geometry": {"type": "Point", "coordinates": [-2.07323, 53.53695]}}, {"type": "Feature", "properties": {"t": "2412-Other sport and recreation constructions"}, "geometry": {"type": "Point", "coordinates": [-2.07453, 53.53696]}}, {"type": "Feature", "properties": {"t": "2412-Other sport and recreation constructions"}, "geometry": {"type": "Point", "coordinates": [-2.07471, 53.53696]}}, {"type": "Feature", "properties": {"t": "2412-Other sport and recreation constructions"}, "geometry": {"type": "Point", "coordinates": [-2.07394, 53.53698]}}, {"type": "Feature", "properties": {"t": "2412-Other sport and recreation constructions"}, "geometry": {"type": "Point", "coordinates": [-2.07401, 53.53699]}}, {"type": "Feature", "properties": {"t": "2412-Other sport and recreation constructions"}, "geometry": {"type": "Point", "coordinates": [-2.0717, 53.5369]}}, {"type": "Feature", "properties": {"t": "2412-Other sport and recreation constructions"}, "geometry": {"type": "Point", "coordinates": [-2.07138, 53.5369]}}, {"type": "Feature", "properties": {"t": "2412-Other sport and recreation constructions"}, "geometry": {"type": "Point", "coordinates": [-2.07072, 53.53694]}}, {"type": "Feature", "properties": {"t": "2412-Other sport and recreation constructions"}, "geometry": {"type": "Point", "coordinates": [-2.07109, 53.53694]}}, {"type": "Feature", "properties": {"t": "2412-Other sport and recreation constructions"}, "geometry": {"type": "Point", "coordinates": [-2.07169, 53.53696]}}, {"type": "Feature", "properties": {"t": "2412-Other sport and recreation constructions"}, "geometry": {"type": "Point", "coordinates": [-2.07161, 53.537]}}, {"type": "Feature", "properties": {"t": "2412-Other sport and recreation constructions"}, "geometry": {"type": "Point", "coordinates": [-2.07158, 53.53703]}}, {"type": "Feature", "properties": {"t": "2412-Other sport and recreation constructions"}, "geometry": {"type": "Point", "coordinates": [-2.07123, 53.53705]}}, {"type": "Feature", "properties": {"t": "2412-Other sport and recreation constructions"}, "geometry": {"type": "Point", "coordinates": [-2.07155, 53.53706]}}, {"type": "Feature", "properties": {"t": "2412-Other sport and recreation constructions"}, "geometry": {"type": "Point", "coordinates": [-2.07108, 53.5371]}}, {"type": "Feature", "properties": {"t": "2412-Other sport and recreation constructions"}, "geometry": {"type": "Point", "coordinates": [-2.07496, 53.53698]}}, {"type": "Feature", "properties": {"t": "2412-Other sport and recreation constructions"}, "geometry": {"type": "Point", "coordinates": [-2.07436, 53.537]}}, {"type": "Feature", "properties": {"t": "2412-Other sport and recreation constructions"}, "geometry": {"type": "Point", "coordinates": [-2.07453, 53.537]}}, {"type": "Feature", "properties": {"t": "2412-Other sport and recreation constructions"}, "geometry": {"type": "Point", "coordinates": [-2.07471, 53.537]}}, {"type": "Feature", "properties": {"t": "2412-Other sport and recreation constructions"}, "geometry": {"type": "Point", "coordinates": [-2.07384, 53.537]}}, {"type": "Feature", "properties": {"t": "2412-Other sport and recreation constructions"}, "geometry": {"type": "Point", "coordinates": [-2.07516, 53.53702]}}, {"type": "Feature", "properties": {"t": "2412-Other sport and recreation constructions"}, "geometry": {"type": "Point", "coordinates": [-2.07492, 53.53703]}}, {"type": "Feature", "properties": {"t": "2412-Other sport and recreation constructions"}, "geometry": {"type": "Point", "coordinates": [-2.07229, 53.53702]}}, {"type": "Feature", "properties": {"t": "2412-Other sport and recreation constructions"}, "geometry": {"type": "Point", "coordinates": [-2.07452, 53.53704]}}, {"type": "Feature", "properties": {"t": "2412-Other sport and recreation constructions"}, "geometry": {"type": "Point", "coordinates": [-2.0747, 53.53705]}}, {"type": "Feature", "properties": {"t": "2412-Other sport and recreation constructions"}, "geometry": {"type": "Point", "coordinates": [-2.07321, 53.53706]}}, {"type": "Feature", "properties": {"t": "2412-Other sport and recreation constructions"}, "geometry": {"type": "Point", "coordinates": [-2.07268, 53.53705]}}, {"type": "Feature", "properties": {"t": "2412-Other sport and recreation constructions"}, "geometry": {"type": "Point", "coordinates": [-2.07451, 53.53708]}}, {"type": "Feature", "properties": {"t": "2412-Other sport and recreation constructions"}, "geometry": {"type": "Point", "coordinates": [-2.07511, 53.53708]}}, {"type": "Feature", "properties": {"t": "2412-Other sport and recreation constructions"}, "geometry": {"type": "Point", "coordinates": [-2.0747, 53.53709]}}, {"type": "Feature", "properties": {"t": "2412-Other sport and recreation constructions"}, "geometry": {"type": "Point", "coordinates": [-2.07494, 53.53713]}}, {"type": "Feature", "properties": {"t": "2412-Other sport and recreation constructions"}, "geometry": {"type": "Point", "coordinates": [-2.07451, 53.53712]}}, {"type": "Feature", "properties": {"t": "2412-Other sport and recreation constructions"}, "geometry": {"type": "Point", "coordinates": [-2.07316, 53.53713]}}, {"type": "Feature", "properties": {"t": "2412-Other sport and recreation constructions"}, "geometry": {"type": "Point", "coordinates": [-2.0747, 53.53713]}}, {"type": "Feature", "properties": {"t": "2412-Other sport and recreation constructions"}, "geometry": {"type": "Point", "coordinates": [-2.0736, 53.53716]}}, {"type": "Feature", "properties": {"t": "2412-Other sport and recreation constructions"}, "geometry": {"type": "Point", "coordinates": [-2.07534, 53.53717]}}, {"type": "Feature", "properties": {"t": "2412-Other sport and recreation constructions"}, "geometry": {"type": "Point", "coordinates": [-2.07359, 53.5372]}}, {"type": "Feature", "properties": {"t": "2412-Other sport and recreation constructions"}, "geometry": {"type": "Point", "coordinates": [-2.07358, 53.53724]}}, {"type": "Feature", "properties": {"t": "2412-Other sport and recreation constructions"}, "geometry": {"type": "Point", "coordinates": [-2.07371, 53.53725]}}, {"type": "Feature", "properties": {"t": "2412-Other sport and recreation constructions"}, "geometry": {"type": "Point", "coordinates": [-2.07472, 53.53726]}}, {"type": "Feature", "properties": {"t": "2412-Other sport and recreation constructions"}, "geometry": {"type": "Point", "coordinates": [-2.0738, 53.53726]}}, {"type": "Feature", "properties": {"t": "2412-Other sport and recreation constructions"}, "geometry": {"type": "Point", "coordinates": [-2.07387, 53.53727]}}, {"type": "Feature", "properties": {"t": "2412-Other sport and recreation constructions"}, "geometry": {"type": "Point", "coordinates": [-2.07358, 53.53727]}}, {"type": "Feature", "properties": {"t": "2412-Other sport and recreation constructions"}, "geometry": {"type": "Point", "coordinates": [-2.07394, 53.53727]}}, {"type": "Feature", "properties": {"t": "2412-Other sport and recreation constructions"}, "geometry": {"type": "Point", "coordinates": [-2.07401, 53.53728]}}, {"type": "Feature", "properties": {"t": "2412-Other sport and recreation constructions"}, "geometry": {"type": "Point", "coordinates": [-2.07407, 53.53729]}}, {"type": "Feature", "properties": {"t": "2412-Other sport and recreation constructions"}, "geometry": {"type": "Point", "coordinates": [-2.07471, 53.5373]}}, {"type": "Feature", "properties": {"t": "2412-Other sport and recreation constructions"}, "geometry": {"type": "Point", "coordinates": [-2.07413, 53.5373]}}, {"type": "Feature", "properties": {"t": "2412-Other sport and recreation constructions"}, "geometry": {"type": "Point", "coordinates": [-2.07357, 53.53731]}}, {"type": "Feature", "properties": {"t": "2412-Other sport and recreation constructions"}, "geometry": {"type": "Point", "coordinates": [-2.0742, 53.53731]}}, {"type": "Feature", "properties": {"t": "2412-Other sport and recreation constructions"}, "geometry": {"type": "Point", "coordinates": [-2.07297, 53.53731]}}, {"type": "Feature", "properties": {"t": "2412-Other sport and recreation constructions"}, "geometry": {"type": "Point", "coordinates": [-2.07304, 53.53731]}}, {"type": "Feature", "properties": {"t": "2412-Other sport and recreation constructions"}, "geometry": {"type": "Point", "coordinates": [-2.07427, 53.53732]}}, {"type": "Feature", "properties": {"t": "2412-Other sport and recreation constructions"}, "geometry": {"type": "Point", "coordinates": [-2.07596, 53.53737]}}, {"type": "Feature", "properties": {"t": "2412-Other sport and recreation constructions"}, "geometry": {"type": "Point", "coordinates": [-2.07433, 53.53732]}}, {"type": "Feature", "properties": {"t": "2412-Other sport and recreation constructions"}, "geometry": {"type": "Point", "coordinates": [-2.07087, 53.53719]}}, {"type": "Feature", "properties": {"t": "2412-Other sport and recreation constructions"}, "geometry": {"type": "Point", "coordinates": [-2.07093, 53.53721]}}, {"type": "Feature", "properties": {"t": "2412-Other sport and recreation constructions"}, "geometry": {"type": "Point", "coordinates": [-2.071, 53.53724]}}, {"type": "Feature", "properties": {"t": "2412-Other sport and recreation constructions"}, "geometry": {"type": "Point", "coordinates": [-2.06872, 53.53725]}}, {"type": "Feature", "properties": {"t": "2412-Other sport and recreation constructions"}, "geometry": {"type": "Point", "coordinates": [-2.06859, 53.53731]}}, {"type": "Feature", "properties": {"t": "2412-Other sport and recreation constructions"}, "geometry": {"type": "Point", "coordinates": [-2.07025, 53.53735]}}, {"type": "Feature", "properties": {"t": "2412-Other sport and recreation constructions"}, "geometry": {"type": "Point", "coordinates": [-2.06911, 53.53744]}}, {"type": "Feature", "properties": {"t": "2412-Other sport and recreation constructions"}, "geometry": {"type": "Point", "coordinates": [-2.06863, 53.53749]}}, {"type": "Feature", "properties": {"t": "2412-Other sport and recreation constructions"}, "geometry": {"type": "Point", "coordinates": [-2.06903, 53.53748]}}, {"type": "Feature", "properties": {"t": "2412-Other sport and recreation constructions"}, "geometry": {"type": "Point", "coordinates": [-2.06896, 53.53748]}}, {"type": "Feature", "properties": {"t": "2412-Other sport and recreation constructions"}, "geometry": {"type": "Point", "coordinates": [-2.0689, 53.53749]}}, {"type": "Feature", "properties": {"t": "2412-Other sport and recreation constructions"}, "geometry": {"type": "Point", "coordinates": [-2.06881, 53.5375]}}, {"type": "Feature", "properties": {"t": "2412-Other sport and recreation constructions"}, "geometry": {"type": "Point", "coordinates": [-2.06874, 53.53751]}}, {"type": "Feature", "properties": {"t": "2412-Other sport and recreation constructions"}, "geometry": {"type": "Point", "coordinates": [-2.07008, 53.53757]}}, {"type": "Feature", "properties": {"t": "2412-Other sport and recreation constructions"}, "geometry": {"type": "Point", "coordinates": [-2.07018, 53.53764]}}, {"type": "Feature", "properties": {"t": "2412-Other sport and recreation constructions"}, "geometry": {"type": "Point", "coordinates": [-2.06986, 53.53764]}}, {"type": "Feature", "properties": {"t": "2412-Other sport and recreation constructions"}, "geometry": {"type": "Point", "coordinates": [-2.07, 53.53764]}}, {"type": "Feature", "properties": {"t": "2412-Other sport and recreation constructions"}, "geometry": {"type": "Point", "coordinates": [-2.07031, 53.53765]}}, {"type": "Feature", "properties": {"t": "2412-Other sport and recreation constructions"}, "geometry": {"type": "Point", "coordinates": [-2.06979, 53.53765]}}, {"type": "Feature", "properties": {"t": "2412-Other sport and recreation constructions"}, "geometry": {"type": "Point", "coordinates": [-2.06993, 53.53765]}}, {"type": "Feature", "properties": {"t": "2412-Other sport and recreation constructions"}, "geometry": {"type": "Point", "coordinates": [-2.06973, 53.53765]}}, {"type": "Feature", "properties": {"t": "2412-Other sport and recreation constructions"}, "geometry": {"type": "Point", "coordinates": [-2.06966, 53.53767]}}, {"type": "Feature", "properties": {"t": "2412-Other sport and recreation constructions"}, "geometry": {"type": "Point", "coordinates": [-2.07067, 53.53768]}}, {"type": "Feature", "properties": {"t": "2412-Other sport and recreation constructions"}, "geometry": {"type": "Point", "coordinates": [-2.06913, 53.5377]}}, {"type": "Feature", "properties": {"t": "2412-Other sport and recreation constructions"}, "geometry": {"type": "Point", "coordinates": [-2.06907, 53.5377]}}, {"type": "Feature", "properties": {"t": "2412-Other sport and recreation constructions"}, "geometry": {"type": "Point", "coordinates": [-2.07014, 53.53771]}}, {"type": "Feature", "properties": {"t": "2412-Other sport and recreation constructions"}, "geometry": {"type": "Point", "coordinates": [-2.07024, 53.53771]}}, {"type": "Feature", "properties": {"t": "2412-Other sport and recreation constructions"}, "geometry": {"type": "Point", "coordinates": [-2.07033, 53.53771]}}, {"type": "Feature", "properties": {"t": "2412-Other sport and recreation constructions"}, "geometry": {"type": "Point", "coordinates": [-2.06731, 53.53775]}}, {"type": "Feature", "properties": {"t": "2412-Other sport and recreation constructions"}, "geometry": {"type": "Point", "coordinates": [-2.06724, 53.53775]}}, {"type": "Feature", "properties": {"t": "2412-Other sport and recreation constructions"}, "geometry": {"type": "Point", "coordinates": [-2.07048, 53.53775]}}, {"type": "Feature", "properties": {"t": "2412-Other sport and recreation constructions"}, "geometry": {"type": "Point", "coordinates": [-2.06901, 53.53776]}}, {"type": "Feature", "properties": {"t": "2412-Other sport and recreation constructions"}, "geometry": {"type": "Point", "coordinates": [-2.06712, 53.53776]}}, {"type": "Feature", "properties": {"t": "2412-Other sport and recreation constructions"}, "geometry": {"type": "Point", "coordinates": [-2.06894, 53.53776]}}, {"type": "Feature", "properties": {"t": "2412-Other sport and recreation constructions"}, "geometry": {"type": "Point", "coordinates": [-2.06706, 53.53777]}}, {"type": "Feature", "properties": {"t": "2412-Other sport and recreation constructions"}, "geometry": {"type": "Point", "coordinates": [-2.06909, 53.53777]}}, {"type": "Feature", "properties": {"t": "2412-Other sport and recreation constructions"}, "geometry": {"type": "Point", "coordinates": [-2.06699, 53.53777]}}, {"type": "Feature", "properties": {"t": "2412-Other sport and recreation constructions"}, "geometry": {"type": "Point", "coordinates": [-2.06996, 53.53778]}}, {"type": "Feature", "properties": {"t": "2412-Other sport and recreation constructions"}, "geometry": {"type": "Point", "coordinates": [-2.06693, 53.53778]}}, {"type": "Feature", "properties": {"t": "2412-Other sport and recreation constructions"}, "geometry": {"type": "Point", "coordinates": [-2.06675, 53.53779]}}, {"type": "Feature", "properties": {"t": "2412-Other sport and recreation constructions"}, "geometry": {"type": "Point", "coordinates": [-2.06668, 53.53779]}}, {"type": "Feature", "properties": {"t": "2412-Other sport and recreation constructions"}, "geometry": {"type": "Point", "coordinates": [-2.06661, 53.5378]}}, {"type": "Feature", "properties": {"t": "2412-Other sport and recreation constructions"}, "geometry": {"type": "Point", "coordinates": [-2.06654, 53.5378]}}, {"type": "Feature", "properties": {"t": "2412-Other sport and recreation constructions"}, "geometry": {"type": "Point", "coordinates": [-2.06648, 53.5378]}}, {"type": "Feature", "properties": {"t": "2412-Other sport and recreation constructions"}, "geometry": {"type": "Point", "coordinates": [-2.07023, 53.53781]}}, {"type": "Feature", "properties": {"t": "2412-Other sport and recreation constructions"}, "geometry": {"type": "Point", "coordinates": [-2.06641, 53.53781]}}, {"type": "Feature", "properties": {"t": "2412-Other sport and recreation constructions"}, "geometry": {"type": "Point", "coordinates": [-2.07031, 53.5378]}}, {"type": "Feature", "properties": {"t": "2412-Other sport and recreation constructions"}, "geometry": {"type": "Point", "coordinates": [-2.07086, 53.53782]}}, {"type": "Feature", "properties": {"t": "2412-Other sport and recreation constructions"}, "geometry": {"type": "Point", "coordinates": [-2.06633, 53.53781]}}, {"type": "Feature", "properties": {"t": "2412-Other sport and recreation constructions"}, "geometry": {"type": "Point", "coordinates": [-2.07012, 53.53781]}}, {"type": "Feature", "properties": {"t": "2412-Other sport and recreation constructions"}, "geometry": {"type": "Point", "coordinates": [-2.06626, 53.53782]}}, {"type": "Feature", "properties": {"t": "2412-Other sport and recreation constructions"}, "geometry": {"type": "Point", "coordinates": [-2.0662, 53.53782]}}, {"type": "Feature", "properties": {"t": "2412-Other sport and recreation constructions"}, "geometry": {"type": "Point", "coordinates": [-2.07041, 53.53786]}}, {"type": "Feature", "properties": {"t": "2412-Other sport and recreation constructions"}, "geometry": {"type": "Point", "coordinates": [-2.06746, 53.53786]}}, {"type": "Feature", "properties": {"t": "2412-Other sport and recreation constructions"}, "geometry": {"type": "Point", "coordinates": [-2.07091, 53.53786]}}, {"type": "Feature", "properties": {"t": "2412-Other sport and recreation constructions"}, "geometry": {"type": "Point", "coordinates": [-2.06727, 53.53786]}}, {"type": "Feature", "properties": {"t": "2412-Other sport and recreation constructions"}, "geometry": {"type": "Point", "coordinates": [-2.06568, 53.53787]}}, {"type": "Feature", "properties": {"t": "2412-Other sport and recreation constructions"}, "geometry": {"type": "Point", "coordinates": [-2.06721, 53.53787]}}, {"type": "Feature", "properties": {"t": "2412-Other sport and recreation constructions"}, "geometry": {"type": "Point", "coordinates": [-2.06733, 53.53787]}}, {"type": "Feature", "properties": {"t": "2412-Other sport and recreation constructions"}, "geometry": {"type": "Point", "coordinates": [-2.0656, 53.53787]}}, {"type": "Feature", "properties": {"t": "2412-Other sport and recreation constructions"}, "geometry": {"type": "Point", "coordinates": [-2.06715, 53.53788]}}, {"type": "Feature", "properties": {"t": "2412-Other sport and recreation constructions"}, "geometry": {"type": "Point", "coordinates": [-2.06708, 53.53788]}}, {"type": "Feature", "properties": {"t": "2412-Other sport and recreation constructions"}, "geometry": {"type": "Point", "coordinates": [-2.06552, 53.53788]}}, {"type": "Feature", "properties": {"t": "2412-Other sport and recreation constructions"}, "geometry": {"type": "Point", "coordinates": [-2.06702, 53.53788]}}, {"type": "Feature", "properties": {"t": "2412-Other sport and recreation constructions"}, "geometry": {"type": "Point", "coordinates": [-2.06757, 53.53788]}}, {"type": "Feature", "properties": {"t": "2412-Other sport and recreation constructions"}, "geometry": {"type": "Point", "coordinates": [-2.06696, 53.53789]}}, {"type": "Feature", "properties": {"t": "2412-Other sport and recreation constructions"}, "geometry": {"type": "Point", "coordinates": [-2.0674, 53.53789]}}, {"type": "Feature", "properties": {"t": "2412-Other sport and recreation constructions"}, "geometry": {"type": "Point", "coordinates": [-2.07064, 53.5379]}}, {"type": "Feature", "properties": {"t": "2412-Other sport and recreation constructions"}, "geometry": {"type": "Point", "coordinates": [-2.06998, 53.53792]}}, {"type": "Feature", "properties": {"t": "2412-Other sport and recreation constructions"}, "geometry": {"type": "Point", "coordinates": [-2.06651, 53.53792]}}, {"type": "Feature", "properties": {"t": "2412-Other sport and recreation constructions"}, "geometry": {"type": "Point", "coordinates": [-2.0707, 53.53793]}}, {"type": "Feature", "properties": {"t": "2412-Other sport and recreation constructions"}, "geometry": {"type": "Point", "coordinates": [-2.06644, 53.53793]}}, {"type": "Feature", "properties": {"t": "2412-Other sport and recreation constructions"}, "geometry": {"type": "Point", "coordinates": [-2.06636, 53.53794]}}, {"type": "Feature", "properties": {"t": "2412-Other sport and recreation constructions"}, "geometry": {"type": "Point", "coordinates": [-2.06609, 53.53794]}}, {"type": "Feature", "properties": {"t": "2412-Other sport and recreation constructions"}, "geometry": {"type": "Point", "coordinates": [-2.06958, 53.53795]}}, {"type": "Feature", "properties": {"t": "2412-Other sport and recreation constructions"}, "geometry": {"type": "Point", "coordinates": [-2.07036, 53.53795]}}, {"type": "Feature", "properties": {"t": "2412-Other sport and recreation constructions"}, "geometry": {"type": "Point", "coordinates": [-2.07026, 53.53795]}}, {"type": "Feature", "properties": {"t": "2412-Other sport and recreation constructions"}, "geometry": {"type": "Point", "coordinates": [-2.07017, 53.53795]}}, {"type": "Feature", "properties": {"t": "2412-Other sport and recreation constructions"}, "geometry": {"type": "Point", "coordinates": [-2.07008, 53.53795]}}, {"type": "Feature", "properties": {"t": "2412-Other sport and recreation constructions"}, "geometry": {"type": "Point", "coordinates": [-2.06989, 53.53794]}}, {"type": "Feature", "properties": {"t": "2412-Other sport and recreation constructions"}, "geometry": {"type": "Point", "coordinates": [-2.0663, 53.53796]}}, {"type": "Feature", "properties": {"t": "2412-Other sport and recreation constructions"}, "geometry": {"type": "Point", "coordinates": [-2.06719, 53.53795]}}, {"type": "Feature", "properties": {"t": "2412-Other sport and recreation constructions"}, "geometry": {"type": "Point", "coordinates": [-2.06623, 53.53797]}}, {"type": "Feature", "properties": {"t": "2412-Other sport and recreation constructions"}, "geometry": {"type": "Point", "coordinates": [-2.06448, 53.53797]}}, {"type": "Feature", "properties": {"t": "2412-Other sport and recreation constructions"}, "geometry": {"type": "Point", "coordinates": [-2.06937, 53.53797]}}, {"type": "Feature", "properties": {"t": "2412-Other sport and recreation constructions"}, "geometry": {"type": "Point", "coordinates": [-2.06441, 53.53797]}}, {"type": "Feature", "properties": {"t": "2412-Other sport and recreation constructions"}, "geometry": {"type": "Point", "coordinates": [-2.06666, 53.53795]}}, {"type": "Feature", "properties": {"t": "2412-Other sport and recreation constructions"}, "geometry": {"type": "Point", "coordinates": [-2.06617, 53.53797]}}, {"type": "Feature", "properties": {"t": "2412-Other sport and recreation constructions"}, "geometry": {"type": "Point", "coordinates": [-2.06435, 53.53797]}}, {"type": "Feature", "properties": {"t": "2412-Other sport and recreation constructions"}, "geometry": {"type": "Point", "coordinates": [-2.06677, 53.53798]}}, {"type": "Feature", "properties": {"t": "2412-Other sport and recreation constructions"}, "geometry": {"type": "Point", "coordinates": [-2.06236, 53.53793]}}, {"type": "Feature", "properties": {"t": "2412-Other sport and recreation constructions"}, "geometry": {"type": "Point", "coordinates": [-2.06254, 53.53794]}}, {"type": "Feature", "properties": {"t": "2412-Other sport and recreation constructions"}, "geometry": {"type": "Point", "coordinates": [-2.06268, 53.53796]}}, {"type": "Feature", "properties": {"t": "2412-Other sport and recreation constructions"}, "geometry": {"type": "Point", "coordinates": [-2.06275, 53.53797]}}, {"type": "Feature", "properties": {"t": "2412-Other sport and recreation constructions"}, "geometry": {"type": "Point", "coordinates": [-2.06177, 53.53799]}}, {"type": "Feature", "properties": {"t": "2412-Other sport and recreation constructions"}, "geometry": {"type": "Point", "coordinates": [-2.06188, 53.53801]}}, {"type": "Feature", "properties": {"t": "2412-Other sport and recreation constructions"}, "geometry": {"type": "Point", "coordinates": [-2.06194, 53.53802]}}, {"type": "Feature", "properties": {"t": "2412-Other sport and recreation constructions"}, "geometry": {"type": "Point", "coordinates": [-2.06388, 53.53803]}}, {"type": "Feature", "properties": {"t": "2412-Other sport and recreation constructions"}, "geometry": {"type": "Point", "coordinates": [-2.062, 53.53804]}}, {"type": "Feature", "properties": {"t": "2412-Other sport and recreation constructions"}, "geometry": {"type": "Point", "coordinates": [-2.06382, 53.53803]}}, {"type": "Feature", "properties": {"t": "2412-Other sport and recreation constructions"}, "geometry": {"type": "Point", "coordinates": [-2.07311, 53.53732]}}, {"type": "Feature", "properties": {"t": "2412-Other sport and recreation constructions"}, "geometry": {"type": "Point", "coordinates": [-2.0744, 53.53732]}}, {"type": "Feature", "properties": {"t": "2412-Other sport and recreation constructions"}, "geometry": {"type": "Point", "coordinates": [-2.07318, 53.53733]}}, {"type": "Feature", "properties": {"t": "2412-Other sport and recreation constructions"}, "geometry": {"type": "Point", "coordinates": [-2.07446, 53.53733]}}, {"type": "Feature", "properties": {"t": "2412-Other sport and recreation constructions"}, "geometry": {"type": "Point", "coordinates": [-2.07455, 53.53734]}}, {"type": "Feature", "properties": {"t": "2412-Other sport and recreation constructions"}, "geometry": {"type": "Point", "coordinates": [-2.07356, 53.53734]}}, {"type": "Feature", "properties": {"t": "2412-Other sport and recreation constructions"}, "geometry": {"type": "Point", "coordinates": [-2.07519, 53.53735]}}, {"type": "Feature", "properties": {"t": "2412-Other sport and recreation constructions"}, "geometry": {"type": "Point", "coordinates": [-2.07467, 53.53735]}}, {"type": "Feature", "properties": {"t": "2412-Other sport and recreation constructions"}, "geometry": {"type": "Point", "coordinates": [-2.07355, 53.53738]}}, {"type": "Feature", "properties": {"t": "2412-Other sport and recreation constructions"}, "geometry": {"type": "Point", "coordinates": [-2.07379, 53.53736]}}, {"type": "Feature", "properties": {"t": "2412-Other sport and recreation constructions"}, "geometry": {"type": "Point", "coordinates": [-2.07255, 53.53741]}}, {"type": "Feature", "properties": {"t": "2412-Other sport and recreation constructions"}, "geometry": {"type": "Point", "coordinates": [-2.07262, 53.5374]}}, {"type": "Feature", "properties": {"t": "2412-Other sport and recreation constructions"}, "geometry": {"type": "Point", "coordinates": [-2.0746, 53.53741]}}, {"type": "Feature", "properties": {"t": "2412-Other sport and recreation constructions"}, "geometry": {"type": "Point", "coordinates": [-2.07268, 53.53742]}}, {"type": "Feature", "properties": {"t": "2412-Other sport and recreation constructions"}, "geometry": {"type": "Point", "coordinates": [-2.07275, 53.53742]}}, {"type": "Feature", "properties": {"t": "2412-Other sport and recreation constructions"}, "geometry": {"type": "Point", "coordinates": [-2.07356, 53.53742]}}, {"type": "Feature", "properties": {"t": "2412-Other sport and recreation constructions"}, "geometry": {"type": "Point", "coordinates": [-2.07281, 53.53743]}}, {"type": "Feature", "properties": {"t": "2412-Other sport and recreation constructions"}, "geometry": {"type": "Point", "coordinates": [-2.07288, 53.53743]}}, {"type": "Feature", "properties": {"t": "2412-Other sport and recreation constructions"}, "geometry": {"type": "Point", "coordinates": [-2.07295, 53.53744]}}, {"type": "Feature", "properties": {"t": "2412-Other sport and recreation constructions"}, "geometry": {"type": "Point", "coordinates": [-2.07308, 53.53745]}}, {"type": "Feature", "properties": {"t": "2412-Other sport and recreation constructions"}, "geometry": {"type": "Point", "coordinates": [-2.07455, 53.53745]}}, {"type": "Feature", "properties": {"t": "2412-Other sport and recreation constructions"}, "geometry": {"type": "Point", "coordinates": [-2.07301, 53.53746]}}, {"type": "Feature", "properties": {"t": "2412-Other sport and recreation constructions"}, "geometry": {"type": "Point", "coordinates": [-2.07316, 53.53746]}}, {"type": "Feature", "properties": {"t": "2412-Other sport and recreation constructions"}, "geometry": {"type": "Point", "coordinates": [-2.07233, 53.53747]}}, {"type": "Feature", "properties": {"t": "2412-Other sport and recreation constructions"}, "geometry": {"type": "Point", "coordinates": [-2.07363, 53.53747]}}, {"type": "Feature", "properties": {"t": "2412-Other sport and recreation constructions"}, "geometry": {"type": "Point", "coordinates": [-2.07449, 53.53749]}}, {"type": "Feature", "properties": {"t": "2412-Other sport and recreation constructions"}, "geometry": {"type": "Point", "coordinates": [-2.07242, 53.53749]}}, {"type": "Feature", "properties": {"t": "2412-Other sport and recreation constructions"}, "geometry": {"type": "Point", "coordinates": [-2.07249, 53.5375]}}, {"type": "Feature", "properties": {"t": "2412-Other sport and recreation constructions"}, "geometry": {"type": "Point", "coordinates": [-2.07257, 53.5375]}}, {"type": "Feature", "properties": {"t": "2412-Other sport and recreation constructions"}, "geometry": {"type": "Point", "coordinates": [-2.07264, 53.53751]}}, {"type": "Feature", "properties": {"t": "2412-Other sport and recreation constructions"}, "geometry": {"type": "Point", "coordinates": [-2.07277, 53.53751]}}, {"type": "Feature", "properties": {"t": "2412-Other sport and recreation constructions"}, "geometry": {"type": "Point", "coordinates": [-2.07271, 53.53751]}}, {"type": "Feature", "properties": {"t": "2412-Other sport and recreation constructions"}, "geometry": {"type": "Point", "coordinates": [-2.07347, 53.53751]}}, {"type": "Feature", "properties": {"t": "2412-Other sport and recreation constructions"}, "geometry": {"type": "Point", "coordinates": [-2.07284, 53.53752]}}, {"type": "Feature", "properties": {"t": "2412-Other sport and recreation constructions"}, "geometry": {"type": "Point", "coordinates": [-2.07358, 53.53751]}}, {"type": "Feature", "properties": {"t": "2412-Other sport and recreation constructions"}, "geometry": {"type": "Point", "coordinates": [-2.07372, 53.53751]}}, {"type": "Feature", "properties": {"t": "2412-Other sport and recreation constructions"}, "geometry": {"type": "Point", "coordinates": [-2.07364, 53.53752]}}, {"type": "Feature", "properties": {"t": "2412-Other sport and recreation constructions"}, "geometry": {"type": "Point", "coordinates": [-2.075, 53.53753]}}, {"type": "Feature", "properties": {"t": "2412-Other sport and recreation constructions"}, "geometry": {"type": "Point", "coordinates": [-2.07302, 53.53754]}}, {"type": "Feature", "properties": {"t": "2412-Other sport and recreation constructions"}, "geometry": {"type": "Point", "coordinates": [-2.07512, 53.53755]}}, {"type": "Feature", "properties": {"t": "2412-Other sport and recreation constructions"}, "geometry": {"type": "Point", "coordinates": [-2.07445, 53.53756]}}, {"type": "Feature", "properties": {"t": "2412-Other sport and recreation constructions"}, "geometry": {"type": "Point", "coordinates": [-2.07293, 53.53755]}}, {"type": "Feature", "properties": {"t": "2412-Other sport and recreation constructions"}, "geometry": {"type": "Point", "coordinates": [-2.07494, 53.53758]}}, {"type": "Feature", "properties": {"t": "2412-Other sport and recreation constructions"}, "geometry": {"type": "Point", "coordinates": [-2.07668, 53.53755]}}, {"type": "Feature", "properties": {"t": "2412-Other sport and recreation constructions"}, "geometry": {"type": "Point", "coordinates": [-2.07488, 53.53763]}}, {"type": "Feature", "properties": {"t": "2412-Other sport and recreation constructions"}, "geometry": {"type": "Point", "coordinates": [-2.07481, 53.53768]}}, {"type": "Feature", "properties": {"t": "2412-Other sport and recreation constructions"}, "geometry": {"type": "Point", "coordinates": [-2.07599, 53.53768]}}, {"type": "Feature", "properties": {"t": "2412-Other sport and recreation constructions"}, "geometry": {"type": "Point", "coordinates": [-2.07582, 53.53771]}}, {"type": "Feature", "properties": {"t": "2412-Other sport and recreation constructions"}, "geometry": {"type": "Point", "coordinates": [-2.07576, 53.53773]}}, {"type": "Feature", "properties": {"t": "2412-Other sport and recreation constructions"}, "geometry": {"type": "Point", "coordinates": [-2.07431, 53.53774]}}, {"type": "Feature", "properties": {"t": "2412-Other sport and recreation constructions"}, "geometry": {"type": "Point", "coordinates": [-2.07569, 53.53775]}}, {"type": "Feature", "properties": {"t": "2412-Other sport and recreation constructions"}, "geometry": {"type": "Point", "coordinates": [-2.07642, 53.53777]}}, {"type": "Feature", "properties": {"t": "2412-Other sport and recreation constructions"}, "geometry": {"type": "Point", "coordinates": [-2.07421, 53.53778]}}, {"type": "Feature", "properties": {"t": "2412-Other sport and recreation constructions"}, "geometry": {"type": "Point", "coordinates": [-2.07413, 53.53777]}}, {"type": "Feature", "properties": {"t": "2412-Other sport and recreation constructions"}, "geometry": {"type": "Point", "coordinates": [-2.07365, 53.53781]}}, {"type": "Feature", "properties": {"t": "2412-Other sport and recreation constructions"}, "geometry": {"type": "Point", "coordinates": [-2.07391, 53.53778]}}, {"type": "Feature", "properties": {"t": "2412-Other sport and recreation constructions"}, "geometry": {"type": "Point", "coordinates": [-2.07406, 53.53778]}}, {"type": "Feature", "properties": {"t": "2412-Other sport and recreation constructions"}, "geometry": {"type": "Point", "coordinates": [-2.07373, 53.53781]}}, {"type": "Feature", "properties": {"t": "2412-Other sport and recreation constructions"}, "geometry": {"type": "Point", "coordinates": [-2.07564, 53.53782]}}, {"type": "Feature", "properties": {"t": "2412-Other sport and recreation constructions"}, "geometry": {"type": "Point", "coordinates": [-2.07294, 53.53783]}}, {"type": "Feature", "properties": {"t": "2412-Other sport and recreation constructions"}, "geometry": {"type": "Point", "coordinates": [-2.07298, 53.53783]}}, {"type": "Feature", "properties": {"t": "2412-Other sport and recreation constructions"}, "geometry": {"type": "Point", "coordinates": [-2.07284, 53.53784]}}, {"type": "Feature", "properties": {"t": "2412-Other sport and recreation constructions"}, "geometry": {"type": "Point", "coordinates": [-2.07378, 53.53784]}}, {"type": "Feature", "properties": {"t": "2412-Other sport and recreation constructions"}, "geometry": {"type": "Point", "coordinates": [-2.07548, 53.53786]}}, {"type": "Feature", "properties": {"t": "2412-Other sport and recreation constructions"}, "geometry": {"type": "Point", "coordinates": [-2.07307, 53.53786]}}, {"type": "Feature", "properties": {"t": "2412-Other sport and recreation constructions"}, "geometry": {"type": "Point", "coordinates": [-2.07585, 53.53798]}}, {"type": "Feature", "properties": {"t": "2412-Other sport and recreation constructions"}, "geometry": {"type": "Point", "coordinates": [-2.07632, 53.538]}}, {"type": "Feature", "properties": {"t": "2412-Other sport and recreation constructions"}, "geometry": {"type": "Point", "coordinates": [-2.07566, 53.53804]}}, {"type": "Feature", "properties": {"t": "2412-Other sport and recreation constructions"}, "geometry": {"type": "Point", "coordinates": [-2.07586, 53.53809]}}, {"type": "Feature", "properties": {"t": "2412-Other sport and recreation constructions"}, "geometry": {"type": "Point", "coordinates": [-2.07609, 53.5381]}}, {"type": "Feature", "properties": {"t": "2412-Other sport and recreation constructions"}, "geometry": {"type": "Point", "coordinates": [-2.07196, 53.53812]}}, {"type": "Feature", "properties": {"t": "2412-Other sport and recreation constructions"}, "geometry": {"type": "Point", "coordinates": [-2.07585, 53.53812]}}, {"type": "Feature", "properties": {"t": "2412-Other sport and recreation constructions"}, "geometry": {"type": "Point", "coordinates": [-2.07199, 53.53812]}}, {"type": "Feature", "properties": {"t": "2412-Other sport and recreation constructions"}, "geometry": {"type": "Point", "coordinates": [-2.07562, 53.53813]}}, {"type": "Feature", "properties": {"t": "2412-Other sport and recreation constructions"}, "geometry": {"type": "Point", "coordinates": [-2.07627, 53.53815]}}, {"type": "Feature", "properties": {"t": "2412-Other sport and recreation constructions"}, "geometry": {"type": "Point", "coordinates": [-2.07204, 53.53815]}}, {"type": "Feature", "properties": {"t": "2412-Other sport and recreation constructions"}, "geometry": {"type": "Point", "coordinates": [-2.07208, 53.53819]}}, {"type": "Feature", "properties": {"t": "2412-Other sport and recreation constructions"}, "geometry": {"type": "Point", "coordinates": [-2.07605, 53.53819]}}, {"type": "Feature", "properties": {"t": "2412-Other sport and recreation constructions"}, "geometry": {"type": "Point", "coordinates": [-2.07581, 53.53819]}}, {"type": "Feature", "properties": {"t": "2412-Other sport and recreation constructions"}, "geometry": {"type": "Point", "coordinates": [-2.07559, 53.53821]}}, {"type": "Feature", "properties": {"t": "2412-Other sport and recreation constructions"}, "geometry": {"type": "Point", "coordinates": [-2.07271, 53.53822]}}, {"type": "Feature", "properties": {"t": "2412-Other sport and recreation constructions"}, "geometry": {"type": "Point", "coordinates": [-2.07327, 53.53822]}}, {"type": "Feature", "properties": {"t": "2412-Other sport and recreation constructions"}, "geometry": {"type": "Point", "coordinates": [-2.07622, 53.53823]}}, {"type": "Feature", "properties": {"t": "2412-Other sport and recreation constructions"}, "geometry": {"type": "Point", "coordinates": [-2.07579, 53.53823]}}, {"type": "Feature", "properties": {"t": "2412-Other sport and recreation constructions"}, "geometry": {"type": "Point", "coordinates": [-2.07283, 53.53824]}}, {"type": "Feature", "properties": {"t": "2412-Other sport and recreation constructions"}, "geometry": {"type": "Point", "coordinates": [-2.07321, 53.53824]}}, {"type": "Feature", "properties": {"t": "2412-Other sport and recreation constructions"}, "geometry": {"type": "Point", "coordinates": [-2.07272, 53.53826]}}, {"type": "Feature", "properties": {"t": "2412-Other sport and recreation constructions"}, "geometry": {"type": "Point", "coordinates": [-2.07277, 53.53827]}}, {"type": "Feature", "properties": {"t": "2412-Other sport and recreation constructions"}, "geometry": {"type": "Point", "coordinates": [-2.07283, 53.53828]}}, {"type": "Feature", "properties": {"t": "2412-Other sport and recreation constructions"}, "geometry": {"type": "Point", "coordinates": [-2.07289, 53.53828]}}, {"type": "Feature", "properties": {"t": "2412-Other sport and recreation constructions"}, "geometry": {"type": "Point", "coordinates": [-2.07556, 53.53829]}}, {"type": "Feature", "properties": {"t": "2412-Other sport and recreation constructions"}, "geometry": {"type": "Point", "coordinates": [-2.07595, 53.5383]}}, {"type": "Feature", "properties": {"t": "2412-Other sport and recreation constructions"}, "geometry": {"type": "Point", "coordinates": [-2.07616, 53.53832]}}, {"type": "Feature", "properties": {"t": "2412-Other sport and recreation constructions"}, "geometry": {"type": "Point", "coordinates": [-2.07397, 53.53832]}}, {"type": "Feature", "properties": {"t": "2412-Other sport and recreation constructions"}, "geometry": {"type": "Point", "coordinates": [-2.07326, 53.53833]}}, {"type": "Feature", "properties": {"t": "2412-Other sport and recreation constructions"}, "geometry": {"type": "Point", "coordinates": [-2.07572, 53.53836]}}, {"type": "Feature", "properties": {"t": "2412-Other sport and recreation constructions"}, "geometry": {"type": "Point", "coordinates": [-2.07393, 53.53837]}}, {"type": "Feature", "properties": {"t": "2412-Other sport and recreation constructions"}, "geometry": {"type": "Point", "coordinates": [-2.07571, 53.53838]}}, {"type": "Feature", "properties": {"t": "2412-Other sport and recreation constructions"}, "geometry": {"type": "Point", "coordinates": [-2.0755, 53.53838]}}, {"type": "Feature", "properties": {"t": "2412-Other sport and recreation constructions"}, "geometry": {"type": "Point", "coordinates": [-2.07229, 53.53836]}}, {"type": "Feature", "properties": {"t": "2412-Other sport and recreation constructions"}, "geometry": {"type": "Point", "coordinates": [-2.10574, 53.5373]}}, {"type": "Feature", "properties": {"t": "2412-Other sport and recreation constructions"}, "geometry": {"type": "Point", "coordinates": [-2.10611, 53.5374]}}, {"type": "Feature", "properties": {"t": "2412-Other sport and recreation constructions"}, "geometry": {"type": "Point", "coordinates": [-2.10623, 53.53745]}}, {"type": "Feature", "properties": {"t": "2412-Other sport and recreation constructions"}, "geometry": {"type": "Point", "coordinates": [-2.10641, 53.5375]}}, {"type": "Feature", "properties": {"t": "2412-Other sport and recreation constructions"}, "geometry": {"type": "Point", "coordinates": [-2.10598, 53.53752]}}, {"type": "Feature", "properties": {"t": "2412-Other sport and recreation constructions"}, "geometry": {"type": "Point", "coordinates": [-2.10613, 53.53753]}}, {"type": "Feature", "properties": {"t": "2412-Other sport and recreation constructions"}, "geometry": {"type": "Point", "coordinates": [-2.10659, 53.53758]}}, {"type": "Feature", "properties": {"t": "2412-Other sport and recreation constructions"}, "geometry": {"type": "Point", "coordinates": [-2.10605, 53.5376]}}, {"type": "Feature", "properties": {"t": "2412-Other sport and recreation constructions"}, "geometry": {"type": "Point", "coordinates": [-2.10587, 53.53761]}}, {"type": "Feature", "properties": {"t": "2412-Other sport and recreation constructions"}, "geometry": {"type": "Point", "coordinates": [-2.10597, 53.53766]}}, {"type": "Feature", "properties": {"t": "2412-Other sport and recreation constructions"}, "geometry": {"type": "Point", "coordinates": [-2.10556, 53.53744]}}, {"type": "Feature", "properties": {"t": "2412-Other sport and recreation constructions"}, "geometry": {"type": "Point", "coordinates": [-2.10512, 53.53747]}}, {"type": "Feature", "properties": {"t": "2412-Other sport and recreation constructions"}, "geometry": {"type": "Point", "coordinates": [-2.10549, 53.53749]}}, {"type": "Feature", "properties": {"t": "2412-Other sport and recreation constructions"}, "geometry": {"type": "Point", "coordinates": [-2.10452, 53.5375]}}, {"type": "Feature", "properties": {"t": "2412-Other sport and recreation constructions"}, "geometry": {"type": "Point", "coordinates": [-2.10547, 53.53752]}}, {"type": "Feature", "properties": {"t": "2412-Other sport and recreation constructions"}, "geometry": {"type": "Point", "coordinates": [-2.10505, 53.53754]}}, {"type": "Feature", "properties": {"t": "2412-Other sport and recreation constructions"}, "geometry": {"type": "Point", "coordinates": [-2.10539, 53.53757]}}, {"type": "Feature", "properties": {"t": "2412-Other sport and recreation constructions"}, "geometry": {"type": "Point", "coordinates": [-2.1044, 53.53761]}}, {"type": "Feature", "properties": {"t": "2412-Other sport and recreation constructions"}, "geometry": {"type": "Point", "coordinates": [-2.10528, 53.53766]}}, {"type": "Feature", "properties": {"t": "2412-Other sport and recreation constructions"}, "geometry": {"type": "Point", "coordinates": [-2.10449, 53.53768]}}, {"type": "Feature", "properties": {"t": "2412-Other sport and recreation constructions"}, "geometry": {"type": "Point", "coordinates": [-2.10669, 53.53767]}}, {"type": "Feature", "properties": {"t": "2412-Other sport and recreation constructions"}, "geometry": {"type": "Point", "coordinates": [-2.10573, 53.53771]}}, {"type": "Feature", "properties": {"t": "2412-Other sport and recreation constructions"}, "geometry": {"type": "Point", "coordinates": [-2.10589, 53.53772]}}, {"type": "Feature", "properties": {"t": "2412-Other sport and recreation constructions"}, "geometry": {"type": "Point", "coordinates": [-2.1068, 53.53772]}}, {"type": "Feature", "properties": {"t": "2412-Other sport and recreation constructions"}, "geometry": {"type": "Point", "coordinates": [-2.10657, 53.53776]}}, {"type": "Feature", "properties": {"t": "2412-Other sport and recreation constructions"}, "geometry": {"type": "Point", "coordinates": [-2.10581, 53.53778]}}, {"type": "Feature", "properties": {"t": "2412-Other sport and recreation constructions"}, "geometry": {"type": "Point", "coordinates": [-2.10668, 53.53781]}}, {"type": "Feature", "properties": {"t": "2412-Other sport and recreation constructions"}, "geometry": {"type": "Point", "coordinates": [-2.10647, 53.53785]}}, {"type": "Feature", "properties": {"t": "2412-Other sport and recreation constructions"}, "geometry": {"type": "Point", "coordinates": [-2.10573, 53.53786]}}, {"type": "Feature", "properties": {"t": "2412-Other sport and recreation constructions"}, "geometry": {"type": "Point", "coordinates": [-2.10657, 53.5379]}}, {"type": "Feature", "properties": {"t": "2412-Other sport and recreation constructions"}, "geometry": {"type": "Point", "coordinates": [-2.10458, 53.53772]}}, {"type": "Feature", "properties": {"t": "2412-Other sport and recreation constructions"}, "geometry": {"type": "Point", "coordinates": [-2.10464, 53.53775]}}, {"type": "Feature", "properties": {"t": "2412-Other sport and recreation constructions"}, "geometry": {"type": "Point", "coordinates": [-2.10474, 53.53779]}}, {"type": "Feature", "properties": {"t": "2412-Other sport and recreation constructions"}, "geometry": {"type": "Point", "coordinates": [-2.1048, 53.53782]}}, {"type": "Feature", "properties": {"t": "2412-Other sport and recreation constructions"}, "geometry": {"type": "Point", "coordinates": [-2.10506, 53.53788]}}, {"type": "Feature", "properties": {"t": "2412-Other sport and recreation constructions"}, "geometry": {"type": "Point", "coordinates": [-2.10489, 53.53786]}}, {"type": "Feature", "properties": {"t": "2412-Other sport and recreation constructions"}, "geometry": {"type": "Point", "coordinates": [-2.10564, 53.53793]}}, {"type": "Feature", "properties": {"t": "2412-Other sport and recreation constructions"}, "geometry": {"type": "Point", "coordinates": [-2.10562, 53.53807]}}, {"type": "Feature", "properties": {"t": "2412-Other sport and recreation constructions"}, "geometry": {"type": "Point", "coordinates": [-2.10539, 53.53813]}}, {"type": "Feature", "properties": {"t": "2412-Other sport and recreation constructions"}, "geometry": {"type": "Point", "coordinates": [-2.10553, 53.53818]}}, {"type": "Feature", "properties": {"t": "2412-Other sport and recreation constructions"}, "geometry": {"type": "Point", "coordinates": [-2.10636, 53.53793]}}, {"type": "Feature", "properties": {"t": "2412-Other sport and recreation constructions"}, "geometry": {"type": "Point", "coordinates": [-2.10646, 53.53798]}}, {"type": "Feature", "properties": {"t": "2412-Other sport and recreation constructions"}, "geometry": {"type": "Point", "coordinates": [-2.10625, 53.53802]}}, {"type": "Feature", "properties": {"t": "2412-Other sport and recreation constructions"}, "geometry": {"type": "Point", "coordinates": [-2.10635, 53.53806]}}, {"type": "Feature", "properties": {"t": "2412-Other sport and recreation constructions"}, "geometry": {"type": "Point", "coordinates": [-2.10614, 53.53811]}}, {"type": "Feature", "properties": {"t": "2412-Other sport and recreation constructions"}, "geometry": {"type": "Point", "coordinates": [-2.10625, 53.53816]}}, {"type": "Feature", "properties": {"t": "2412-Other sport and recreation constructions"}, "geometry": {"type": "Point", "coordinates": [-2.10588, 53.53818]}}, {"type": "Feature", "properties": {"t": "2412-Other sport and recreation constructions"}, "geometry": {"type": "Point", "coordinates": [-2.10601, 53.5382]}}, {"type": "Feature", "properties": {"t": "2412-Other sport and recreation constructions"}, "geometry": {"type": "Point", "coordinates": [-2.1061, 53.53824]}}, {"type": "Feature", "properties": {"t": "2412-Other sport and recreation constructions"}, "geometry": {"type": "Point", "coordinates": [-2.10573, 53.53827]}}, {"type": "Feature", "properties": {"t": "2412-Other sport and recreation constructions"}, "geometry": {"type": "Point", "coordinates": [-2.10499, 53.53817]}}, {"type": "Feature", "properties": {"t": "2412-Other sport and recreation constructions"}, "geometry": {"type": "Point", "coordinates": [-2.1051, 53.53822]}}, {"type": "Feature", "properties": {"t": "2412-Other sport and recreation constructions"}, "geometry": {"type": "Point", "coordinates": [-2.10424, 53.53835]}}, {"type": "Feature", "properties": {"t": "2412-Other sport and recreation constructions"}, "geometry": {"type": "Point", "coordinates": [-2.10506, 53.53836]}}, {"type": "Feature", "properties": {"t": "2412-Other sport and recreation constructions"}, "geometry": {"type": "Point", "coordinates": [-2.10557, 53.53837]}}, {"type": "Feature", "properties": {"t": "2412-Other sport and recreation constructions"}, "geometry": {"type": "Point", "coordinates": [-2.10515, 53.53838]}}, {"type": "Feature", "properties": {"t": "2412-Other sport and recreation constructions"}, "geometry": {"type": "Point", "coordinates": [-2.10563, 53.53839]}}, {"type": "Feature", "properties": {"t": "2412-Other sport and recreation constructions"}, "geometry": {"type": "Point", "coordinates": [-2.10415, 53.5384]}}, {"type": "Feature", "properties": {"t": "2412-Other sport and recreation constructions"}, "geometry": {"type": "Point", "coordinates": [-2.10524, 53.53841]}}, {"type": "Feature", "properties": {"t": "2412-Other sport and recreation constructions"}, "geometry": {"type": "Point", "coordinates": [-2.105, 53.53844]}}, {"type": "Feature", "properties": {"t": "2412-Other sport and recreation constructions"}, "geometry": {"type": "Point", "coordinates": [-2.1041, 53.53846]}}, {"type": "Feature", "properties": {"t": "2412-Other sport and recreation constructions"}, "geometry": {"type": "Point", "coordinates": [-2.10511, 53.53847]}}, {"type": "Feature", "properties": {"t": "2412-Other sport and recreation constructions"}, "geometry": {"type": "Point", "coordinates": [-2.10544, 53.53848]}}, {"type": "Feature", "properties": {"t": "2412-Other sport and recreation constructions"}, "geometry": {"type": "Point", "coordinates": [-2.10549, 53.5385]}}, {"type": "Feature", "properties": {"t": "2412-Other sport and recreation constructions"}, "geometry": {"type": "Point", "coordinates": [-2.10456, 53.5385]}}, {"type": "Feature", "properties": {"t": "2412-Other sport and recreation constructions"}, "geometry": {"type": "Point", "coordinates": [-2.10556, 53.53853]}}, {"type": "Feature", "properties": {"t": "2412-Other sport and recreation constructions"}, "geometry": {"type": "Point", "coordinates": [-2.10463, 53.53853]}}, {"type": "Feature", "properties": {"t": "2412-Other sport and recreation constructions"}, "geometry": {"type": "Point", "coordinates": [-2.10404, 53.53854]}}, {"type": "Feature", "properties": {"t": "2412-Other sport and recreation constructions"}, "geometry": {"type": "Point", "coordinates": [-2.10471, 53.53857]}}, {"type": "Feature", "properties": {"t": "2412-Other sport and recreation constructions"}, "geometry": {"type": "Point", "coordinates": [-2.10397, 53.53859]}}, {"type": "Feature", "properties": {"t": "2412-Other sport and recreation constructions"}, "geometry": {"type": "Point", "coordinates": [-2.10551, 53.53858]}}, {"type": "Feature", "properties": {"t": "2412-Other sport and recreation constructions"}, "geometry": {"type": "Point", "coordinates": [-2.10475, 53.53862]}}, {"type": "Feature", "properties": {"t": "2412-Other sport and recreation constructions"}, "geometry": {"type": "Point", "coordinates": [-2.10545, 53.53863]}}, {"type": "Feature", "properties": {"t": "2412-Other sport and recreation constructions"}, "geometry": {"type": "Point", "coordinates": [-2.10469, 53.53866]}}, {"type": "Feature", "properties": {"t": "2412-Other sport and recreation constructions"}, "geometry": {"type": "Point", "coordinates": [-2.10543, 53.53865]}}, {"type": "Feature", "properties": {"t": "2412-Other sport and recreation constructions"}, "geometry": {"type": "Point", "coordinates": [-2.10432, 53.5387]}}, {"type": "Feature", "properties": {"t": "2412-Other sport and recreation constructions"}, "geometry": {"type": "Point", "coordinates": [-2.10463, 53.5387]}}, {"type": "Feature", "properties": {"t": "2412-Other sport and recreation constructions"}, "geometry": {"type": "Point", "coordinates": [-2.10368, 53.53871]}}, {"type": "Feature", "properties": {"t": "2412-Other sport and recreation constructions"}, "geometry": {"type": "Point", "coordinates": [-2.10365, 53.53871]}}, {"type": "Feature", "properties": {"t": "2412-Other sport and recreation constructions"}, "geometry": {"type": "Point", "coordinates": [-2.10441, 53.53873]}}, {"type": "Feature", "properties": {"t": "2412-Other sport and recreation constructions"}, "geometry": {"type": "Point", "coordinates": [-2.10358, 53.53874]}}, {"type": "Feature", "properties": {"t": "2412-Other sport and recreation constructions"}, "geometry": {"type": "Point", "coordinates": [-2.10457, 53.53875]}}, {"type": "Feature", "properties": {"t": "2412-Other sport and recreation constructions"}, "geometry": {"type": "Point", "coordinates": [-2.10391, 53.53876]}}, {"type": "Feature", "properties": {"t": "2412-Other sport and recreation constructions"}, "geometry": {"type": "Point", "coordinates": [-2.10353, 53.53876]}}, {"type": "Feature", "properties": {"t": "2412-Other sport and recreation constructions"}, "geometry": {"type": "Point", "coordinates": [-2.10446, 53.53877]}}, {"type": "Feature", "properties": {"t": "2412-Other sport and recreation constructions"}, "geometry": {"type": "Point", "coordinates": [-2.10345, 53.53877]}}, {"type": "Feature", "properties": {"t": "2412-Other sport and recreation constructions"}, "geometry": {"type": "Point", "coordinates": [-2.1034, 53.53879]}}, {"type": "Feature", "properties": {"t": "2412-Other sport and recreation constructions"}, "geometry": {"type": "Point", "coordinates": [-2.10453, 53.5388]}}, {"type": "Feature", "properties": {"t": "2412-Other sport and recreation constructions"}, "geometry": {"type": "Point", "coordinates": [-2.10419, 53.5388]}}, {"type": "Feature", "properties": {"t": "2412-Other sport and recreation constructions"}, "geometry": {"type": "Point", "coordinates": [-2.10379, 53.53882]}}, {"type": "Feature", "properties": {"t": "2412-Other sport and recreation constructions"}, "geometry": {"type": "Point", "coordinates": [-2.10475, 53.53883]}}, {"type": "Feature", "properties": {"t": "2412-Other sport and recreation constructions"}, "geometry": {"type": "Point", "coordinates": [-2.10373, 53.53884]}}, {"type": "Feature", "properties": {"t": "2412-Other sport and recreation constructions"}, "geometry": {"type": "Point", "coordinates": [-2.10367, 53.53885]}}, {"type": "Feature", "properties": {"t": "2412-Other sport and recreation constructions"}, "geometry": {"type": "Point", "coordinates": [-2.10361, 53.53887]}}, {"type": "Feature", "properties": {"t": "2412-Other sport and recreation constructions"}, "geometry": {"type": "Point", "coordinates": [-2.10459, 53.53888]}}, {"type": "Feature", "properties": {"t": "2412-Other sport and recreation constructions"}, "geometry": {"type": "Point", "coordinates": [-2.10355, 53.53889]}}, {"type": "Feature", "properties": {"t": "2412-Other sport and recreation constructions"}, "geometry": {"type": "Point", "coordinates": [-2.10436, 53.53889]}}, {"type": "Feature", "properties": {"t": "2412-Other sport and recreation constructions"}, "geometry": {"type": "Point", "coordinates": [-2.10349, 53.53891]}}, {"type": "Feature", "properties": {"t": "2412-Other sport and recreation constructions"}, "geometry": {"type": "Point", "coordinates": [-2.10343, 53.53892]}}, {"type": "Feature", "properties": {"t": "2412-Other sport and recreation constructions"}, "geometry": {"type": "Point", "coordinates": [-2.10337, 53.53894]}}, {"type": "Feature", "properties": {"t": "2412-Other sport and recreation constructions"}, "geometry": {"type": "Point", "coordinates": [-2.06428, 53.53798]}}, {"type": "Feature", "properties": {"t": "2412-Other sport and recreation constructions"}, "geometry": {"type": "Point", "coordinates": [-2.06701, 53.53797]}}, {"type": "Feature", "properties": {"t": "2412-Other sport and recreation constructions"}, "geometry": {"type": "Point", "coordinates": [-2.06552, 53.53798]}}, {"type": "Feature", "properties": {"t": "2412-Other sport and recreation constructions"}, "geometry": {"type": "Point", "coordinates": [-2.06959, 53.53799]}}, {"type": "Feature", "properties": {"t": "2412-Other sport and recreation constructions"}, "geometry": {"type": "Point", "coordinates": [-2.06421, 53.53799]}}, {"type": "Feature", "properties": {"t": "2412-Other sport and recreation constructions"}, "geometry": {"type": "Point", "coordinates": [-2.06415, 53.53799]}}, {"type": "Feature", "properties": {"t": "2412-Other sport and recreation constructions"}, "geometry": {"type": "Point", "coordinates": [-2.07129, 53.538]}}, {"type": "Feature", "properties": {"t": "2412-Other sport and recreation constructions"}, "geometry": {"type": "Point", "coordinates": [-2.06563, 53.538]}}, {"type": "Feature", "properties": {"t": "2412-Other sport and recreation constructions"}, "geometry": {"type": "Point", "coordinates": [-2.07084, 53.538]}}, {"type": "Feature", "properties": {"t": "2412-Other sport and recreation constructions"}, "geometry": {"type": "Point", "coordinates": [-2.06408, 53.538]}}, {"type": "Feature", "properties": {"t": "2412-Other sport and recreation constructions"}, "geometry": {"type": "Point", "coordinates": [-2.0705, 53.53801]}}, {"type": "Feature", "properties": {"t": "2412-Other sport and recreation constructions"}, "geometry": {"type": "Point", "coordinates": [-2.06938, 53.53801]}}, {"type": "Feature", "properties": {"t": "2412-Other sport and recreation constructions"}, "geometry": {"type": "Point", "coordinates": [-2.07135, 53.53801]}}, {"type": "Feature", "properties": {"t": "2412-Other sport and recreation constructions"}, "geometry": {"type": "Point", "coordinates": [-2.06401, 53.53801]}}, {"type": "Feature", "properties": {"t": "2412-Other sport and recreation constructions"}, "geometry": {"type": "Point", "coordinates": [-2.06728, 53.53801]}}, {"type": "Feature", "properties": {"t": "2412-Other sport and recreation constructions"}, "geometry": {"type": "Point", "coordinates": [-2.06395, 53.53802]}}, {"type": "Feature", "properties": {"t": "2412-Other sport and recreation constructions"}, "geometry": {"type": "Point", "coordinates": [-2.06649, 53.53802]}}, {"type": "Feature", "properties": {"t": "2412-Other sport and recreation constructions"}, "geometry": {"type": "Point", "coordinates": [-2.0696, 53.53803]}}, {"type": "Feature", "properties": {"t": "2412-Other sport and recreation constructions"}, "geometry": {"type": "Point", "coordinates": [-2.06581, 53.53803]}}, {"type": "Feature", "properties": {"t": "2412-Other sport and recreation constructions"}, "geometry": {"type": "Point", "coordinates": [-2.06615, 53.53804]}}, {"type": "Feature", "properties": {"t": "2412-Other sport and recreation constructions"}, "geometry": {"type": "Point", "coordinates": [-2.07037, 53.53805]}}, {"type": "Feature", "properties": {"t": "2412-Other sport and recreation constructions"}, "geometry": {"type": "Point", "coordinates": [-2.06939, 53.53805]}}, {"type": "Feature", "properties": {"t": "2412-Other sport and recreation constructions"}, "geometry": {"type": "Point", "coordinates": [-2.07062, 53.53805]}}, {"type": "Feature", "properties": {"t": "2412-Other sport and recreation constructions"}, "geometry": {"type": "Point", "coordinates": [-2.06736, 53.53806]}}, {"type": "Feature", "properties": {"t": "2412-Other sport and recreation constructions"}, "geometry": {"type": "Point", "coordinates": [-2.06649, 53.53806]}}, {"type": "Feature", "properties": {"t": "2412-Other sport and recreation constructions"}, "geometry": {"type": "Point", "coordinates": [-2.06474, 53.53807]}}, {"type": "Feature", "properties": {"t": "2412-Other sport and recreation constructions"}, "geometry": {"type": "Point", "coordinates": [-2.06987, 53.53807]}}, {"type": "Feature", "properties": {"t": "2412-Other sport and recreation constructions"}, "geometry": {"type": "Point", "coordinates": [-2.07026, 53.53807]}}, {"type": "Feature", "properties": {"t": "2412-Other sport and recreation constructions"}, "geometry": {"type": "Point", "coordinates": [-2.06998, 53.53807]}}, {"type": "Feature", "properties": {"t": "2412-Other sport and recreation constructions"}, "geometry": {"type": "Point", "coordinates": [-2.07008, 53.53807]}}, {"type": "Feature", "properties": {"t": "2412-Other sport and recreation constructions"}, "geometry": {"type": "Point", "coordinates": [-2.06208, 53.53804]}}, {"type": "Feature", "properties": {"t": "2412-Other sport and recreation constructions"}, "geometry": {"type": "Point", "coordinates": [-2.0635, 53.53804]}}, {"type": "Feature", "properties": {"t": "2412-Other sport and recreation constructions"}, "geometry": {"type": "Point", "coordinates": [-2.06357, 53.53805]}}, {"type": "Feature", "properties": {"t": "2412-Other sport and recreation constructions"}, "geometry": {"type": "Point", "coordinates": [-2.06364, 53.53805]}}, {"type": "Feature", "properties": {"t": "2412-Other sport and recreation constructions"}, "geometry": {"type": "Point", "coordinates": [-2.06221, 53.53807]}}, {"type": "Feature", "properties": {"t": "2412-Other sport and recreation constructions"}, "geometry": {"type": "Point", "coordinates": [-2.06214, 53.53806]}}, {"type": "Feature", "properties": {"t": "2412-Other sport and recreation constructions"}, "geometry": {"type": "Point", "coordinates": [-2.06229, 53.53808]}}, {"type": "Feature", "properties": {"t": "2412-Other sport and recreation constructions"}, "geometry": {"type": "Point", "coordinates": [-2.06237, 53.53809]}}, {"type": "Feature", "properties": {"t": "2412-Other sport and recreation constructions"}, "geometry": {"type": "Point", "coordinates": [-2.06372, 53.53808]}}, {"type": "Feature", "properties": {"t": "2412-Other sport and recreation constructions"}, "geometry": {"type": "Point", "coordinates": [-2.06244, 53.53811]}}, {"type": "Feature", "properties": {"t": "2412-Other sport and recreation constructions"}, "geometry": {"type": "Point", "coordinates": [-2.07017, 53.53807]}}, {"type": "Feature", "properties": {"t": "2412-Other sport and recreation constructions"}, "geometry": {"type": "Point", "coordinates": [-2.07073, 53.53807]}}, {"type": "Feature", "properties": {"t": "2412-Other sport and recreation constructions"}, "geometry": {"type": "Point", "coordinates": [-2.06961, 53.53807]}}, {"type": "Feature", "properties": {"t": "2412-Other sport and recreation constructions"}, "geometry": {"type": "Point", "coordinates": [-2.06437, 53.53808]}}, {"type": "Feature", "properties": {"t": "2412-Other sport and recreation constructions"}, "geometry": {"type": "Point", "coordinates": [-2.07096, 53.53808]}}, {"type": "Feature", "properties": {"t": "2412-Other sport and recreation constructions"}, "geometry": {"type": "Point", "coordinates": [-2.06431, 53.53808]}}, {"type": "Feature", "properties": {"t": "2412-Other sport and recreation constructions"}, "geometry": {"type": "Point", "coordinates": [-2.06442, 53.53809]}}, {"type": "Feature", "properties": {"t": "2412-Other sport and recreation constructions"}, "geometry": {"type": "Point", "coordinates": [-2.06424, 53.53809]}}, {"type": "Feature", "properties": {"t": "2412-Other sport and recreation constructions"}, "geometry": {"type": "Point", "coordinates": [-2.0694, 53.53809]}}, {"type": "Feature", "properties": {"t": "2412-Other sport and recreation constructions"}, "geometry": {"type": "Point", "coordinates": [-2.06705, 53.53808]}}, {"type": "Feature", "properties": {"t": "2412-Other sport and recreation constructions"}, "geometry": {"type": "Point", "coordinates": [-2.07053, 53.53809]}}, {"type": "Feature", "properties": {"t": "2412-Other sport and recreation constructions"}, "geometry": {"type": "Point", "coordinates": [-2.06416, 53.5381]}}, {"type": "Feature", "properties": {"t": "2412-Other sport and recreation constructions"}, "geometry": {"type": "Point", "coordinates": [-2.06481, 53.5381]}}, {"type": "Feature", "properties": {"t": "2412-Other sport and recreation constructions"}, "geometry": {"type": "Point", "coordinates": [-2.06612, 53.53809]}}, {"type": "Feature", "properties": {"t": "2412-Other sport and recreation constructions"}, "geometry": {"type": "Point", "coordinates": [-2.0707, 53.53811]}}, {"type": "Feature", "properties": {"t": "2412-Other sport and recreation constructions"}, "geometry": {"type": "Point", "coordinates": [-2.0717, 53.53812]}}, {"type": "Feature", "properties": {"t": "2412-Other sport and recreation constructions"}, "geometry": {"type": "Point", "coordinates": [-2.06961, 53.53811]}}, {"type": "Feature", "properties": {"t": "2412-Other sport and recreation constructions"}, "geometry": {"type": "Point", "coordinates": [-2.06411, 53.53812]}}, {"type": "Feature", "properties": {"t": "2412-Other sport and recreation constructions"}, "geometry": {"type": "Point", "coordinates": [-2.06486, 53.53812]}}, {"type": "Feature", "properties": {"t": "2412-Other sport and recreation constructions"}, "geometry": {"type": "Point", "coordinates": [-2.06405, 53.53812]}}, {"type": "Feature", "properties": {"t": "2412-Other sport and recreation constructions"}, "geometry": {"type": "Point", "coordinates": [-2.06399, 53.53813]}}, {"type": "Feature", "properties": {"t": "2412-Other sport and recreation constructions"}, "geometry": {"type": "Point", "coordinates": [-2.0709, 53.53813]}}, {"type": "Feature", "properties": {"t": "2412-Other sport and recreation constructions"}, "geometry": {"type": "Point", "coordinates": [-2.06939, 53.53813]}}, {"type": "Feature", "properties": {"t": "2412-Other sport and recreation constructions"}, "geometry": {"type": "Point", "coordinates": [-2.06746, 53.53814]}}, {"type": "Feature", "properties": {"t": "2412-Other sport and recreation constructions"}, "geometry": {"type": "Point", "coordinates": [-2.06492, 53.53814]}}, {"type": "Feature", "properties": {"t": "2412-Other sport and recreation constructions"}, "geometry": {"type": "Point", "coordinates": [-2.0696, 53.53815]}}, {"type": "Feature", "properties": {"t": "2412-Other sport and recreation constructions"}, "geometry": {"type": "Point", "coordinates": [-2.06618, 53.53816]}}, {"type": "Feature", "properties": {"t": "2412-Other sport and recreation constructions"}, "geometry": {"type": "Point", "coordinates": [-2.06498, 53.53817]}}, {"type": "Feature", "properties": {"t": "2412-Other sport and recreation constructions"}, "geometry": {"type": "Point", "coordinates": [-2.06938, 53.53817]}}, {"type": "Feature", "properties": {"t": "2412-Other sport and recreation constructions"}, "geometry": {"type": "Point", "coordinates": [-2.07064, 53.53817]}}, {"type": "Feature", "properties": {"t": "2412-Other sport and recreation constructions"}, "geometry": {"type": "Point", "coordinates": [-2.06366, 53.53814]}}, {"type": "Feature", "properties": {"t": "2412-Other sport and recreation constructions"}, "geometry": {"type": "Point", "coordinates": [-2.06392, 53.53814]}}, {"type": "Feature", "properties": {"t": "2412-Other sport and recreation constructions"}, "geometry": {"type": "Point", "coordinates": [-2.06385, 53.53815]}}, {"type": "Feature", "properties": {"t": "2412-Other sport and recreation constructions"}, "geometry": {"type": "Point", "coordinates": [-2.06349, 53.53815]}}, {"type": "Feature", "properties": {"t": "2412-Other sport and recreation constructions"}, "geometry": {"type": "Point", "coordinates": [-2.06356, 53.53815]}}, {"type": "Feature", "properties": {"t": "2412-Other sport and recreation constructions"}, "geometry": {"type": "Point", "coordinates": [-2.06376, 53.53817]}}, {"type": "Feature", "properties": {"t": "2412-Other sport and recreation constructions"}, "geometry": {"type": "Point", "coordinates": [-2.0626, 53.53817]}}, {"type": "Feature", "properties": {"t": "2412-Other sport and recreation constructions"}, "geometry": {"type": "Point", "coordinates": [-2.06276, 53.53818]}}, {"type": "Feature", "properties": {"t": "2412-Other sport and recreation constructions"}, "geometry": {"type": "Point", "coordinates": [-2.06283, 53.5382]}}, {"type": "Feature", "properties": {"t": "2412-Other sport and recreation constructions"}, "geometry": {"type": "Point", "coordinates": [-2.0629, 53.53821]}}, {"type": "Feature", "properties": {"t": "2412-Other sport and recreation constructions"}, "geometry": {"type": "Point", "coordinates": [-2.0666, 53.53817]}}, {"type": "Feature", "properties": {"t": "2412-Other sport and recreation constructions"}, "geometry": {"type": "Point", "coordinates": [-2.06644, 53.53817]}}, {"type": "Feature", "properties": {"t": "2412-Other sport and recreation constructions"}, "geometry": {"type": "Point", "coordinates": [-2.07086, 53.53818]}}, {"type": "Feature", "properties": {"t": "2412-Other sport and recreation constructions"}, "geometry": {"type": "Point", "coordinates": [-2.06461, 53.53818]}}, {"type": "Feature", "properties": {"t": "2412-Other sport and recreation constructions"}, "geometry": {"type": "Point", "coordinates": [-2.06958, 53.53818]}}, {"type": "Feature", "properties": {"t": "2412-Other sport and recreation constructions"}, "geometry": {"type": "Point", "coordinates": [-2.06666, 53.53819]}}, {"type": "Feature", "properties": {"t": "2412-Other sport and recreation constructions"}, "geometry": {"type": "Point", "coordinates": [-2.06504, 53.53819]}}, {"type": "Feature", "properties": {"t": "2412-Other sport and recreation constructions"}, "geometry": {"type": "Point", "coordinates": [-2.06755, 53.5382]}}, {"type": "Feature", "properties": {"t": "2412-Other sport and recreation constructions"}, "geometry": {"type": "Point", "coordinates": [-2.06939, 53.5382]}}, {"type": "Feature", "properties": {"t": "2412-Other sport and recreation constructions"}, "geometry": {"type": "Point", "coordinates": [-2.06469, 53.53821]}}, {"type": "Feature", "properties": {"t": "2412-Other sport and recreation constructions"}, "geometry": {"type": "Point", "coordinates": [-2.0651, 53.53821]}}, {"type": "Feature", "properties": {"t": "2412-Other sport and recreation constructions"}, "geometry": {"type": "Point", "coordinates": [-2.06683, 53.53821]}}, {"type": "Feature", "properties": {"t": "2412-Other sport and recreation constructions"}, "geometry": {"type": "Point", "coordinates": [-2.06721, 53.53822]}}, {"type": "Feature", "properties": {"t": "2412-Other sport and recreation constructions"}, "geometry": {"type": "Point", "coordinates": [-2.06483, 53.53823]}}, {"type": "Feature", "properties": {"t": "2412-Other sport and recreation constructions"}, "geometry": {"type": "Point", "coordinates": [-2.07057, 53.53823]}}, {"type": "Feature", "properties": {"t": "2412-Other sport and recreation constructions"}, "geometry": {"type": "Point", "coordinates": [-2.06474, 53.53823]}}, {"type": "Feature", "properties": {"t": "2412-Other sport and recreation constructions"}, "geometry": {"type": "Point", "coordinates": [-2.07081, 53.53823]}}, {"type": "Feature", "properties": {"t": "2412-Other sport and recreation constructions"}, "geometry": {"type": "Point", "coordinates": [-2.06688, 53.53823]}}, {"type": "Feature", "properties": {"t": "2412-Other sport and recreation constructions"}, "geometry": {"type": "Point", "coordinates": [-2.06516, 53.53823]}}, {"type": "Feature", "properties": {"t": "2412-Other sport and recreation constructions"}, "geometry": {"type": "Point", "coordinates": [-2.06629, 53.53822]}}, {"type": "Feature", "properties": {"t": "2412-Other sport and recreation constructions"}, "geometry": {"type": "Point", "coordinates": [-2.06945, 53.53825]}}, {"type": "Feature", "properties": {"t": "2412-Other sport and recreation constructions"}, "geometry": {"type": "Point", "coordinates": [-2.06779, 53.53824]}}, {"type": "Feature", "properties": {"t": "2412-Other sport and recreation constructions"}, "geometry": {"type": "Point", "coordinates": [-2.06765, 53.53824]}}, {"type": "Feature", "properties": {"t": "2412-Other sport and recreation constructions"}, "geometry": {"type": "Point", "coordinates": [-2.06449, 53.53826]}}, {"type": "Feature", "properties": {"t": "2412-Other sport and recreation constructions"}, "geometry": {"type": "Point", "coordinates": [-2.06487, 53.53827]}}, {"type": "Feature", "properties": {"t": "2412-Other sport and recreation constructions"}, "geometry": {"type": "Point", "coordinates": [-2.07034, 53.53828]}}, {"type": "Feature", "properties": {"t": "2412-Other sport and recreation constructions"}, "geometry": {"type": "Point", "coordinates": [-2.07072, 53.53829]}}, {"type": "Feature", "properties": {"t": "2412-Other sport and recreation constructions"}, "geometry": {"type": "Point", "coordinates": [-2.06789, 53.53829]}}, {"type": "Feature", "properties": {"t": "2412-Other sport and recreation constructions"}, "geometry": {"type": "Point", "coordinates": [-2.06445, 53.53829]}}, {"type": "Feature", "properties": {"t": "2412-Other sport and recreation constructions"}, "geometry": {"type": "Point", "coordinates": [-2.07054, 53.53829]}}, {"type": "Feature", "properties": {"t": "2412-Other sport and recreation constructions"}, "geometry": {"type": "Point", "coordinates": [-2.06331, 53.53821]}}, {"type": "Feature", "properties": {"t": "2412-Other sport and recreation constructions"}, "geometry": {"type": "Point", "coordinates": [-2.06181, 53.53823]}}, {"type": "Feature", "properties": {"t": "2412-Other sport and recreation constructions"}, "geometry": {"type": "Point", "coordinates": [-2.06307, 53.53823]}}, {"type": "Feature", "properties": {"t": "2412-Other sport and recreation constructions"}, "geometry": {"type": "Point", "coordinates": [-2.06391, 53.53824]}}, {"type": "Feature", "properties": {"t": "2412-Other sport and recreation constructions"}, "geometry": {"type": "Point", "coordinates": [-2.06362, 53.53825]}}, {"type": "Feature", "properties": {"t": "2412-Other sport and recreation constructions"}, "geometry": {"type": "Point", "coordinates": [-2.06376, 53.53826]}}, {"type": "Feature", "properties": {"t": "2412-Other sport and recreation constructions"}, "geometry": {"type": "Point", "coordinates": [-2.0618, 53.53828]}}, {"type": "Feature", "properties": {"t": "2412-Other sport and recreation constructions"}, "geometry": {"type": "Point", "coordinates": [-2.0633, 53.5383]}}, {"type": "Feature", "properties": {"t": "2412-Other sport and recreation constructions"}, "geometry": {"type": "Point", "coordinates": [-2.06177, 53.53833]}}, {"type": "Feature", "properties": {"t": "2412-Other sport and recreation constructions"}, "geometry": {"type": "Point", "coordinates": [-2.06174, 53.53838]}}, {"type": "Feature", "properties": {"t": "2412-Other sport and recreation constructions"}, "geometry": {"type": "Point", "coordinates": [-2.06645, 53.5383]}}, {"type": "Feature", "properties": {"t": "2412-Other sport and recreation constructions"}, "geometry": {"type": "Point", "coordinates": [-2.0673, 53.5383]}}, {"type": "Feature", "properties": {"t": "2412-Other sport and recreation constructions"}, "geometry": {"type": "Point", "coordinates": [-2.06502, 53.53831]}}, {"type": "Feature", "properties": {"t": "2412-Other sport and recreation constructions"}, "geometry": {"type": "Point", "coordinates": [-2.07108, 53.53831]}}, {"type": "Feature", "properties": {"t": "2412-Other sport and recreation constructions"}, "geometry": {"type": "Point", "coordinates": [-2.06494, 53.53831]}}, {"type": "Feature", "properties": {"t": "2412-Other sport and recreation constructions"}, "geometry": {"type": "Point", "coordinates": [-2.0641, 53.5383]}}, {"type": "Feature", "properties": {"t": "2412-Other sport and recreation constructions"}, "geometry": {"type": "Point", "coordinates": [-2.06468, 53.53832]}}, {"type": "Feature", "properties": {"t": "2412-Other sport and recreation constructions"}, "geometry": {"type": "Point", "coordinates": [-2.06442, 53.53833]}}, {"type": "Feature", "properties": {"t": "2412-Other sport and recreation constructions"}, "geometry": {"type": "Point", "coordinates": [-2.07102, 53.53833]}}, {"type": "Feature", "properties": {"t": "2412-Other sport and recreation constructions"}, "geometry": {"type": "Point", "coordinates": [-2.06651, 53.53833]}}, {"type": "Feature", "properties": {"t": "2412-Other sport and recreation constructions"}, "geometry": {"type": "Point", "coordinates": [-2.06739, 53.53834]}}, {"type": "Feature", "properties": {"t": "2412-Other sport and recreation constructions"}, "geometry": {"type": "Point", "coordinates": [-2.06705, 53.53834]}}, {"type": "Feature", "properties": {"t": "2412-Other sport and recreation constructions"}, "geometry": {"type": "Point", "coordinates": [-2.07114, 53.53834]}}, {"type": "Feature", "properties": {"t": "2412-Other sport and recreation constructions"}, "geometry": {"type": "Point", "coordinates": [-2.07106, 53.53835]}}, {"type": "Feature", "properties": {"t": "2412-Other sport and recreation constructions"}, "geometry": {"type": "Point", "coordinates": [-2.07045, 53.53835]}}, {"type": "Feature", "properties": {"t": "2412-Other sport and recreation constructions"}, "geometry": {"type": "Point", "coordinates": [-2.07068, 53.53835]}}, {"type": "Feature", "properties": {"t": "2412-Other sport and recreation constructions"}, "geometry": {"type": "Point", "coordinates": [-2.06463, 53.53836]}}, {"type": "Feature", "properties": {"t": "2412-Other sport and recreation constructions"}, "geometry": {"type": "Point", "coordinates": [-2.06438, 53.53836]}}, {"type": "Feature", "properties": {"t": "2412-Other sport and recreation constructions"}, "geometry": {"type": "Point", "coordinates": [-2.06664, 53.53836]}}, {"type": "Feature", "properties": {"t": "2412-Other sport and recreation constructions"}, "geometry": {"type": "Point", "coordinates": [-2.0712, 53.53836]}}, {"type": "Feature", "properties": {"t": "2412-Other sport and recreation constructions"}, "geometry": {"type": "Point", "coordinates": [-2.06501, 53.53836]}}, {"type": "Feature", "properties": {"t": "2412-Other sport and recreation constructions"}, "geometry": {"type": "Point", "coordinates": [-2.06798, 53.53836]}}, {"type": "Feature", "properties": {"t": "2412-Other sport and recreation constructions"}, "geometry": {"type": "Point", "coordinates": [-2.06751, 53.53839]}}, {"type": "Feature", "properties": {"t": "2412-Other sport and recreation constructions"}, "geometry": {"type": "Point", "coordinates": [-2.06459, 53.53839]}}, {"type": "Feature", "properties": {"t": "2412-Other sport and recreation constructions"}, "geometry": {"type": "Point", "coordinates": [-2.06434, 53.53839]}}, {"type": "Feature", "properties": {"t": "2412-Other sport and recreation constructions"}, "geometry": {"type": "Point", "coordinates": [-2.06671, 53.53839]}}, {"type": "Feature", "properties": {"t": "2412-Other sport and recreation constructions"}, "geometry": {"type": "Point", "coordinates": [-2.07125, 53.53839]}}, {"type": "Feature", "properties": {"t": "2412-Other sport and recreation constructions"}, "geometry": {"type": "Point", "coordinates": [-2.06714, 53.5384]}}, {"type": "Feature", "properties": {"t": "2412-Other sport and recreation constructions"}, "geometry": {"type": "Point", "coordinates": [-2.06678, 53.53843]}}, {"type": "Feature", "properties": {"t": "2412-Other sport and recreation constructions"}, "geometry": {"type": "Point", "coordinates": [-2.0704, 53.5384]}}, {"type": "Feature", "properties": {"t": "2412-Other sport and recreation constructions"}, "geometry": {"type": "Point", "coordinates": [-2.07062, 53.53841]}}, {"type": "Feature", "properties": {"t": "2412-Other sport and recreation constructions"}, "geometry": {"type": "Point", "coordinates": [-2.06758, 53.53841]}}, {"type": "Feature", "properties": {"t": "2412-Other sport and recreation constructions"}, "geometry": {"type": "Point", "coordinates": [-2.06809, 53.5384]}}, {"type": "Feature", "properties": {"t": "2412-Other sport and recreation constructions"}, "geometry": {"type": "Point", "coordinates": [-2.07132, 53.53842]}}, {"type": "Feature", "properties": {"t": "2412-Other sport and recreation constructions"}, "geometry": {"type": "Point", "coordinates": [-2.06484, 53.53842]}}, {"type": "Feature", "properties": {"t": "2412-Other sport and recreation constructions"}, "geometry": {"type": "Point", "coordinates": [-2.06455, 53.53843]}}, {"type": "Feature", "properties": {"t": "2412-Other sport and recreation constructions"}, "geometry": {"type": "Point", "coordinates": [-2.0643, 53.53843]}}, {"type": "Feature", "properties": {"t": "2412-Other sport and recreation constructions"}, "geometry": {"type": "Point", "coordinates": [-2.06824, 53.53842]}}, {"type": "Feature", "properties": {"t": "2412-Other sport and recreation constructions"}, "geometry": {"type": "Point", "coordinates": [-2.06976, 53.53844]}}, {"type": "Feature", "properties": {"t": "2412-Other sport and recreation constructions"}, "geometry": {"type": "Point", "coordinates": [-2.06725, 53.53845]}}, {"type": "Feature", "properties": {"t": "2412-Other sport and recreation constructions"}, "geometry": {"type": "Point", "coordinates": [-2.06768, 53.53845]}}, {"type": "Feature", "properties": {"t": "2412-Other sport and recreation constructions"}, "geometry": {"type": "Point", "coordinates": [-2.0669, 53.53849]}}, {"type": "Feature", "properties": {"t": "2412-Other sport and recreation constructions"}, "geometry": {"type": "Point", "coordinates": [-2.06838, 53.53845]}}, {"type": "Feature", "properties": {"t": "2412-Other sport and recreation constructions"}, "geometry": {"type": "Point", "coordinates": [-2.06452, 53.53846]}}, {"type": "Feature", "properties": {"t": "2412-Other sport and recreation constructions"}, "geometry": {"type": "Point", "coordinates": [-2.07057, 53.53846]}}, {"type": "Feature", "properties": {"t": "2412-Other sport and recreation constructions"}, "geometry": {"type": "Point", "coordinates": [-2.06426, 53.53846]}}, {"type": "Feature", "properties": {"t": "2412-Other sport and recreation constructions"}, "geometry": {"type": "Point", "coordinates": [-2.07033, 53.53847]}}, {"type": "Feature", "properties": {"t": "2412-Other sport and recreation constructions"}, "geometry": {"type": "Point", "coordinates": [-2.07085, 53.53846]}}, {"type": "Feature", "properties": {"t": "2412-Other sport and recreation constructions"}, "geometry": {"type": "Point", "coordinates": [-2.06479, 53.53847]}}, {"type": "Feature", "properties": {"t": "2412-Other sport and recreation constructions"}, "geometry": {"type": "Point", "coordinates": [-2.06505, 53.53849]}}, {"type": "Feature", "properties": {"t": "2412-Other sport and recreation constructions"}, "geometry": {"type": "Point", "coordinates": [-2.0617, 53.53841]}}, {"type": "Feature", "properties": {"t": "2412-Other sport and recreation constructions"}, "geometry": {"type": "Point", "coordinates": [-2.06321, 53.53841]}}, {"type": "Feature", "properties": {"t": "2412-Other sport and recreation constructions"}, "geometry": {"type": "Point", "coordinates": [-2.06346, 53.53841]}}, {"type": "Feature", "properties": {"t": "2412-Other sport and recreation constructions"}, "geometry": {"type": "Point", "coordinates": [-2.06387, 53.53842]}}, {"type": "Feature", "properties": {"t": "2412-Other sport and recreation constructions"}, "geometry": {"type": "Point", "coordinates": [-2.0636, 53.53842]}}, {"type": "Feature", "properties": {"t": "2412-Other sport and recreation constructions"}, "geometry": {"type": "Point", "coordinates": [-2.06368, 53.53843]}}, {"type": "Feature", "properties": {"t": "2412-Other sport and recreation constructions"}, "geometry": {"type": "Point", "coordinates": [-2.06342, 53.53845]}}, {"type": "Feature", "properties": {"t": "2412-Other sport and recreation constructions"}, "geometry": {"type": "Point", "coordinates": [-2.0634, 53.53852]}}, {"type": "Feature", "properties": {"t": "2412-Other sport and recreation constructions"}, "geometry": {"type": "Point", "coordinates": [-2.06349, 53.53854]}}, {"type": "Feature", "properties": {"t": "2412-Other sport and recreation constructions"}, "geometry": {"type": "Point", "coordinates": [-2.06367, 53.53857]}}, {"type": "Feature", "properties": {"t": "2412-Other sport and recreation constructions"}, "geometry": {"type": "Point", "coordinates": [-2.06527, 53.53848]}}, {"type": "Feature", "properties": {"t": "2412-Other sport and recreation constructions"}, "geometry": {"type": "Point", "coordinates": [-2.06737, 53.53849]}}, {"type": "Feature", "properties": {"t": "2412-Other sport and recreation constructions"}, "geometry": {"type": "Point", "coordinates": [-2.06848, 53.53851]}}, {"type": "Feature", "properties": {"t": "2412-Other sport and recreation constructions"}, "geometry": {"type": "Point", "coordinates": [-2.06974, 53.5385]}}, {"type": "Feature", "properties": {"t": "2412-Other sport and recreation constructions"}, "geometry": {"type": "Point", "coordinates": [-2.06448, 53.5385]}}, {"type": "Feature", "properties": {"t": "2412-Other sport and recreation constructions"}, "geometry": {"type": "Point", "coordinates": [-2.06422, 53.5385]}}, {"type": "Feature", "properties": {"t": "2412-Other sport and recreation constructions"}, "geometry": {"type": "Point", "coordinates": [-2.06781, 53.5385]}}, {"type": "Feature", "properties": {"t": "2412-Other sport and recreation constructions"}, "geometry": {"type": "Point", "coordinates": [-2.067, 53.53854]}}, {"type": "Feature", "properties": {"t": "2412-Other sport and recreation constructions"}, "geometry": {"type": "Point", "coordinates": [-2.06476, 53.53852]}}, {"type": "Feature", "properties": {"t": "2412-Other sport and recreation constructions"}, "geometry": {"type": "Point", "coordinates": [-2.06529, 53.53852]}}, {"type": "Feature", "properties": {"t": "2412-Other sport and recreation constructions"}, "geometry": {"type": "Point", "coordinates": [-2.07045, 53.53853]}}, {"type": "Feature", "properties": {"t": "2412-Other sport and recreation constructions"}, "geometry": {"type": "Point", "coordinates": [-2.06536, 53.53854]}}, {"type": "Feature", "properties": {"t": "2412-Other sport and recreation constructions"}, "geometry": {"type": "Point", "coordinates": [-2.06747, 53.53853]}}, {"type": "Feature", "properties": {"t": "2412-Other sport and recreation constructions"}, "geometry": {"type": "Point", "coordinates": [-2.06444, 53.53853]}}, {"type": "Feature", "properties": {"t": "2412-Other sport and recreation constructions"}, "geometry": {"type": "Point", "coordinates": [-2.06971, 53.53853]}}, {"type": "Feature", "properties": {"t": "2412-Other sport and recreation constructions"}, "geometry": {"type": "Point", "coordinates": [-2.06419, 53.53853]}}, {"type": "Feature", "properties": {"t": "2412-Other sport and recreation constructions"}, "geometry": {"type": "Point", "coordinates": [-2.06543, 53.53855]}}, {"type": "Feature", "properties": {"t": "2412-Other sport and recreation constructions"}, "geometry": {"type": "Point", "coordinates": [-2.06502, 53.53855]}}, {"type": "Feature", "properties": {"t": "2412-Other sport and recreation constructions"}, "geometry": {"type": "Point", "coordinates": [-2.06791, 53.53855]}}, {"type": "Feature", "properties": {"t": "2412-Other sport and recreation constructions"}, "geometry": {"type": "Point", "coordinates": [-2.06712, 53.53858]}}, {"type": "Feature", "properties": {"t": "2412-Other sport and recreation constructions"}, "geometry": {"type": "Point", "coordinates": [-2.07086, 53.53857]}}, {"type": "Feature", "properties": {"t": "2412-Other sport and recreation constructions"}, "geometry": {"type": "Point", "coordinates": [-2.06549, 53.53856]}}, {"type": "Feature", "properties": {"t": "2412-Other sport and recreation constructions"}, "geometry": {"type": "Point", "coordinates": [-2.07141, 53.53857]}}, {"type": "Feature", "properties": {"t": "2412-Other sport and recreation constructions"}, "geometry": {"type": "Point", "coordinates": [-2.06415, 53.53857]}}, {"type": "Feature", "properties": {"t": "2412-Other sport and recreation constructions"}, "geometry": {"type": "Point", "coordinates": [-2.0644, 53.53857]}}, {"type": "Feature", "properties": {"t": "2412-Other sport and recreation constructions"}, "geometry": {"type": "Point", "coordinates": [-2.06969, 53.53857]}}, {"type": "Feature", "properties": {"t": "2412-Other sport and recreation constructions"}, "geometry": {"type": "Point", "coordinates": [-2.06903, 53.53858]}}, {"type": "Feature", "properties": {"t": "2412-Other sport and recreation constructions"}, "geometry": {"type": "Point", "coordinates": [-2.06586, 53.53859]}}, {"type": "Feature", "properties": {"t": "2412-Other sport and recreation constructions"}, "geometry": {"type": "Point", "coordinates": [-2.06469, 53.53857]}}, {"type": "Feature", "properties": {"t": "2412-Other sport and recreation constructions"}, "geometry": {"type": "Point", "coordinates": [-2.06802, 53.53859]}}, {"type": "Feature", "properties": {"t": "2412-Other sport and recreation constructions"}, "geometry": {"type": "Point", "coordinates": [-2.06722, 53.53862]}}, {"type": "Feature", "properties": {"t": "2412-Other sport and recreation constructions"}, "geometry": {"type": "Point", "coordinates": [-2.06856, 53.5386]}}, {"type": "Feature", "properties": {"t": "2412-Other sport and recreation constructions"}, "geometry": {"type": "Point", "coordinates": [-2.06499, 53.5386]}}, {"type": "Feature", "properties": {"t": "2412-Other sport and recreation constructions"}, "geometry": {"type": "Point", "coordinates": [-2.06436, 53.5386]}}, {"type": "Feature", "properties": {"t": "2412-Other sport and recreation constructions"}, "geometry": {"type": "Point", "coordinates": [-2.06411, 53.53861]}}, {"type": "Feature", "properties": {"t": "2412-Other sport and recreation constructions"}, "geometry": {"type": "Point", "coordinates": [-2.06554, 53.5386]}}, {"type": "Feature", "properties": {"t": "2412-Other sport and recreation constructions"}, "geometry": {"type": "Point", "coordinates": [-2.06967, 53.53861]}}, {"type": "Feature", "properties": {"t": "2412-Other sport and recreation constructions"}, "geometry": {"type": "Point", "coordinates": [-2.07153, 53.53861]}}, {"type": "Feature", "properties": {"t": "2412-Other sport and recreation constructions"}, "geometry": {"type": "Point", "coordinates": [-2.07092, 53.53862]}}, {"type": "Feature", "properties": {"t": "2412-Other sport and recreation constructions"}, "geometry": {"type": "Point", "coordinates": [-2.06466, 53.53862]}}, {"type": "Feature", "properties": {"t": "2412-Other sport and recreation constructions"}, "geometry": {"type": "Point", "coordinates": [-2.07083, 53.53863]}}, {"type": "Feature", "properties": {"t": "2412-Other sport and recreation constructions"}, "geometry": {"type": "Point", "coordinates": [-2.06536, 53.53861]}}, {"type": "Feature", "properties": {"t": "2412-Other sport and recreation constructions"}, "geometry": {"type": "Point", "coordinates": [-2.07001, 53.53863]}}, {"type": "Feature", "properties": {"t": "2412-Other sport and recreation constructions"}, "geometry": {"type": "Point", "coordinates": [-2.07068, 53.53863]}}, {"type": "Feature", "properties": {"t": "2412-Other sport and recreation constructions"}, "geometry": {"type": "Point", "coordinates": [-2.06557, 53.53863]}}, {"type": "Feature", "properties": {"t": "2412-Other sport and recreation constructions"}, "geometry": {"type": "Point", "coordinates": [-2.06814, 53.53864]}}, {"type": "Feature", "properties": {"t": "2412-Other sport and recreation constructions"}, "geometry": {"type": "Point", "coordinates": [-2.06433, 53.53864]}}, {"type": "Feature", "properties": {"t": "2412-Other sport and recreation constructions"}, "geometry": {"type": "Point", "coordinates": [-2.06733, 53.53867]}}, {"type": "Feature", "properties": {"t": "2412-Other sport and recreation constructions"}, "geometry": {"type": "Point", "coordinates": [-2.06773, 53.53864]}}, {"type": "Feature", "properties": {"t": "2412-Other sport and recreation constructions"}, "geometry": {"type": "Point", "coordinates": [-2.06564, 53.53865]}}, {"type": "Feature", "properties": {"t": "2412-Other sport and recreation constructions"}, "geometry": {"type": "Point", "coordinates": [-2.07097, 53.53864]}}, {"type": "Feature", "properties": {"t": "2412-Other sport and recreation constructions"}, "geometry": {"type": "Point", "coordinates": [-2.0714, 53.53865]}}, {"type": "Feature", "properties": {"t": "2412-Other sport and recreation constructions"}, "geometry": {"type": "Point", "coordinates": [-2.0713, 53.53864]}}, {"type": "Feature", "properties": {"t": "2412-Other sport and recreation constructions"}, "geometry": {"type": "Point", "coordinates": [-2.06965, 53.53865]}}, {"type": "Feature", "properties": {"t": "2412-Other sport and recreation constructions"}, "geometry": {"type": "Point", "coordinates": [-2.06867, 53.53865]}}, {"type": "Feature", "properties": {"t": "2412-Other sport and recreation constructions"}, "geometry": {"type": "Point", "coordinates": [-2.06495, 53.53866]}}, {"type": "Feature", "properties": {"t": "2412-Other sport and recreation constructions"}, "geometry": {"type": "Point", "coordinates": [-2.07103, 53.53866]}}, {"type": "Feature", "properties": {"t": "2412-Other sport and recreation constructions"}, "geometry": {"type": "Point", "coordinates": [-2.0652, 53.53867]}}, {"type": "Feature", "properties": {"t": "2412-Other sport and recreation constructions"}, "geometry": {"type": "Point", "coordinates": [-2.07086, 53.53866]}}, {"type": "Feature", "properties": {"t": "2412-Other sport and recreation constructions"}, "geometry": {"type": "Point", "coordinates": [-2.07008, 53.53866]}}, {"type": "Feature", "properties": {"t": "2412-Other sport and recreation constructions"}, "geometry": {"type": "Point", "coordinates": [-2.06429, 53.53868]}}, {"type": "Feature", "properties": {"t": "2412-Other sport and recreation constructions"}, "geometry": {"type": "Point", "coordinates": [-2.07126, 53.53868]}}, {"type": "Feature", "properties": {"t": "2412-Other sport and recreation constructions"}, "geometry": {"type": "Point", "coordinates": [-2.06743, 53.53872]}}, {"type": "Feature", "properties": {"t": "2412-Other sport and recreation constructions"}, "geometry": {"type": "Point", "coordinates": [-2.06963, 53.53868]}}, {"type": "Feature", "properties": {"t": "2412-Other sport and recreation constructions"}, "geometry": {"type": "Point", "coordinates": [-2.07012, 53.53869]}}, {"type": "Feature", "properties": {"t": "2412-Other sport and recreation constructions"}, "geometry": {"type": "Point", "coordinates": [-2.07091, 53.53869]}}, {"type": "Feature", "properties": {"t": "2412-Other sport and recreation constructions"}, "geometry": {"type": "Point", "coordinates": [-2.06786, 53.53869]}}, {"type": "Feature", "properties": {"t": "2412-Other sport and recreation constructions"}, "geometry": {"type": "Point", "coordinates": [-2.0711, 53.5387]}}, {"type": "Feature", "properties": {"t": "2412-Other sport and recreation constructions"}, "geometry": {"type": "Point", "coordinates": [-2.06462, 53.53869]}}, {"type": "Feature", "properties": {"t": "2412-Other sport and recreation constructions"}, "geometry": {"type": "Point", "coordinates": [-2.0683, 53.5387]}}, {"type": "Feature", "properties": {"t": "2412-Other sport and recreation constructions"}, "geometry": {"type": "Point", "coordinates": [-2.06403, 53.5387]}}, {"type": "Feature", "properties": {"t": "2412-Other sport and recreation constructions"}, "geometry": {"type": "Point", "coordinates": [-2.06878, 53.5387]}}, {"type": "Feature", "properties": {"t": "2412-Other sport and recreation constructions"}, "geometry": {"type": "Point", "coordinates": [-2.07144, 53.53871]}}, {"type": "Feature", "properties": {"t": "2412-Other sport and recreation constructions"}, "geometry": {"type": "Point", "coordinates": [-2.06913, 53.5387]}}, {"type": "Feature", "properties": {"t": "2412-Other sport and recreation constructions"}, "geometry": {"type": "Point", "coordinates": [-2.07017, 53.53871]}}, {"type": "Feature", "properties": {"t": "2412-Other sport and recreation constructions"}, "geometry": {"type": "Point", "coordinates": [-2.07121, 53.53871]}}, {"type": "Feature", "properties": {"t": "2412-Other sport and recreation constructions"}, "geometry": {"type": "Point", "coordinates": [-2.07097, 53.53872]}}, {"type": "Feature", "properties": {"t": "2412-Other sport and recreation constructions"}, "geometry": {"type": "Point", "coordinates": [-2.06455, 53.53873]}}, {"type": "Feature", "properties": {"t": "2412-Other sport and recreation constructions"}, "geometry": {"type": "Point", "coordinates": [-2.0696, 53.53872]}}, {"type": "Feature", "properties": {"t": "2412-Other sport and recreation constructions"}, "geometry": {"type": "Point", "coordinates": [-2.06891, 53.53872]}}, {"type": "Feature", "properties": {"t": "2412-Other sport and recreation constructions"}, "geometry": {"type": "Point", "coordinates": [-2.0649, 53.53872]}}, {"type": "Feature", "properties": {"t": "2412-Other sport and recreation constructions"}, "geometry": {"type": "Point", "coordinates": [-2.06517, 53.53872]}}, {"type": "Feature", "properties": {"t": "2412-Other sport and recreation constructions"}, "geometry": {"type": "Point", "coordinates": [-2.06592, 53.53873]}}, {"type": "Feature", "properties": {"t": "2412-Other sport and recreation constructions"}, "geometry": {"type": "Point", "coordinates": [-2.06798, 53.53873]}}, {"type": "Feature", "properties": {"t": "2412-Other sport and recreation constructions"}, "geometry": {"type": "Point", "coordinates": [-2.07022, 53.53874]}}, {"type": "Feature", "properties": {"t": "2412-Other sport and recreation constructions"}, "geometry": {"type": "Point", "coordinates": [-2.064, 53.53874]}}, {"type": "Feature", "properties": {"t": "2412-Other sport and recreation constructions"}, "geometry": {"type": "Point", "coordinates": [-2.07009, 53.53874]}}, {"type": "Feature", "properties": {"t": "2412-Other sport and recreation constructions"}, "geometry": {"type": "Point", "coordinates": [-2.0714, 53.53874]}}, {"type": "Feature", "properties": {"t": "2412-Other sport and recreation constructions"}, "geometry": {"type": "Point", "coordinates": [-2.06921, 53.53874]}}, {"type": "Feature", "properties": {"t": "2412-Other sport and recreation constructions"}, "geometry": {"type": "Point", "coordinates": [-2.06841, 53.53874]}}, {"type": "Feature", "properties": {"t": "2412-Other sport and recreation constructions"}, "geometry": {"type": "Point", "coordinates": [-2.07117, 53.53875]}}, {"type": "Feature", "properties": {"t": "2412-Other sport and recreation constructions"}, "geometry": {"type": "Point", "coordinates": [-2.06531, 53.53874]}}, {"type": "Feature", "properties": {"t": "2412-Other sport and recreation constructions"}, "geometry": {"type": "Point", "coordinates": [-2.06423, 53.53876]}}, {"type": "Feature", "properties": {"t": "2412-Other sport and recreation constructions"}, "geometry": {"type": "Point", "coordinates": [-2.06958, 53.53875]}}, {"type": "Feature", "properties": {"t": "2412-Other sport and recreation constructions"}, "geometry": {"type": "Point", "coordinates": [-2.0694, 53.53878]}}, {"type": "Feature", "properties": {"t": "2412-Other sport and recreation constructions"}, "geometry": {"type": "Point", "coordinates": [-2.07027, 53.53876]}}, {"type": "Feature", "properties": {"t": "2412-Other sport and recreation constructions"}, "geometry": {"type": "Point", "coordinates": [-2.06902, 53.53876]}}, {"type": "Feature", "properties": {"t": "2412-Other sport and recreation constructions"}, "geometry": {"type": "Point", "coordinates": [-2.06512, 53.53877]}}, {"type": "Feature", "properties": {"t": "2412-Other sport and recreation constructions"}, "geometry": {"type": "Point", "coordinates": [-2.06758, 53.53877]}}, {"type": "Feature", "properties": {"t": "2412-Other sport and recreation constructions"}, "geometry": {"type": "Point", "coordinates": [-2.06552, 53.53875]}}, {"type": "Feature", "properties": {"t": "2412-Other sport and recreation constructions"}, "geometry": {"type": "Point", "coordinates": [-2.06485, 53.53877]}}, {"type": "Feature", "properties": {"t": "2412-Other sport and recreation constructions"}, "geometry": {"type": "Point", "coordinates": [-2.06929, 53.53877]}}, {"type": "Feature", "properties": {"t": "2412-Other sport and recreation constructions"}, "geometry": {"type": "Point", "coordinates": [-2.07114, 53.53878]}}, {"type": "Feature", "properties": {"t": "2412-Other sport and recreation constructions"}, "geometry": {"type": "Point", "coordinates": [-2.07136, 53.53878]}}, {"type": "Feature", "properties": {"t": "2412-Other sport and recreation constructions"}, "geometry": {"type": "Point", "coordinates": [-2.07007, 53.53878]}}, {"type": "Feature", "properties": {"t": "2412-Other sport and recreation constructions"}, "geometry": {"type": "Point", "coordinates": [-2.0681, 53.53878]}}, {"type": "Feature", "properties": {"t": "2412-Other sport and recreation constructions"}, "geometry": {"type": "Point", "coordinates": [-2.06626, 53.53878]}}, {"type": "Feature", "properties": {"t": "2412-Other sport and recreation constructions"}, "geometry": {"type": "Point", "coordinates": [-2.07032, 53.53879]}}, {"type": "Feature", "properties": {"t": "2412-Other sport and recreation constructions"}, "geometry": {"type": "Point", "coordinates": [-2.06956, 53.53879]}}, {"type": "Feature", "properties": {"t": "2412-Other sport and recreation constructions"}, "geometry": {"type": "Point", "coordinates": [-2.06852, 53.53879]}}, {"type": "Feature", "properties": {"t": "2412-Other sport and recreation constructions"}, "geometry": {"type": "Point", "coordinates": [-2.06452, 53.5388]}}, {"type": "Feature", "properties": {"t": "2412-Other sport and recreation constructions"}, "geometry": {"type": "Point", "coordinates": [-2.07108, 53.5388]}}, {"type": "Feature", "properties": {"t": "2412-Other sport and recreation constructions"}, "geometry": {"type": "Point", "coordinates": [-2.07132, 53.53881]}}, {"type": "Feature", "properties": {"t": "2412-Other sport and recreation constructions"}, "geometry": {"type": "Point", "coordinates": [-2.07038, 53.53881]}}, {"type": "Feature", "properties": {"t": "2412-Other sport and recreation constructions"}, "geometry": {"type": "Point", "coordinates": [-2.06912, 53.53881]}}, {"type": "Feature", "properties": {"t": "2412-Other sport and recreation constructions"}, "geometry": {"type": "Point", "coordinates": [-2.07005, 53.53882]}}, {"type": "Feature", "properties": {"t": "2412-Other sport and recreation constructions"}, "geometry": {"type": "Point", "coordinates": [-2.06525, 53.53882]}}, {"type": "Feature", "properties": {"t": "2412-Other sport and recreation constructions"}, "geometry": {"type": "Point", "coordinates": [-2.0648, 53.53883]}}, {"type": "Feature", "properties": {"t": "2412-Other sport and recreation constructions"}, "geometry": {"type": "Point", "coordinates": [-2.06421, 53.53883]}}, {"type": "Feature", "properties": {"t": "2412-Other sport and recreation constructions"}, "geometry": {"type": "Point", "coordinates": [-2.06954, 53.53883]}}, {"type": "Feature", "properties": {"t": "2412-Other sport and recreation constructions"}, "geometry": {"type": "Point", "coordinates": [-2.06821, 53.53883]}}, {"type": "Feature", "properties": {"t": "2412-Other sport and recreation constructions"}, "geometry": {"type": "Point", "coordinates": [-2.07103, 53.53883]}}, {"type": "Feature", "properties": {"t": "2412-Other sport and recreation constructions"}, "geometry": {"type": "Point", "coordinates": [-2.06863, 53.53883]}}, {"type": "Feature", "properties": {"t": "2412-Other sport and recreation constructions"}, "geometry": {"type": "Point", "coordinates": [-2.07044, 53.53884]}}, {"type": "Feature", "properties": {"t": "2412-Other sport and recreation constructions"}, "geometry": {"type": "Point", "coordinates": [-2.07128, 53.53884]}}, {"type": "Feature", "properties": {"t": "2412-Other sport and recreation constructions"}, "geometry": {"type": "Point", "coordinates": [-2.06768, 53.53884]}}, {"type": "Feature", "properties": {"t": "2412-Other sport and recreation constructions"}, "geometry": {"type": "Point", "coordinates": [-2.07003, 53.53885]}}, {"type": "Feature", "properties": {"t": "2412-Other sport and recreation constructions"}, "geometry": {"type": "Point", "coordinates": [-2.06445, 53.53885]}}, {"type": "Feature", "properties": {"t": "2412-Other sport and recreation constructions"}, "geometry": {"type": "Point", "coordinates": [-2.06633, 53.53886]}}, {"type": "Feature", "properties": {"t": "2412-Other sport and recreation constructions"}, "geometry": {"type": "Point", "coordinates": [-2.06413, 53.53886]}}, {"type": "Feature", "properties": {"t": "2412-Other sport and recreation constructions"}, "geometry": {"type": "Point", "coordinates": [-2.06384, 53.53859]}}, {"type": "Feature", "properties": {"t": "2412-Other sport and recreation constructions"}, "geometry": {"type": "Point", "coordinates": [-2.06322, 53.53862]}}, {"type": "Feature", "properties": {"t": "2412-Other sport and recreation constructions"}, "geometry": {"type": "Point", "coordinates": [-2.06334, 53.53866]}}, {"type": "Feature", "properties": {"t": "2412-Other sport and recreation constructions"}, "geometry": {"type": "Point", "coordinates": [-2.06374, 53.53871]}}, {"type": "Feature", "properties": {"t": "2412-Other sport and recreation constructions"}, "geometry": {"type": "Point", "coordinates": [-2.06352, 53.53871]}}, {"type": "Feature", "properties": {"t": "2412-Other sport and recreation constructions"}, "geometry": {"type": "Point", "coordinates": [-2.06392, 53.53882]}}, {"type": "Feature", "properties": {"t": "2412-Other sport and recreation constructions"}, "geometry": {"type": "Point", "coordinates": [-2.06388, 53.53885]}}, {"type": "Feature", "properties": {"t": "2412-Other sport and recreation constructions"}, "geometry": {"type": "Point", "coordinates": [-2.06378, 53.53898]}}, {"type": "Feature", "properties": {"t": "2412-Other sport and recreation constructions"}, "geometry": {"type": "Point", "coordinates": [-2.06378, 53.53903]}}, {"type": "Feature", "properties": {"t": "2412-Other sport and recreation constructions"}, "geometry": {"type": "Point", "coordinates": [-2.06384, 53.53914]}}, {"type": "Feature", "properties": {"t": "2412-Other sport and recreation constructions"}, "geometry": {"type": "Point", "coordinates": [-2.06951, 53.53886]}}, {"type": "Feature", "properties": {"t": "2412-Other sport and recreation constructions"}, "geometry": {"type": "Point", "coordinates": [-2.06781, 53.53887]}}, {"type": "Feature", "properties": {"t": "2412-Other sport and recreation constructions"}, "geometry": {"type": "Point", "coordinates": [-2.06921, 53.53887]}}, {"type": "Feature", "properties": {"t": "2412-Other sport and recreation constructions"}, "geometry": {"type": "Point", "coordinates": [-2.06648, 53.53886]}}, {"type": "Feature", "properties": {"t": "2412-Other sport and recreation constructions"}, "geometry": {"type": "Point", "coordinates": [-2.07048, 53.53887]}}, {"type": "Feature", "properties": {"t": "2412-Other sport and recreation constructions"}, "geometry": {"type": "Point", "coordinates": [-2.07124, 53.53887]}}, {"type": "Feature", "properties": {"t": "2412-Other sport and recreation constructions"}, "geometry": {"type": "Point", "coordinates": [-2.06874, 53.53888]}}, {"type": "Feature", "properties": {"t": "2412-Other sport and recreation constructions"}, "geometry": {"type": "Point", "coordinates": [-2.06617, 53.53887]}}, {"type": "Feature", "properties": {"t": "2412-Other sport and recreation constructions"}, "geometry": {"type": "Point", "coordinates": [-2.06474, 53.53888]}}, {"type": "Feature", "properties": {"t": "2412-Other sport and recreation constructions"}, "geometry": {"type": "Point", "coordinates": [-2.07053, 53.53889]}}, {"type": "Feature", "properties": {"t": "2412-Other sport and recreation constructions"}, "geometry": {"type": "Point", "coordinates": [-2.07, 53.53889]}}, {"type": "Feature", "properties": {"t": "2412-Other sport and recreation constructions"}, "geometry": {"type": "Point", "coordinates": [-2.0663, 53.53889]}}, {"type": "Feature", "properties": {"t": "2412-Other sport and recreation constructions"}, "geometry": {"type": "Point", "coordinates": [-2.06435, 53.5389]}}, {"type": "Feature", "properties": {"t": "2412-Other sport and recreation constructions"}, "geometry": {"type": "Point", "coordinates": [-2.06928, 53.5389]}}, {"type": "Feature", "properties": {"t": "2412-Other sport and recreation constructions"}, "geometry": {"type": "Point", "coordinates": [-2.06949, 53.5389]}}, {"type": "Feature", "properties": {"t": "2412-Other sport and recreation constructions"}, "geometry": {"type": "Point", "coordinates": [-2.07119, 53.53891]}}, {"type": "Feature", "properties": {"t": "2412-Other sport and recreation constructions"}, "geometry": {"type": "Point", "coordinates": [-2.0706, 53.53891]}}, {"type": "Feature", "properties": {"t": "2412-Other sport and recreation constructions"}, "geometry": {"type": "Point", "coordinates": [-2.06792, 53.53892]}}, {"type": "Feature", "properties": {"t": "2412-Other sport and recreation constructions"}, "geometry": {"type": "Point", "coordinates": [-2.06832, 53.53888]}}, {"type": "Feature", "properties": {"t": "2412-Other sport and recreation constructions"}, "geometry": {"type": "Point", "coordinates": [-2.06444, 53.53891]}}, {"type": "Feature", "properties": {"t": "2412-Other sport and recreation constructions"}, "geometry": {"type": "Point", "coordinates": [-2.06844, 53.53892]}}, {"type": "Feature", "properties": {"t": "2412-Other sport and recreation constructions"}, "geometry": {"type": "Point", "coordinates": [-2.06998, 53.53892]}}, {"type": "Feature", "properties": {"t": "2412-Other sport and recreation constructions"}, "geometry": {"type": "Point", "coordinates": [-2.06885, 53.53892]}}, {"type": "Feature", "properties": {"t": "2412-Other sport and recreation constructions"}, "geometry": {"type": "Point", "coordinates": [-2.06469, 53.53893]}}, {"type": "Feature", "properties": {"t": "2412-Other sport and recreation constructions"}, "geometry": {"type": "Point", "coordinates": [-2.07065, 53.53894]}}, {"type": "Feature", "properties": {"t": "2412-Other sport and recreation constructions"}, "geometry": {"type": "Point", "coordinates": [-2.06948, 53.53893]}}, {"type": "Feature", "properties": {"t": "2412-Other sport and recreation constructions"}, "geometry": {"type": "Point", "coordinates": [-2.06411, 53.53894]}}, {"type": "Feature", "properties": {"t": "2412-Other sport and recreation constructions"}, "geometry": {"type": "Point", "coordinates": [-2.06522, 53.53894]}}, {"type": "Feature", "properties": {"t": "2412-Other sport and recreation constructions"}, "geometry": {"type": "Point", "coordinates": [-2.06939, 53.53895]}}, {"type": "Feature", "properties": {"t": "2412-Other sport and recreation constructions"}, "geometry": {"type": "Point", "coordinates": [-2.06806, 53.53896]}}, {"type": "Feature", "properties": {"t": "2412-Other sport and recreation constructions"}, "geometry": {"type": "Point", "coordinates": [-2.0707, 53.53896]}}, {"type": "Feature", "properties": {"t": "2412-Other sport and recreation constructions"}, "geometry": {"type": "Point", "coordinates": [-2.06856, 53.53897]}}, {"type": "Feature", "properties": {"t": "2412-Other sport and recreation constructions"}, "geometry": {"type": "Point", "coordinates": [-2.06403, 53.53898]}}, {"type": "Feature", "properties": {"t": "2412-Other sport and recreation constructions"}, "geometry": {"type": "Point", "coordinates": [-2.06896, 53.53897]}}, {"type": "Feature", "properties": {"t": "2412-Other sport and recreation constructions"}, "geometry": {"type": "Point", "coordinates": [-2.07, 53.53897]}}, {"type": "Feature", "properties": {"t": "2412-Other sport and recreation constructions"}, "geometry": {"type": "Point", "coordinates": [-2.06446, 53.53897]}}, {"type": "Feature", "properties": {"t": "2412-Other sport and recreation constructions"}, "geometry": {"type": "Point", "coordinates": [-2.06462, 53.53898]}}, {"type": "Feature", "properties": {"t": "2412-Other sport and recreation constructions"}, "geometry": {"type": "Point", "coordinates": [-2.07075, 53.53898]}}, {"type": "Feature", "properties": {"t": "2412-Other sport and recreation constructions"}, "geometry": {"type": "Point", "coordinates": [-2.07081, 53.53899]}}, {"type": "Feature", "properties": {"t": "2412-Other sport and recreation constructions"}, "geometry": {"type": "Point", "coordinates": [-2.07091, 53.539]}}, {"type": "Feature", "properties": {"t": "2412-Other sport and recreation constructions"}, "geometry": {"type": "Point", "coordinates": [-2.06713, 53.53901]}}, {"type": "Feature", "properties": {"t": "2412-Other sport and recreation constructions"}, "geometry": {"type": "Point", "coordinates": [-2.07176, 53.539]}}, {"type": "Feature", "properties": {"t": "2412-Other sport and recreation constructions"}, "geometry": {"type": "Point", "coordinates": [-2.06515, 53.539]}}, {"type": "Feature", "properties": {"t": "2412-Other sport and recreation constructions"}, "geometry": {"type": "Point", "coordinates": [-2.06816, 53.53901]}}, {"type": "Feature", "properties": {"t": "2412-Other sport and recreation constructions"}, "geometry": {"type": "Point", "coordinates": [-2.06906, 53.53901]}}, {"type": "Feature", "properties": {"t": "2412-Other sport and recreation constructions"}, "geometry": {"type": "Point", "coordinates": [-2.06866, 53.53901]}}, {"type": "Feature", "properties": {"t": "2412-Other sport and recreation constructions"}, "geometry": {"type": "Point", "coordinates": [-2.07106, 53.53901]}}, {"type": "Feature", "properties": {"t": "2412-Other sport and recreation constructions"}, "geometry": {"type": "Point", "coordinates": [-2.06508, 53.53902]}}, {"type": "Feature", "properties": {"t": "2412-Other sport and recreation constructions"}, "geometry": {"type": "Point", "coordinates": [-2.07085, 53.53902]}}, {"type": "Feature", "properties": {"t": "2412-Other sport and recreation constructions"}, "geometry": {"type": "Point", "coordinates": [-2.06432, 53.53902]}}, {"type": "Feature", "properties": {"t": "2412-Other sport and recreation constructions"}, "geometry": {"type": "Point", "coordinates": [-2.06992, 53.53904]}}, {"type": "Feature", "properties": {"t": "2412-Other sport and recreation constructions"}, "geometry": {"type": "Point", "coordinates": [-2.06913, 53.53903]}}, {"type": "Feature", "properties": {"t": "2412-Other sport and recreation constructions"}, "geometry": {"type": "Point", "coordinates": [-2.06537, 53.53904]}}, {"type": "Feature", "properties": {"t": "2412-Other sport and recreation constructions"}, "geometry": {"type": "Point", "coordinates": [-2.06677, 53.53904]}}, {"type": "Feature", "properties": {"t": "2412-Other sport and recreation constructions"}, "geometry": {"type": "Point", "coordinates": [-2.0646, 53.53904]}}, {"type": "Feature", "properties": {"t": "2412-Other sport and recreation constructions"}, "geometry": {"type": "Point", "coordinates": [-2.07079, 53.53904]}}, {"type": "Feature", "properties": {"t": "2412-Other sport and recreation constructions"}, "geometry": {"type": "Point", "coordinates": [-2.07102, 53.53905]}}, {"type": "Feature", "properties": {"t": "2412-Other sport and recreation constructions"}, "geometry": {"type": "Point", "coordinates": [-2.06829, 53.53905]}}, {"type": "Feature", "properties": {"t": "2412-Other sport and recreation constructions"}, "geometry": {"type": "Point", "coordinates": [-2.06944, 53.53908]}}, {"type": "Feature", "properties": {"t": "2412-Other sport and recreation constructions"}, "geometry": {"type": "Point", "coordinates": [-2.06403, 53.53904]}}, {"type": "Feature", "properties": {"t": "2412-Other sport and recreation constructions"}, "geometry": {"type": "Point", "coordinates": [-2.06508, 53.53906]}}, {"type": "Feature", "properties": {"t": "2412-Other sport and recreation constructions"}, "geometry": {"type": "Point", "coordinates": [-2.06707, 53.53907]}}, {"type": "Feature", "properties": {"t": "2412-Other sport and recreation constructions"}, "geometry": {"type": "Point", "coordinates": [-2.06405, 53.53908]}}, {"type": "Feature", "properties": {"t": "2412-Other sport and recreation constructions"}, "geometry": {"type": "Point", "coordinates": [-2.07164, 53.53907]}}, {"type": "Feature", "properties": {"t": "2412-Other sport and recreation constructions"}, "geometry": {"type": "Point", "coordinates": [-2.06673, 53.53907]}}, {"type": "Feature", "properties": {"t": "2412-Other sport and recreation constructions"}, "geometry": {"type": "Point", "coordinates": [-2.07074, 53.53907]}}, {"type": "Feature", "properties": {"t": "2412-Other sport and recreation constructions"}, "geometry": {"type": "Point", "coordinates": [-2.07098, 53.53908]}}, {"type": "Feature", "properties": {"t": "2412-Other sport and recreation constructions"}, "geometry": {"type": "Point", "coordinates": [-2.06925, 53.53909]}}, {"type": "Feature", "properties": {"t": "2412-Other sport and recreation constructions"}, "geometry": {"type": "Point", "coordinates": [-2.06877, 53.53906]}}, {"type": "Feature", "properties": {"t": "2412-Other sport and recreation constructions"}, "geometry": {"type": "Point", "coordinates": [-2.0684, 53.53909]}}, {"type": "Feature", "properties": {"t": "2412-Other sport and recreation constructions"}, "geometry": {"type": "Point", "coordinates": [-2.06505, 53.53909]}}, {"type": "Feature", "properties": {"t": "2412-Other sport and recreation constructions"}, "geometry": {"type": "Point", "coordinates": [-2.06888, 53.53909]}}, {"type": "Feature", "properties": {"t": "2412-Other sport and recreation constructions"}, "geometry": {"type": "Point", "coordinates": [-2.06453, 53.5391]}}, {"type": "Feature", "properties": {"t": "2412-Other sport and recreation constructions"}, "geometry": {"type": "Point", "coordinates": [-2.06437, 53.5391]}}, {"type": "Feature", "properties": {"t": "2412-Other sport and recreation constructions"}, "geometry": {"type": "Point", "coordinates": [-2.07161, 53.53911]}}, {"type": "Feature", "properties": {"t": "2412-Other sport and recreation constructions"}, "geometry": {"type": "Point", "coordinates": [-2.07069, 53.53911]}}, {"type": "Feature", "properties": {"t": "2412-Other sport and recreation constructions"}, "geometry": {"type": "Point", "coordinates": [-2.07095, 53.53911]}}, {"type": "Feature", "properties": {"t": "2412-Other sport and recreation constructions"}, "geometry": {"type": "Point", "coordinates": [-2.067, 53.53912]}}, {"type": "Feature", "properties": {"t": "2412-Other sport and recreation constructions"}, "geometry": {"type": "Point", "coordinates": [-2.06894, 53.53912]}}, {"type": "Feature", "properties": {"t": "2412-Other sport and recreation constructions"}, "geometry": {"type": "Point", "coordinates": [-2.06521, 53.53914]}}, {"type": "Feature", "properties": {"t": "2412-Other sport and recreation constructions"}, "geometry": {"type": "Point", "coordinates": [-2.11961, 53.53573]}}, {"type": "Feature", "properties": {"t": "2412-Other sport and recreation constructions"}, "geometry": {"type": "Point", "coordinates": [-2.11836, 53.53574]}}, {"type": "Feature", "properties": {"t": "2412-Other sport and recreation constructions"}, "geometry": {"type": "Point", "coordinates": [-2.11911, 53.53575]}}, {"type": "Feature", "properties": {"t": "2412-Other sport and recreation constructions"}, "geometry": {"type": "Point", "coordinates": [-2.11875, 53.53575]}}, {"type": "Feature", "properties": {"t": "2412-Other sport and recreation constructions"}, "geometry": {"type": "Point", "coordinates": [-2.11938, 53.53578]}}, {"type": "Feature", "properties": {"t": "2412-Other sport and recreation constructions"}, "geometry": {"type": "Point", "coordinates": [-2.11971, 53.5358]}}, {"type": "Feature", "properties": {"t": "2412-Other sport and recreation constructions"}, "geometry": {"type": "Point", "coordinates": [-2.11808, 53.5358]}}, {"type": "Feature", "properties": {"t": "2412-Other sport and recreation constructions"}, "geometry": {"type": "Point", "coordinates": [-2.11895, 53.53581]}}, {"type": "Feature", "properties": {"t": "2412-Other sport and recreation constructions"}, "geometry": {"type": "Point", "coordinates": [-2.1193, 53.53582]}}, {"type": "Feature", "properties": {"t": "2412-Other sport and recreation constructions"}, "geometry": {"type": "Point", "coordinates": [-2.11867, 53.53584]}}, {"type": "Feature", "properties": {"t": "2412-Other sport and recreation constructions"}, "geometry": {"type": "Point", "coordinates": [-2.11822, 53.53584]}}, {"type": "Feature", "properties": {"t": "2412-Other sport and recreation constructions"}, "geometry": {"type": "Point", "coordinates": [-2.11906, 53.53588]}}, {"type": "Feature", "properties": {"t": "2412-Other sport and recreation constructions"}, "geometry": {"type": "Point", "coordinates": [-2.11799, 53.53588]}}, {"type": "Feature", "properties": {"t": "2412-Other sport and recreation constructions"}, "geometry": {"type": "Point", "coordinates": [-2.11957, 53.53588]}}, {"type": "Feature", "properties": {"t": "2412-Other sport and recreation constructions"}, "geometry": {"type": "Point", "coordinates": [-2.11881, 53.53591]}}, {"type": "Feature", "properties": {"t": "2412-Other sport and recreation constructions"}, "geometry": {"type": "Point", "coordinates": [-2.11835, 53.53592]}}, {"type": "Feature", "properties": {"t": "2412-Other sport and recreation constructions"}, "geometry": {"type": "Point", "coordinates": [-2.11916, 53.53592]}}, {"type": "Feature", "properties": {"t": "2412-Other sport and recreation constructions"}, "geometry": {"type": "Point", "coordinates": [-2.11941, 53.53595]}}, {"type": "Feature", "properties": {"t": "2412-Other sport and recreation constructions"}, "geometry": {"type": "Point", "coordinates": [-2.11977, 53.53595]}}, {"type": "Feature", "properties": {"t": "2412-Other sport and recreation constructions"}, "geometry": {"type": "Point", "coordinates": [-2.11847, 53.53596]}}, {"type": "Feature", "properties": {"t": "2412-Other sport and recreation constructions"}, "geometry": {"type": "Point", "coordinates": [-2.11813, 53.53596]}}, {"type": "Feature", "properties": {"t": "2412-Other sport and recreation constructions"}, "geometry": {"type": "Point", "coordinates": [-2.11912, 53.53597]}}, {"type": "Feature", "properties": {"t": "2412-Other sport and recreation constructions"}, "geometry": {"type": "Point", "coordinates": [-2.11992, 53.53598]}}, {"type": "Feature", "properties": {"t": "2412-Other sport and recreation constructions"}, "geometry": {"type": "Point", "coordinates": [-2.11932, 53.53599]}}, {"type": "Feature", "properties": {"t": "2412-Other sport and recreation constructions"}, "geometry": {"type": "Point", "coordinates": [-2.11968, 53.53599]}}, {"type": "Feature", "properties": {"t": "2412-Other sport and recreation constructions"}, "geometry": {"type": "Point", "coordinates": [-2.11825, 53.536]}}, {"type": "Feature", "properties": {"t": "2412-Other sport and recreation constructions"}, "geometry": {"type": "Point", "coordinates": [-2.11893, 53.53601]}}, {"type": "Feature", "properties": {"t": "2412-Other sport and recreation constructions"}, "geometry": {"type": "Point", "coordinates": [-2.11864, 53.53603]}}, {"type": "Feature", "properties": {"t": "2412-Other sport and recreation constructions"}, "geometry": {"type": "Point", "coordinates": [-2.11911, 53.53605]}}, {"type": "Feature", "properties": {"t": "2412-Other sport and recreation constructions"}, "geometry": {"type": "Point", "coordinates": [-2.11837, 53.53606]}}, {"type": "Feature", "properties": {"t": "2412-Other sport and recreation constructions"}, "geometry": {"type": "Point", "coordinates": [-2.11953, 53.53606]}}, {"type": "Feature", "properties": {"t": "2412-Other sport and recreation constructions"}, "geometry": {"type": "Point", "coordinates": [-2.12003, 53.53606]}}, {"type": "Feature", "properties": {"t": "2412-Other sport and recreation constructions"}, "geometry": {"type": "Point", "coordinates": [-2.11872, 53.53607]}}, {"type": "Feature", "properties": {"t": "2412-Other sport and recreation constructions"}, "geometry": {"type": "Point", "coordinates": [-2.11974, 53.53609]}}, {"type": "Feature", "properties": {"t": "2412-Other sport and recreation constructions"}, "geometry": {"type": "Point", "coordinates": [-2.11849, 53.53611]}}, {"type": "Feature", "properties": {"t": "2412-Other sport and recreation constructions"}, "geometry": {"type": "Point", "coordinates": [-2.11996, 53.53611]}}, {"type": "Feature", "properties": {"t": "2412-Other sport and recreation constructions"}, "geometry": {"type": "Point", "coordinates": [-2.11939, 53.53612]}}, {"type": "Feature", "properties": {"t": "2412-Other sport and recreation constructions"}, "geometry": {"type": "Point", "coordinates": [-2.11991, 53.53613]}}, {"type": "Feature", "properties": {"t": "2412-Other sport and recreation constructions"}, "geometry": {"type": "Point", "coordinates": [-2.11963, 53.53615]}}, {"type": "Feature", "properties": {"t": "2412-Other sport and recreation constructions"}, "geometry": {"type": "Point", "coordinates": [-2.11888, 53.53615]}}, {"type": "Feature", "properties": {"t": "2412-Other sport and recreation constructions"}, "geometry": {"type": "Point", "coordinates": [-2.12202, 53.53609]}}, {"type": "Feature", "properties": {"t": "2412-Other sport and recreation constructions"}, "geometry": {"type": "Point", "coordinates": [-2.12063, 53.53613]}}, {"type": "Feature", "properties": {"t": "2412-Other sport and recreation constructions"}, "geometry": {"type": "Point", "coordinates": [-2.12066, 53.53616]}}, {"type": "Feature", "properties": {"t": "2412-Other sport and recreation constructions"}, "geometry": {"type": "Point", "coordinates": [-2.12069, 53.53619]}}, {"type": "Feature", "properties": {"t": "2412-Other sport and recreation constructions"}, "geometry": {"type": "Point", "coordinates": [-2.12073, 53.53623]}}, {"type": "Feature", "properties": {"t": "2412-Other sport and recreation constructions"}, "geometry": {"type": "Point", "coordinates": [-2.1205, 53.53623]}}, {"type": "Feature", "properties": {"t": "2412-Other sport and recreation constructions"}, "geometry": {"type": "Point", "coordinates": [-2.12077, 53.53626]}}, {"type": "Feature", "properties": {"t": "2412-Other sport and recreation constructions"}, "geometry": {"type": "Point", "coordinates": [-2.12043, 53.53628]}}, {"type": "Feature", "properties": {"t": "2412-Other sport and recreation constructions"}, "geometry": {"type": "Point", "coordinates": [-2.12037, 53.5363]}}, {"type": "Feature", "properties": {"t": "2412-Other sport and recreation constructions"}, "geometry": {"type": "Point", "coordinates": [-2.12084, 53.53631]}}, {"type": "Feature", "properties": {"t": "2412-Other sport and recreation constructions"}, "geometry": {"type": "Point", "coordinates": [-2.11986, 53.53616]}}, {"type": "Feature", "properties": {"t": "2412-Other sport and recreation constructions"}, "geometry": {"type": "Point", "coordinates": [-2.11862, 53.53617]}}, {"type": "Feature", "properties": {"t": "2412-Other sport and recreation constructions"}, "geometry": {"type": "Point", "coordinates": [-2.11981, 53.53618]}}, {"type": "Feature", "properties": {"t": "2412-Other sport and recreation constructions"}, "geometry": {"type": "Point", "coordinates": [-2.11895, 53.53618]}}, {"type": "Feature", "properties": {"t": "2412-Other sport and recreation constructions"}, "geometry": {"type": "Point", "coordinates": [-2.11922, 53.53619]}}, {"type": "Feature", "properties": {"t": "2412-Other sport and recreation constructions"}, "geometry": {"type": "Point", "coordinates": [-2.11974, 53.53621]}}, {"type": "Feature", "properties": {"t": "2412-Other sport and recreation constructions"}, "geometry": {"type": "Point", "coordinates": [-2.11873, 53.53622]}}, {"type": "Feature", "properties": {"t": "2412-Other sport and recreation constructions"}, "geometry": {"type": "Point", "coordinates": [-2.11949, 53.53623]}}, {"type": "Feature", "properties": {"t": "2412-Other sport and recreation constructions"}, "geometry": {"type": "Point", "coordinates": [-2.11971, 53.53624]}}, {"type": "Feature", "properties": {"t": "2412-Other sport and recreation constructions"}, "geometry": {"type": "Point", "coordinates": [-2.11966, 53.53627]}}, {"type": "Feature", "properties": {"t": "2412-Other sport and recreation constructions"}, "geometry": {"type": "Point", "coordinates": [-2.11963, 53.53629]}}, {"type": "Feature", "properties": {"t": "2412-Other sport and recreation constructions"}, "geometry": {"type": "Point", "coordinates": [-2.11937, 53.53629]}}, {"type": "Feature", "properties": {"t": "2412-Other sport and recreation constructions"}, "geometry": {"type": "Point", "coordinates": [-2.11891, 53.5363]}}, {"type": "Feature", "properties": {"t": "2412-Other sport and recreation constructions"}, "geometry": {"type": "Point", "coordinates": [-2.11956, 53.53632]}}, {"type": "Feature", "properties": {"t": "2412-Other sport and recreation constructions"}, "geometry": {"type": "Point", "coordinates": [-2.11952, 53.53634]}}, {"type": "Feature", "properties": {"t": "2412-Other sport and recreation constructions"}, "geometry": {"type": "Point", "coordinates": [-2.11947, 53.53637]}}, {"type": "Feature", "properties": {"t": "2412-Other sport and recreation constructions"}, "geometry": {"type": "Point", "coordinates": [-2.11916, 53.53637]}}, {"type": "Feature", "properties": {"t": "2412-Other sport and recreation constructions"}, "geometry": {"type": "Point", "coordinates": [-2.11941, 53.5364]}}, {"type": "Feature", "properties": {"t": "2412-Other sport and recreation constructions"}, "geometry": {"type": "Point", "coordinates": [-2.12017, 53.53641]}}, {"type": "Feature", "properties": {"t": "2412-Other sport and recreation constructions"}, "geometry": {"type": "Point", "coordinates": [-2.11936, 53.53643]}}, {"type": "Feature", "properties": {"t": "2412-Other sport and recreation constructions"}, "geometry": {"type": "Point", "coordinates": [-2.12062, 53.53631]}}, {"type": "Feature", "properties": {"t": "2412-Other sport and recreation constructions"}, "geometry": {"type": "Point", "coordinates": [-2.12032, 53.53634]}}, {"type": "Feature", "properties": {"t": "2412-Other sport and recreation constructions"}, "geometry": {"type": "Point", "coordinates": [-2.12052, 53.53636]}}, {"type": "Feature", "properties": {"t": "2412-Other sport and recreation constructions"}, "geometry": {"type": "Point", "coordinates": [-2.12027, 53.53636]}}, {"type": "Feature", "properties": {"t": "2412-Other sport and recreation constructions"}, "geometry": {"type": "Point", "coordinates": [-2.12022, 53.53639]}}, {"type": "Feature", "properties": {"t": "2412-Other sport and recreation constructions"}, "geometry": {"type": "Point", "coordinates": [-2.12045, 53.5364]}}, {"type": "Feature", "properties": {"t": "2412-Other sport and recreation constructions"}, "geometry": {"type": "Point", "coordinates": [-2.12081, 53.53641]}}, {"type": "Feature", "properties": {"t": "2412-Other sport and recreation constructions"}, "geometry": {"type": "Point", "coordinates": [-2.12039, 53.53644]}}, {"type": "Feature", "properties": {"t": "2412-Other sport and recreation constructions"}, "geometry": {"type": "Point", "coordinates": [-2.12072, 53.53647]}}, {"type": "Feature", "properties": {"t": "2412-Other sport and recreation constructions"}, "geometry": {"type": "Point", "coordinates": [-2.12033, 53.53647]}}, {"type": "Feature", "properties": {"t": "2412-Other sport and recreation constructions"}, "geometry": {"type": "Point", "coordinates": [-2.12013, 53.53645]}}, {"type": "Feature", "properties": {"t": "2412-Other sport and recreation constructions"}, "geometry": {"type": "Point", "coordinates": [-2.11932, 53.53645]}}, {"type": "Feature", "properties": {"t": "2412-Other sport and recreation constructions"}, "geometry": {"type": "Point", "coordinates": [-2.12007, 53.53648]}}, {"type": "Feature", "properties": {"t": "2412-Other sport and recreation constructions"}, "geometry": {"type": "Point", "coordinates": [-2.11926, 53.53648]}}, {"type": "Feature", "properties": {"t": "2412-Other sport and recreation constructions"}, "geometry": {"type": "Point", "coordinates": [-2.11919, 53.5365]}}, {"type": "Feature", "properties": {"t": "2412-Other sport and recreation constructions"}, "geometry": {"type": "Point", "coordinates": [-2.12002, 53.53651]}}, {"type": "Feature", "properties": {"t": "2412-Other sport and recreation constructions"}, "geometry": {"type": "Point", "coordinates": [-2.11997, 53.53652]}}, {"type": "Feature", "properties": {"t": "2412-Other sport and recreation constructions"}, "geometry": {"type": "Point", "coordinates": [-2.11915, 53.53654]}}, {"type": "Feature", "properties": {"t": "2412-Other sport and recreation constructions"}, "geometry": {"type": "Point", "coordinates": [-2.11911, 53.53656]}}, {"type": "Feature", "properties": {"t": "2412-Other sport and recreation constructions"}, "geometry": {"type": "Point", "coordinates": [-2.11992, 53.53656]}}, {"type": "Feature", "properties": {"t": "2412-Other sport and recreation constructions"}, "geometry": {"type": "Point", "coordinates": [-2.12088, 53.53649]}}, {"type": "Feature", "properties": {"t": "2412-Other sport and recreation constructions"}, "geometry": {"type": "Point", "coordinates": [-2.12123, 53.53649]}}, {"type": "Feature", "properties": {"t": "2412-Other sport and recreation constructions"}, "geometry": {"type": "Point", "coordinates": [-2.12066, 53.53651]}}, {"type": "Feature", "properties": {"t": "2412-Other sport and recreation constructions"}, "geometry": {"type": "Point", "coordinates": [-2.12026, 53.53651]}}, {"type": "Feature", "properties": {"t": "2412-Other sport and recreation constructions"}, "geometry": {"type": "Point", "coordinates": [-2.12018, 53.53655]}}, {"type": "Feature", "properties": {"t": "2412-Other sport and recreation constructions"}, "geometry": {"type": "Point", "coordinates": [-2.12128, 53.53655]}}, {"type": "Feature", "properties": {"t": "2412-Other sport and recreation constructions"}, "geometry": {"type": "Point", "coordinates": [-2.12076, 53.53655]}}, {"type": "Feature", "properties": {"t": "2412-Other sport and recreation constructions"}, "geometry": {"type": "Point", "coordinates": [-2.12053, 53.53658]}}, {"type": "Feature", "properties": {"t": "2412-Other sport and recreation constructions"}, "geometry": {"type": "Point", "coordinates": [-2.12047, 53.53661]}}, {"type": "Feature", "properties": {"t": "2412-Other sport and recreation constructions"}, "geometry": {"type": "Point", "coordinates": [-2.12065, 53.53661]}}, {"type": "Feature", "properties": {"t": "2412-Other sport and recreation constructions"}, "geometry": {"type": "Point", "coordinates": [-2.11987, 53.53658]}}, {"type": "Feature", "properties": {"t": "2412-Other sport and recreation constructions"}, "geometry": {"type": "Point", "coordinates": [-2.11906, 53.5366]}}, {"type": "Feature", "properties": {"t": "2412-Other sport and recreation constructions"}, "geometry": {"type": "Point", "coordinates": [-2.12008, 53.5366]}}, {"type": "Feature", "properties": {"t": "2412-Other sport and recreation constructions"}, "geometry": {"type": "Point", "coordinates": [-2.11982, 53.53661]}}, {"type": "Feature", "properties": {"t": "2412-Other sport and recreation constructions"}, "geometry": {"type": "Point", "coordinates": [-2.12, 53.53661]}}, {"type": "Feature", "properties": {"t": "2412-Other sport and recreation constructions"}, "geometry": {"type": "Point", "coordinates": [-2.11977, 53.53664]}}, {"type": "Feature", "properties": {"t": "2412-Other sport and recreation constructions"}, "geometry": {"type": "Point", "coordinates": [-2.11995, 53.53667]}}, {"type": "Feature", "properties": {"t": "2412-Other sport and recreation constructions"}, "geometry": {"type": "Point", "coordinates": [-2.11972, 53.53667]}}, {"type": "Feature", "properties": {"t": "2412-Other sport and recreation constructions"}, "geometry": {"type": "Point", "coordinates": [-2.11967, 53.5367]}}, {"type": "Feature", "properties": {"t": "2412-Other sport and recreation constructions"}, "geometry": {"type": "Point", "coordinates": [-2.11988, 53.53671]}}, {"type": "Feature", "properties": {"t": "2412-Other sport and recreation constructions"}, "geometry": {"type": "Point", "coordinates": [-2.12034, 53.53665]}}, {"type": "Feature", "properties": {"t": "2412-Other sport and recreation constructions"}, "geometry": {"type": "Point", "coordinates": [-2.12134, 53.53665]}}, {"type": "Feature", "properties": {"t": "2412-Other sport and recreation constructions"}, "geometry": {"type": "Point", "coordinates": [-2.12094, 53.53668]}}, {"type": "Feature", "properties": {"t": "2412-Other sport and recreation constructions"}, "geometry": {"type": "Point", "coordinates": [-2.12025, 53.53669]}}, {"type": "Feature", "properties": {"t": "2412-Other sport and recreation constructions"}, "geometry": {"type": "Point", "coordinates": [-2.12144, 53.53674]}}, {"type": "Feature", "properties": {"t": "2412-Other sport and recreation constructions"}, "geometry": {"type": "Point", "coordinates": [-2.12017, 53.53674]}}, {"type": "Feature", "properties": {"t": "2412-Other sport and recreation constructions"}, "geometry": {"type": "Point", "coordinates": [-2.12036, 53.53677]}}, {"type": "Feature", "properties": {"t": "2412-Other sport and recreation constructions"}, "geometry": {"type": "Point", "coordinates": [-2.1205, 53.53678]}}, {"type": "Feature", "properties": {"t": "2412-Other sport and recreation constructions"}, "geometry": {"type": "Point", "coordinates": [-2.12097, 53.53679]}}, {"type": "Feature", "properties": {"t": "2412-Other sport and recreation constructions"}, "geometry": {"type": "Point", "coordinates": [-2.12124, 53.5368]}}, {"type": "Feature", "properties": {"t": "2412-Other sport and recreation constructions"}, "geometry": {"type": "Point", "coordinates": [-2.11962, 53.53673]}}, {"type": "Feature", "properties": {"t": "2412-Other sport and recreation constructions"}, "geometry": {"type": "Point", "coordinates": [-2.11982, 53.53675]}}, {"type": "Feature", "properties": {"t": "2412-Other sport and recreation constructions"}, "geometry": {"type": "Point", "coordinates": [-2.11957, 53.53676]}}, {"type": "Feature", "properties": {"t": "2412-Other sport and recreation constructions"}, "geometry": {"type": "Point", "coordinates": [-2.11976, 53.53678]}}, {"type": "Feature", "properties": {"t": "2412-Other sport and recreation constructions"}, "geometry": {"type": "Point", "coordinates": [-2.11952, 53.53678]}}, {"type": "Feature", "properties": {"t": "2412-Other sport and recreation constructions"}, "geometry": {"type": "Point", "coordinates": [-2.12011, 53.53681]}}, {"type": "Feature", "properties": {"t": "2412-Other sport and recreation constructions"}, "geometry": {"type": "Point", "coordinates": [-2.11969, 53.53682]}}, {"type": "Feature", "properties": {"t": "2412-Other sport and recreation constructions"}, "geometry": {"type": "Point", "coordinates": [-2.12004, 53.53684]}}, {"type": "Feature", "properties": {"t": "2412-Other sport and recreation constructions"}, "geometry": {"type": "Point", "coordinates": [-2.11919, 53.53686]}}, {"type": "Feature", "properties": {"t": "2412-Other sport and recreation constructions"}, "geometry": {"type": "Point", "coordinates": [-2.11935, 53.53687]}}, {"type": "Feature", "properties": {"t": "2412-Other sport and recreation constructions"}, "geometry": {"type": "Point", "coordinates": [-2.12215, 53.53681]}}, {"type": "Feature", "properties": {"t": "2412-Other sport and recreation constructions"}, "geometry": {"type": "Point", "coordinates": [-2.12056, 53.53682]}}, {"type": "Feature", "properties": {"t": "2412-Other sport and recreation constructions"}, "geometry": {"type": "Point", "coordinates": [-2.12155, 53.53683]}}, {"type": "Feature", "properties": {"t": "2412-Other sport and recreation constructions"}, "geometry": {"type": "Point", "coordinates": [-2.12117, 53.53684]}}, {"type": "Feature", "properties": {"t": "2412-Other sport and recreation constructions"}, "geometry": {"type": "Point", "coordinates": [-2.12061, 53.53686]}}, {"type": "Feature", "properties": {"t": "2412-Other sport and recreation constructions"}, "geometry": {"type": "Point", "coordinates": [-2.12036, 53.53686]}}, {"type": "Feature", "properties": {"t": "2412-Other sport and recreation constructions"}, "geometry": {"type": "Point", "coordinates": [-2.12109, 53.53687]}}, {"type": "Feature", "properties": {"t": "2412-Other sport and recreation constructions"}, "geometry": {"type": "Point", "coordinates": [-2.12134, 53.53691]}}, {"type": "Feature", "properties": {"t": "2412-Other sport and recreation constructions"}, "geometry": {"type": "Point", "coordinates": [-2.12067, 53.5369]}}, {"type": "Feature", "properties": {"t": "2412-Other sport and recreation constructions"}, "geometry": {"type": "Point", "coordinates": [-2.12041, 53.5369]}}, {"type": "Feature", "properties": {"t": "2412-Other sport and recreation constructions"}, "geometry": {"type": "Point", "coordinates": [-2.12217, 53.5369]}}, {"type": "Feature", "properties": {"t": "2412-Other sport and recreation constructions"}, "geometry": {"type": "Point", "coordinates": [-2.12103, 53.53691]}}, {"type": "Feature", "properties": {"t": "2412-Other sport and recreation constructions"}, "geometry": {"type": "Point", "coordinates": [-2.12047, 53.53694]}}, {"type": "Feature", "properties": {"t": "2412-Other sport and recreation constructions"}, "geometry": {"type": "Point", "coordinates": [-2.12096, 53.53694]}}, {"type": "Feature", "properties": {"t": "2412-Other sport and recreation constructions"}, "geometry": {"type": "Point", "coordinates": [-2.12166, 53.53694]}}, {"type": "Feature", "properties": {"t": "2412-Other sport and recreation constructions"}, "geometry": {"type": "Point", "coordinates": [-2.12083, 53.53695]}}, {"type": "Feature", "properties": {"t": "2412-Other sport and recreation constructions"}, "geometry": {"type": "Point", "coordinates": [-2.12216, 53.53697]}}, {"type": "Feature", "properties": {"t": "2412-Other sport and recreation constructions"}, "geometry": {"type": "Point", "coordinates": [-2.12021, 53.53697]}}, {"type": "Feature", "properties": {"t": "2412-Other sport and recreation constructions"}, "geometry": {"type": "Point", "coordinates": [-2.1205, 53.53699]}}, {"type": "Feature", "properties": {"t": "2412-Other sport and recreation constructions"}, "geometry": {"type": "Point", "coordinates": [-2.12026, 53.537]}}, {"type": "Feature", "properties": {"t": "2412-Other sport and recreation constructions"}, "geometry": {"type": "Point", "coordinates": [-2.12125, 53.53702]}}, {"type": "Feature", "properties": {"t": "2412-Other sport and recreation constructions"}, "geometry": {"type": "Point", "coordinates": [-2.12031, 53.53704]}}, {"type": "Feature", "properties": {"t": "2412-Other sport and recreation constructions"}, "geometry": {"type": "Point", "coordinates": [-2.12117, 53.53705]}}, {"type": "Feature", "properties": {"t": "2412-Other sport and recreation constructions"}, "geometry": {"type": "Point", "coordinates": [-2.12036, 53.53707]}}, {"type": "Feature", "properties": {"t": "2412-Other sport and recreation constructions"}, "geometry": {"type": "Point", "coordinates": [-2.12143, 53.53708]}}, {"type": "Feature", "properties": {"t": "2412-Other sport and recreation constructions"}, "geometry": {"type": "Point", "coordinates": [-2.12176, 53.5371]}}, {"type": "Feature", "properties": {"t": "2412-Other sport and recreation constructions"}, "geometry": {"type": "Point", "coordinates": [-2.12076, 53.53709]}}, {"type": "Feature", "properties": {"t": "2412-Other sport and recreation constructions"}, "geometry": {"type": "Point", "coordinates": [-2.12042, 53.53711]}}, {"type": "Feature", "properties": {"t": "2412-Other sport and recreation constructions"}, "geometry": {"type": "Point", "coordinates": [-2.12135, 53.53711]}}, {"type": "Feature", "properties": {"t": "2412-Other sport and recreation constructions"}, "geometry": {"type": "Point", "coordinates": [-2.12047, 53.53714]}}, {"type": "Feature", "properties": {"t": "2412-Other sport and recreation constructions"}, "geometry": {"type": "Point", "coordinates": [-2.12126, 53.53714]}}, {"type": "Feature", "properties": {"t": "2412-Other sport and recreation constructions"}, "geometry": {"type": "Point", "coordinates": [-2.1209, 53.53719]}}, {"type": "Feature", "properties": {"t": "2412-Other sport and recreation constructions"}, "geometry": {"type": "Point", "coordinates": [-2.12052, 53.53722]}}, {"type": "Feature", "properties": {"t": "2412-Other sport and recreation constructions"}, "geometry": {"type": "Point", "coordinates": [-2.12032, 53.53723]}}, {"type": "Feature", "properties": {"t": "2412-Other sport and recreation constructions"}, "geometry": {"type": "Point", "coordinates": [-2.12159, 53.53722]}}, {"type": "Feature", "properties": {"t": "2412-Other sport and recreation constructions"}, "geometry": {"type": "Point", "coordinates": [-2.12021, 53.53722]}}, {"type": "Feature", "properties": {"t": "2412-Other sport and recreation constructions"}, "geometry": {"type": "Point", "coordinates": [-2.12175, 53.53723]}}, {"type": "Feature", "properties": {"t": "2412-Other sport and recreation constructions"}, "geometry": {"type": "Point", "coordinates": [-2.12066, 53.53725]}}, {"type": "Feature", "properties": {"t": "2412-Other sport and recreation constructions"}, "geometry": {"type": "Point", "coordinates": [-2.12104, 53.53728]}}, {"type": "Feature", "properties": {"t": "2412-Other sport and recreation constructions"}, "geometry": {"type": "Point", "coordinates": [-2.12073, 53.53728]}}, {"type": "Feature", "properties": {"t": "2412-Other sport and recreation constructions"}, "geometry": {"type": "Point", "coordinates": [-2.12153, 53.5373]}}, {"type": "Feature", "properties": {"t": "2412-Other sport and recreation constructions"}, "geometry": {"type": "Point", "coordinates": [-2.12111, 53.53732]}}, {"type": "Feature", "properties": {"t": "2412-Other sport and recreation constructions"}, "geometry": {"type": "Point", "coordinates": [-2.12082, 53.53733]}}, {"type": "Feature", "properties": {"t": "2412-Other sport and recreation constructions"}, "geometry": {"type": "Point", "coordinates": [-2.12171, 53.53733]}}, {"type": "Feature", "properties": {"t": "2412-Other sport and recreation constructions"}, "geometry": {"type": "Point", "coordinates": [-2.12088, 53.53737]}}, {"type": "Feature", "properties": {"t": "2412-Other sport and recreation constructions"}, "geometry": {"type": "Point", "coordinates": [-2.12149, 53.53738]}}, {"type": "Feature", "properties": {"t": "2412-Other sport and recreation constructions"}, "geometry": {"type": "Point", "coordinates": [-2.12123, 53.53739]}}, {"type": "Feature", "properties": {"t": "2412-Other sport and recreation constructions"}, "geometry": {"type": "Point", "coordinates": [-2.12093, 53.53741]}}, {"type": "Feature", "properties": {"t": "2412-Other sport and recreation constructions"}, "geometry": {"type": "Point", "coordinates": [-2.12168, 53.53742]}}, {"type": "Feature", "properties": {"t": "2412-Other sport and recreation constructions"}, "geometry": {"type": "Point", "coordinates": [-2.12099, 53.53745]}}, {"type": "Feature", "properties": {"t": "2412-Other sport and recreation constructions"}, "geometry": {"type": "Point", "coordinates": [-2.11998, 53.53687]}}, {"type": "Feature", "properties": {"t": "2412-Other sport and recreation constructions"}, "geometry": {"type": "Point", "coordinates": [-2.12016, 53.53694]}}, {"type": "Feature", "properties": {"t": "2412-Other sport and recreation constructions"}, "geometry": {"type": "Point", "coordinates": [-2.11981, 53.53694]}}, {"type": "Feature", "properties": {"t": "2412-Other sport and recreation constructions"}, "geometry": {"type": "Point", "coordinates": [-2.11999, 53.53703]}}, {"type": "Feature", "properties": {"t": "2412-Other sport and recreation constructions"}, "geometry": {"type": "Point", "coordinates": [-2.12004, 53.53707]}}, {"type": "Feature", "properties": {"t": "2412-Other sport and recreation constructions"}, "geometry": {"type": "Point", "coordinates": [-2.12009, 53.5371]}}, {"type": "Feature", "properties": {"t": "2412-Other sport and recreation constructions"}, "geometry": {"type": "Point", "coordinates": [-2.12012, 53.53714]}}, {"type": "Feature", "properties": {"t": "2412-Other sport and recreation constructions"}, "geometry": {"type": "Point", "coordinates": [-2.12017, 53.53718]}}, {"type": "Feature", "properties": {"t": "2412-Other sport and recreation constructions"}, "geometry": {"type": "Point", "coordinates": [-2.11836, 53.53938]}}, {"type": "Feature", "properties": {"t": "2412-Other sport and recreation constructions"}, "geometry": {"type": "Point", "coordinates": [-2.11827, 53.53948]}}, {"type": "Feature", "properties": {"t": "2412-Other sport and recreation constructions"}, "geometry": {"type": "Point", "coordinates": [-2.11604, 53.5352]}}, {"type": "Feature", "properties": {"t": "2412-Other sport and recreation constructions"}, "geometry": {"type": "Point", "coordinates": [-2.11598, 53.53523]}}, {"type": "Feature", "properties": {"t": "2412-Other sport and recreation constructions"}, "geometry": {"type": "Point", "coordinates": [-2.11591, 53.53525]}}, {"type": "Feature", "properties": {"t": "2412-Other sport and recreation constructions"}, "geometry": {"type": "Point", "coordinates": [-2.11616, 53.53534]}}, {"type": "Feature", "properties": {"t": "2412-Other sport and recreation constructions"}, "geometry": {"type": "Point", "coordinates": [-2.1161, 53.53537]}}, {"type": "Feature", "properties": {"t": "2412-Other sport and recreation constructions"}, "geometry": {"type": "Point", "coordinates": [-2.1131, 53.53576]}}, {"type": "Feature", "properties": {"t": "2412-Other sport and recreation constructions"}, "geometry": {"type": "Point", "coordinates": [-2.11383, 53.53591]}}, {"type": "Feature", "properties": {"t": "2412-Other sport and recreation constructions"}, "geometry": {"type": "Point", "coordinates": [-2.11292, 53.53613]}}, {"type": "Feature", "properties": {"t": "2412-Other sport and recreation constructions"}, "geometry": {"type": "Point", "coordinates": [-2.11288, 53.53619]}}, {"type": "Feature", "properties": {"t": "2412-Other sport and recreation constructions"}, "geometry": {"type": "Point", "coordinates": [-2.11503, 53.53647]}}, {"type": "Feature", "properties": {"t": "2412-Other sport and recreation constructions"}, "geometry": {"type": "Point", "coordinates": [-2.11134, 53.53585]}}, {"type": "Feature", "properties": {"t": "2412-Other sport and recreation constructions"}, "geometry": {"type": "Point", "coordinates": [-2.11203, 53.53587]}}, {"type": "Feature", "properties": {"t": "2412-Other sport and recreation constructions"}, "geometry": {"type": "Point", "coordinates": [-2.11144, 53.53588]}}, {"type": "Feature", "properties": {"t": "2412-Other sport and recreation constructions"}, "geometry": {"type": "Point", "coordinates": [-2.11106, 53.53588]}}, {"type": "Feature", "properties": {"t": "2412-Other sport and recreation constructions"}, "geometry": {"type": "Point", "coordinates": [-2.11212, 53.53589]}}, {"type": "Feature", "properties": {"t": "2412-Other sport and recreation constructions"}, "geometry": {"type": "Point", "coordinates": [-2.11112, 53.53591]}}, {"type": "Feature", "properties": {"t": "2412-Other sport and recreation constructions"}, "geometry": {"type": "Point", "coordinates": [-2.11154, 53.53591]}}, {"type": "Feature", "properties": {"t": "2412-Other sport and recreation constructions"}, "geometry": {"type": "Point", "coordinates": [-2.11221, 53.53591]}}, {"type": "Feature", "properties": {"t": "2412-Other sport and recreation constructions"}, "geometry": {"type": "Point", "coordinates": [-2.11163, 53.53593]}}, {"type": "Feature", "properties": {"t": "2412-Other sport and recreation constructions"}, "geometry": {"type": "Point", "coordinates": [-2.11119, 53.53594]}}, {"type": "Feature", "properties": {"t": "2412-Other sport and recreation constructions"}, "geometry": {"type": "Point", "coordinates": [-2.1123, 53.53594]}}, {"type": "Feature", "properties": {"t": "2412-Other sport and recreation constructions"}, "geometry": {"type": "Point", "coordinates": [-2.11173, 53.53595]}}, {"type": "Feature", "properties": {"t": "2412-Other sport and recreation constructions"}, "geometry": {"type": "Point", "coordinates": [-2.11125, 53.53596]}}, {"type": "Feature", "properties": {"t": "2412-Other sport and recreation constructions"}, "geometry": {"type": "Point", "coordinates": [-2.11073, 53.53599]}}, {"type": "Feature", "properties": {"t": "2412-Other sport and recreation constructions"}, "geometry": {"type": "Point", "coordinates": [-2.11183, 53.53597]}}, {"type": "Feature", "properties": {"t": "2412-Other sport and recreation constructions"}, "geometry": {"type": "Point", "coordinates": [-2.1113, 53.53597]}}, {"type": "Feature", "properties": {"t": "2412-Other sport and recreation constructions"}, "geometry": {"type": "Point", "coordinates": [-2.11137, 53.53599]}}, {"type": "Feature", "properties": {"t": "2412-Other sport and recreation constructions"}, "geometry": {"type": "Point", "coordinates": [-2.11192, 53.53599]}}, {"type": "Feature", "properties": {"t": "2412-Other sport and recreation constructions"}, "geometry": {"type": "Point", "coordinates": [-2.11143, 53.53601]}}, {"type": "Feature", "properties": {"t": "2412-Other sport and recreation constructions"}, "geometry": {"type": "Point", "coordinates": [-2.11201, 53.53602]}}, {"type": "Feature", "properties": {"t": "2412-Other sport and recreation constructions"}, "geometry": {"type": "Point", "coordinates": [-2.11151, 53.53602]}}, {"type": "Feature", "properties": {"t": "2412-Other sport and recreation constructions"}, "geometry": {"type": "Point", "coordinates": [-2.1121, 53.53604]}}, {"type": "Feature", "properties": {"t": "2412-Other sport and recreation constructions"}, "geometry": {"type": "Point", "coordinates": [-2.11157, 53.53603]}}, {"type": "Feature", "properties": {"t": "2412-Other sport and recreation constructions"}, "geometry": {"type": "Point", "coordinates": [-2.11165, 53.53605]}}, {"type": "Feature", "properties": {"t": "2412-Other sport and recreation constructions"}, "geometry": {"type": "Point", "coordinates": [-2.1122, 53.53606]}}, {"type": "Feature", "properties": {"t": "2412-Other sport and recreation constructions"}, "geometry": {"type": "Point", "coordinates": [-2.11172, 53.53606]}}, {"type": "Feature", "properties": {"t": "2412-Other sport and recreation constructions"}, "geometry": {"type": "Point", "coordinates": [-2.11179, 53.53607]}}, {"type": "Feature", "properties": {"t": "2412-Other sport and recreation constructions"}, "geometry": {"type": "Point", "coordinates": [-2.11186, 53.53607]}}, {"type": "Feature", "properties": {"t": "2412-Other sport and recreation constructions"}, "geometry": {"type": "Point", "coordinates": [-2.11208, 53.53614]}}, {"type": "Feature", "properties": {"t": "2412-Other sport and recreation constructions"}, "geometry": {"type": "Point", "coordinates": [-2.11215, 53.53616]}}, {"type": "Feature", "properties": {"t": "2412-Other sport and recreation constructions"}, "geometry": {"type": "Point", "coordinates": [-2.11222, 53.53617]}}, {"type": "Feature", "properties": {"t": "2412-Other sport and recreation constructions"}, "geometry": {"type": "Point", "coordinates": [-2.11229, 53.53619]}}, {"type": "Feature", "properties": {"t": "2412-Other sport and recreation constructions"}, "geometry": {"type": "Point", "coordinates": [-2.11081, 53.5362]}}, {"type": "Feature", "properties": {"t": "2412-Other sport and recreation constructions"}, "geometry": {"type": "Point", "coordinates": [-2.11092, 53.53623]}}, {"type": "Feature", "properties": {"t": "2412-Other sport and recreation constructions"}, "geometry": {"type": "Point", "coordinates": [-2.11286, 53.53625]}}, {"type": "Feature", "properties": {"t": "2412-Other sport and recreation constructions"}, "geometry": {"type": "Point", "coordinates": [-2.11112, 53.53627]}}, {"type": "Feature", "properties": {"t": "2412-Other sport and recreation constructions"}, "geometry": {"type": "Point", "coordinates": [-2.11119, 53.53629]}}, {"type": "Feature", "properties": {"t": "2412-Other sport and recreation constructions"}, "geometry": {"type": "Point", "coordinates": [-2.11279, 53.5363]}}, {"type": "Feature", "properties": {"t": "2412-Other sport and recreation constructions"}, "geometry": {"type": "Point", "coordinates": [-2.11126, 53.53631]}}, {"type": "Feature", "properties": {"t": "2412-Other sport and recreation constructions"}, "geometry": {"type": "Point", "coordinates": [-2.11078, 53.5363]}}, {"type": "Feature", "properties": {"t": "2412-Other sport and recreation constructions"}, "geometry": {"type": "Point", "coordinates": [-2.11134, 53.53633]}}, {"type": "Feature", "properties": {"t": "2412-Other sport and recreation constructions"}, "geometry": {"type": "Point", "coordinates": [-2.11141, 53.53635]}}, {"type": "Feature", "properties": {"t": "2412-Other sport and recreation constructions"}, "geometry": {"type": "Point", "coordinates": [-2.11105, 53.53635]}}, {"type": "Feature", "properties": {"t": "2412-Other sport and recreation constructions"}, "geometry": {"type": "Point", "coordinates": [-2.11148, 53.53636]}}, {"type": "Feature", "properties": {"t": "2412-Other sport and recreation constructions"}, "geometry": {"type": "Point", "coordinates": [-2.11114, 53.53637]}}, {"type": "Feature", "properties": {"t": "2412-Other sport and recreation constructions"}, "geometry": {"type": "Point", "coordinates": [-2.11155, 53.53638]}}, {"type": "Feature", "properties": {"t": "2412-Other sport and recreation constructions"}, "geometry": {"type": "Point", "coordinates": [-2.1112, 53.53639]}}, {"type": "Feature", "properties": {"t": "2412-Other sport and recreation constructions"}, "geometry": {"type": "Point", "coordinates": [-2.11162, 53.5364]}}, {"type": "Feature", "properties": {"t": "2412-Other sport and recreation constructions"}, "geometry": {"type": "Point", "coordinates": [-2.11129, 53.53641]}}, {"type": "Feature", "properties": {"t": "2412-Other sport and recreation constructions"}, "geometry": {"type": "Point", "coordinates": [-2.11075, 53.53642]}}, {"type": "Feature", "properties": {"t": "2412-Other sport and recreation constructions"}, "geometry": {"type": "Point", "coordinates": [-2.1117, 53.53642]}}, {"type": "Feature", "properties": {"t": "2412-Other sport and recreation constructions"}, "geometry": {"type": "Point", "coordinates": [-2.11132, 53.53643]}}, {"type": "Feature", "properties": {"t": "2412-Other sport and recreation constructions"}, "geometry": {"type": "Point", "coordinates": [-2.11178, 53.53644]}}, {"type": "Feature", "properties": {"t": "2412-Other sport and recreation constructions"}, "geometry": {"type": "Point", "coordinates": [-2.11143, 53.53645]}}, {"type": "Feature", "properties": {"t": "2412-Other sport and recreation constructions"}, "geometry": {"type": "Point", "coordinates": [-2.11185, 53.53646]}}, {"type": "Feature", "properties": {"t": "2412-Other sport and recreation constructions"}, "geometry": {"type": "Point", "coordinates": [-2.11147, 53.53646]}}, {"type": "Feature", "properties": {"t": "2412-Other sport and recreation constructions"}, "geometry": {"type": "Point", "coordinates": [-2.1116, 53.53647]}}, {"type": "Feature", "properties": {"t": "2412-Other sport and recreation constructions"}, "geometry": {"type": "Point", "coordinates": [-2.11097, 53.53647]}}, {"type": "Feature", "properties": {"t": "2412-Other sport and recreation constructions"}, "geometry": {"type": "Point", "coordinates": [-2.11192, 53.53647]}}, {"type": "Feature", "properties": {"t": "2412-Other sport and recreation constructions"}, "geometry": {"type": "Point", "coordinates": [-2.11105, 53.53649]}}, {"type": "Feature", "properties": {"t": "2412-Other sport and recreation constructions"}, "geometry": {"type": "Point", "coordinates": [-2.11199, 53.53649]}}, {"type": "Feature", "properties": {"t": "2412-Other sport and recreation constructions"}, "geometry": {"type": "Point", "coordinates": [-2.11164, 53.5365]}}, {"type": "Feature", "properties": {"t": "2412-Other sport and recreation constructions"}, "geometry": {"type": "Point", "coordinates": [-2.11112, 53.53651]}}, {"type": "Feature", "properties": {"t": "2412-Other sport and recreation constructions"}, "geometry": {"type": "Point", "coordinates": [-2.11207, 53.53651]}}, {"type": "Feature", "properties": {"t": "2412-Other sport and recreation constructions"}, "geometry": {"type": "Point", "coordinates": [-2.11173, 53.53652]}}, {"type": "Feature", "properties": {"t": "2412-Other sport and recreation constructions"}, "geometry": {"type": "Point", "coordinates": [-2.11119, 53.53653]}}, {"type": "Feature", "properties": {"t": "2412-Other sport and recreation constructions"}, "geometry": {"type": "Point", "coordinates": [-2.11179, 53.53654]}}, {"type": "Feature", "properties": {"t": "2412-Other sport and recreation constructions"}, "geometry": {"type": "Point", "coordinates": [-2.11127, 53.53655]}}, {"type": "Feature", "properties": {"t": "2412-Other sport and recreation constructions"}, "geometry": {"type": "Point", "coordinates": [-2.11188, 53.53655]}}, {"type": "Feature", "properties": {"t": "2412-Other sport and recreation constructions"}, "geometry": {"type": "Point", "coordinates": [-2.11134, 53.53657]}}, {"type": "Feature", "properties": {"t": "2412-Other sport and recreation constructions"}, "geometry": {"type": "Point", "coordinates": [-2.11193, 53.53657]}}, {"type": "Feature", "properties": {"t": "2412-Other sport and recreation constructions"}, "geometry": {"type": "Point", "coordinates": [-2.11141, 53.53658]}}, {"type": "Feature", "properties": {"t": "2412-Other sport and recreation constructions"}, "geometry": {"type": "Point", "coordinates": [-2.11203, 53.53659]}}, {"type": "Feature", "properties": {"t": "2412-Other sport and recreation constructions"}, "geometry": {"type": "Point", "coordinates": [-2.11148, 53.5366]}}, {"type": "Feature", "properties": {"t": "2412-Other sport and recreation constructions"}, "geometry": {"type": "Point", "coordinates": [-2.11156, 53.53662]}}, {"type": "Feature", "properties": {"t": "2412-Other sport and recreation constructions"}, "geometry": {"type": "Point", "coordinates": [-2.11163, 53.53664]}}, {"type": "Feature", "properties": {"t": "2412-Other sport and recreation constructions"}, "geometry": {"type": "Point", "coordinates": [-2.11171, 53.53666]}}, {"type": "Feature", "properties": {"t": "2412-Other sport and recreation constructions"}, "geometry": {"type": "Point", "coordinates": [-2.11178, 53.53668]}}, {"type": "Feature", "properties": {"t": "2412-Other sport and recreation constructions"}, "geometry": {"type": "Point", "coordinates": [-2.11186, 53.5367]}}, {"type": "Feature", "properties": {"t": "2412-Other sport and recreation constructions"}, "geometry": {"type": "Point", "coordinates": [-2.11193, 53.53671]}}, {"type": "Feature", "properties": {"t": "2412-Other sport and recreation constructions"}, "geometry": {"type": "Point", "coordinates": [-2.11458, 53.53896]}}, {"type": "Feature", "properties": {"t": "2412-Other sport and recreation constructions"}, "geometry": {"type": "Point", "coordinates": [-2.11607, 53.53978]}}, {"type": "Feature", "properties": {"t": "2412-Other sport and recreation constructions"}, "geometry": {"type": "Point", "coordinates": [-2.11567, 53.54082]}}, {"type": "Feature", "properties": {"t": "2412-Other sport and recreation constructions"}, "geometry": {"type": "Point", "coordinates": [-2.11563, 53.54105]}}, {"type": "Feature", "properties": {"t": "2412-Other sport and recreation constructions"}, "geometry": {"type": "Point", "coordinates": [-2.11581, 53.54114]}}, {"type": "Feature", "properties": {"t": "2412-Other sport and recreation constructions"}, "geometry": {"type": "Point", "coordinates": [-2.11588, 53.54127]}}, {"type": "Feature", "properties": {"t": "2412-Other sport and recreation constructions"}, "geometry": {"type": "Point", "coordinates": [-2.11569, 53.54135]}}, {"type": "Feature", "properties": {"t": "2412-Other sport and recreation constructions"}, "geometry": {"type": "Point", "coordinates": [-2.11604, 53.54136]}}, {"type": "Feature", "properties": {"t": "2412-Other sport and recreation constructions"}, "geometry": {"type": "Point", "coordinates": [-2.11631, 53.54135]}}, {"type": "Feature", "properties": {"t": "2412-Other sport and recreation constructions"}, "geometry": {"type": "Point", "coordinates": [-2.11589, 53.5414]}}, {"type": "Feature", "properties": {"t": "2412-Other sport and recreation constructions"}, "geometry": {"type": "Point", "coordinates": [-2.12144, 53.53747]}}, {"type": "Feature", "properties": {"t": "2412-Other sport and recreation constructions"}, "geometry": {"type": "Point", "coordinates": [-2.12105, 53.5375]}}, {"type": "Feature", "properties": {"t": "2412-Other sport and recreation constructions"}, "geometry": {"type": "Point", "coordinates": [-2.12163, 53.53751]}}, {"type": "Feature", "properties": {"t": "2412-Other sport and recreation constructions"}, "geometry": {"type": "Point", "coordinates": [-2.12141, 53.53758]}}, {"type": "Feature", "properties": {"t": "2412-Other sport and recreation constructions"}, "geometry": {"type": "Point", "coordinates": [-2.12155, 53.53762]}}, {"type": "Feature", "properties": {"t": "2411-Sports grounds"}, "geometry": {"type": "Point", "coordinates": [-2.12164, 53.53879]}}, {"type": "Feature", "properties": {"t": "2412-Other sport and recreation constructions"}, "geometry": {"type": "Point", "coordinates": [-2.12164, 53.54501]}}, {"type": "Feature", "properties": {"t": "2412-Other sport and recreation constructions"}, "geometry": {"type": "Point", "coordinates": [-2.12171, 53.54502]}}, {"type": "Feature", "properties": {"t": "2412-Other sport and recreation constructions"}, "geometry": {"type": "Point", "coordinates": [-2.12178, 53.54502]}}, {"type": "Feature", "properties": {"t": "2412-Other sport and recreation constructions"}, "geometry": {"type": "Point", "coordinates": [-2.12185, 53.54502]}}, {"type": "Feature", "properties": {"t": "2412-Other sport and recreation constructions"}, "geometry": {"type": "Point", "coordinates": [-2.10618, 53.53831]}}, {"type": "Feature", "properties": {"t": "2412-Other sport and recreation constructions"}, "geometry": {"type": "Point", "coordinates": [-2.10584, 53.53834]}}, {"type": "Feature", "properties": {"t": "2412-Other sport and recreation constructions"}, "geometry": {"type": "Point", "coordinates": [-2.10593, 53.53837]}}, {"type": "Feature", "properties": {"t": "2412-Other sport and recreation constructions"}, "geometry": {"type": "Point", "coordinates": [-2.10609, 53.53841]}}, {"type": "Feature", "properties": {"t": "2412-Other sport and recreation constructions"}, "geometry": {"type": "Point", "coordinates": [-2.10569, 53.53842]}}, {"type": "Feature", "properties": {"t": "2412-Other sport and recreation constructions"}, "geometry": {"type": "Point", "coordinates": [-2.1058, 53.53848]}}, {"type": "Feature", "properties": {"t": "2412-Other sport and recreation constructions"}, "geometry": {"type": "Point", "coordinates": [-2.10589, 53.53863]}}, {"type": "Feature", "properties": {"t": "2412-Other sport and recreation constructions"}, "geometry": {"type": "Point", "coordinates": [-2.10947, 53.54053]}}, {"type": "Feature", "properties": {"t": "2412-Other sport and recreation constructions"}, "geometry": {"type": "Point", "coordinates": [-2.10686, 53.54289]}}, {"type": "Feature", "properties": {"t": "2412-Other sport and recreation constructions"}, "geometry": {"type": "Point", "coordinates": [-2.10688, 53.54296]}}, {"type": "Feature", "properties": {"t": "2412-Other sport and recreation constructions"}, "geometry": {"type": "Point", "coordinates": [-2.11176, 53.54096]}}, {"type": "Feature", "properties": {"t": "2412-Other sport and recreation constructions"}, "geometry": {"type": "Point", "coordinates": [-2.1109, 53.54249]}}, {"type": "Feature", "properties": {"t": "2412-Other sport and recreation constructions"}, "geometry": {"type": "Point", "coordinates": [-2.10983, 53.54372]}}, {"type": "Feature", "properties": {"t": "2412-Other sport and recreation constructions"}, "geometry": {"type": "Point", "coordinates": [-2.11034, 53.54403]}}, {"type": "Feature", "properties": {"t": "2412-Other sport and recreation constructions"}, "geometry": {"type": "Point", "coordinates": [-2.11006, 53.54405]}}, {"type": "Feature", "properties": {"t": "2412-Other sport and recreation constructions"}, "geometry": {"type": "Point", "coordinates": [-2.11017, 53.54405]}}, {"type": "Feature", "properties": {"t": "2412-Other sport and recreation constructions"}, "geometry": {"type": "Point", "coordinates": [-2.11023, 53.54405]}}, {"type": "Feature", "properties": {"t": "2412-Other sport and recreation constructions"}, "geometry": {"type": "Point", "coordinates": [-2.11035, 53.54409]}}, {"type": "Feature", "properties": {"t": "2412-Other sport and recreation constructions"}, "geometry": {"type": "Point", "coordinates": [-2.11001, 53.54409]}}, {"type": "Feature", "properties": {"t": "2412-Other sport and recreation constructions"}, "geometry": {"type": "Point", "coordinates": [-2.11041, 53.54413]}}, {"type": "Feature", "properties": {"t": "2412-Other sport and recreation constructions"}, "geometry": {"type": "Point", "coordinates": [-2.11652, 53.54145]}}, {"type": "Feature", "properties": {"t": "2412-Other sport and recreation constructions"}, "geometry": {"type": "Point", "coordinates": [-2.11575, 53.5415]}}, {"type": "Feature", "properties": {"t": "2412-Other sport and recreation constructions"}, "geometry": {"type": "Point", "coordinates": [-2.11635, 53.5415]}}, {"type": "Feature", "properties": {"t": "2412-Other sport and recreation constructions"}, "geometry": {"type": "Point", "coordinates": [-2.11665, 53.5418]}}, {"type": "Feature", "properties": {"t": "2412-Other sport and recreation constructions"}, "geometry": {"type": "Point", "coordinates": [-2.11663, 53.54222]}}, {"type": "Feature", "properties": {"t": "2412-Other sport and recreation constructions"}, "geometry": {"type": "Point", "coordinates": [-2.11695, 53.54344]}}, {"type": "Feature", "properties": {"t": "2412-Other sport and recreation constructions"}, "geometry": {"type": "Point", "coordinates": [-2.11544, 53.54368]}}, {"type": "Feature", "properties": {"t": "2412-Other sport and recreation constructions"}, "geometry": {"type": "Point", "coordinates": [-2.11363, 53.54443]}}, {"type": "Feature", "properties": {"t": "2412-Other sport and recreation constructions"}, "geometry": {"type": "Point", "coordinates": [-2.11647, 53.54447]}}, {"type": "Feature", "properties": {"t": "2412-Other sport and recreation constructions"}, "geometry": {"type": "Point", "coordinates": [-2.11647, 53.54452]}}, {"type": "Feature", "properties": {"t": "2412-Other sport and recreation constructions"}, "geometry": {"type": "Point", "coordinates": [-2.1189, 53.54195]}}, {"type": "Feature", "properties": {"t": "2412-Other sport and recreation constructions"}, "geometry": {"type": "Point", "coordinates": [-2.11806, 53.54209]}}, {"type": "Feature", "properties": {"t": "2412-Other sport and recreation constructions"}, "geometry": {"type": "Point", "coordinates": [-2.11706, 53.54223]}}, {"type": "Feature", "properties": {"t": "2412-Other sport and recreation constructions"}, "geometry": {"type": "Point", "coordinates": [-2.11872, 53.54306]}}, {"type": "Feature", "properties": {"t": "2412-Other sport and recreation constructions"}, "geometry": {"type": "Point", "coordinates": [-2.11847, 53.54311]}}, {"type": "Feature", "properties": {"t": "2412-Other sport and recreation constructions"}, "geometry": {"type": "Point", "coordinates": [-2.11769, 53.54337]}}, {"type": "Feature", "properties": {"t": "2412-Other sport and recreation constructions"}, "geometry": {"type": "Point", "coordinates": [-2.11703, 53.54468]}}, {"type": "Feature", "properties": {"t": "2412-Other sport and recreation constructions"}, "geometry": {"type": "Point", "coordinates": [-2.11762, 53.54507]}}, {"type": "Feature", "properties": {"t": "2412-Other sport and recreation constructions"}, "geometry": {"type": "Point", "coordinates": [-2.1189, 53.54546]}}, {"type": "Feature", "properties": {"t": "2412-Other sport and recreation constructions"}, "geometry": {"type": "Point", "coordinates": [-2.11899, 53.54546]}}, {"type": "Feature", "properties": {"t": "2412-Other sport and recreation constructions"}, "geometry": {"type": "Point", "coordinates": [-2.10751, 53.54387]}}, {"type": "Feature", "properties": {"t": "2412-Other sport and recreation constructions"}, "geometry": {"type": "Point", "coordinates": [-2.10783, 53.54421]}}, {"type": "Feature", "properties": {"t": "2412-Other sport and recreation constructions"}, "geometry": {"type": "Point", "coordinates": [-2.10968, 53.54427]}}, {"type": "Feature", "properties": {"t": "2412-Other sport and recreation constructions"}, "geometry": {"type": "Point", "coordinates": [-2.10959, 53.54431]}}, {"type": "Feature", "properties": {"t": "2412-Other sport and recreation constructions"}, "geometry": {"type": "Point", "coordinates": [-2.1095, 53.54434]}}, {"type": "Feature", "properties": {"t": "2412-Other sport and recreation constructions"}, "geometry": {"type": "Point", "coordinates": [-2.10944, 53.54437]}}, {"type": "Feature", "properties": {"t": "2412-Other sport and recreation constructions"}, "geometry": {"type": "Point", "coordinates": [-2.10938, 53.54441]}}, {"type": "Feature", "properties": {"t": "2412-Other sport and recreation constructions"}, "geometry": {"type": "Point", "coordinates": [-2.10926, 53.54443]}}, {"type": "Feature", "properties": {"t": "2412-Other sport and recreation constructions"}, "geometry": {"type": "Point", "coordinates": [-2.10915, 53.54445]}}, {"type": "Feature", "properties": {"t": "2412-Other sport and recreation constructions"}, "geometry": {"type": "Point", "coordinates": [-2.109, 53.54453]}}, {"type": "Feature", "properties": {"t": "2412-Other sport and recreation constructions"}, "geometry": {"type": "Point", "coordinates": [-2.10995, 53.54413]}}, {"type": "Feature", "properties": {"t": "2412-Other sport and recreation constructions"}, "geometry": {"type": "Point", "coordinates": [-2.11047, 53.54416]}}, {"type": "Feature", "properties": {"t": "2412-Other sport and recreation constructions"}, "geometry": {"type": "Point", "coordinates": [-2.10989, 53.54416]}}, {"type": "Feature", "properties": {"t": "2412-Other sport and recreation constructions"}, "geometry": {"type": "Point", "coordinates": [-2.1098, 53.54418]}}, {"type": "Feature", "properties": {"t": "2412-Other sport and recreation constructions"}, "geometry": {"type": "Point", "coordinates": [-2.11054, 53.54419]}}, {"type": "Feature", "properties": {"t": "2412-Other sport and recreation constructions"}, "geometry": {"type": "Point", "coordinates": [-2.11065, 53.54419]}}, {"type": "Feature", "properties": {"t": "2412-Other sport and recreation constructions"}, "geometry": {"type": "Point", "coordinates": [-2.10976, 53.54424]}}, {"type": "Feature", "properties": {"t": "2412-Other sport and recreation constructions"}, "geometry": {"type": "Point", "coordinates": [-2.11206, 53.54422]}}, {"type": "Feature", "properties": {"t": "2412-Other sport and recreation constructions"}, "geometry": {"type": "Point", "coordinates": [-2.11067, 53.54425]}}, {"type": "Feature", "properties": {"t": "2412-Other sport and recreation constructions"}, "geometry": {"type": "Point", "coordinates": [-2.11271, 53.54424]}}, {"type": "Feature", "properties": {"t": "2412-Other sport and recreation constructions"}, "geometry": {"type": "Point", "coordinates": [-2.11247, 53.54425]}}, {"type": "Feature", "properties": {"t": "2412-Other sport and recreation constructions"}, "geometry": {"type": "Point", "coordinates": [-2.11178, 53.54431]}}, {"type": "Feature", "properties": {"t": "2412-Other sport and recreation constructions"}, "geometry": {"type": "Point", "coordinates": [-2.11169, 53.54431]}}, {"type": "Feature", "properties": {"t": "2412-Other sport and recreation constructions"}, "geometry": {"type": "Point", "coordinates": [-2.11268, 53.5443]}}, {"type": "Feature", "properties": {"t": "2412-Other sport and recreation constructions"}, "geometry": {"type": "Point", "coordinates": [-2.11187, 53.5443]}}, {"type": "Feature", "properties": {"t": "2412-Other sport and recreation constructions"}, "geometry": {"type": "Point", "coordinates": [-2.11155, 53.54433]}}, {"type": "Feature", "properties": {"t": "2412-Other sport and recreation constructions"}, "geometry": {"type": "Point", "coordinates": [-2.11146, 53.54435]}}, {"type": "Feature", "properties": {"t": "2412-Other sport and recreation constructions"}, "geometry": {"type": "Point", "coordinates": [-2.11083, 53.54432]}}, {"type": "Feature", "properties": {"t": "2412-Other sport and recreation constructions"}, "geometry": {"type": "Point", "coordinates": [-2.11076, 53.54432]}}, {"type": "Feature", "properties": {"t": "2412-Other sport and recreation constructions"}, "geometry": {"type": "Point", "coordinates": [-2.11245, 53.54433]}}, {"type": "Feature", "properties": {"t": "2412-Other sport and recreation constructions"}, "geometry": {"type": "Point", "coordinates": [-2.11068, 53.54434]}}, {"type": "Feature", "properties": {"t": "2412-Other sport and recreation constructions"}, "geometry": {"type": "Point", "coordinates": [-2.1127, 53.54435]}}, {"type": "Feature", "properties": {"t": "2412-Other sport and recreation constructions"}, "geometry": {"type": "Point", "coordinates": [-2.11012, 53.54435]}}, {"type": "Feature", "properties": {"t": "2412-Other sport and recreation constructions"}, "geometry": {"type": "Point", "coordinates": [-2.11118, 53.54438]}}, {"type": "Feature", "properties": {"t": "2412-Other sport and recreation constructions"}, "geometry": {"type": "Point", "coordinates": [-2.11137, 53.54437]}}, {"type": "Feature", "properties": {"t": "2412-Other sport and recreation constructions"}, "geometry": {"type": "Point", "coordinates": [-2.1097, 53.54437]}}, {"type": "Feature", "properties": {"t": "2412-Other sport and recreation constructions"}, "geometry": {"type": "Point", "coordinates": [-2.1113, 53.54438]}}, {"type": "Feature", "properties": {"t": "2412-Other sport and recreation constructions"}, "geometry": {"type": "Point", "coordinates": [-2.11059, 53.54435]}}, {"type": "Feature", "properties": {"t": "2412-Other sport and recreation constructions"}, "geometry": {"type": "Point", "coordinates": [-2.11049, 53.54436]}}, {"type": "Feature", "properties": {"t": "2412-Other sport and recreation constructions"}, "geometry": {"type": "Point", "coordinates": [-2.11035, 53.54436]}}, {"type": "Feature", "properties": {"t": "2412-Other sport and recreation constructions"}, "geometry": {"type": "Point", "coordinates": [-2.11269, 53.54438]}}, {"type": "Feature", "properties": {"t": "2412-Other sport and recreation constructions"}, "geometry": {"type": "Point", "coordinates": [-2.11024, 53.54436]}}, {"type": "Feature", "properties": {"t": "2412-Other sport and recreation constructions"}, "geometry": {"type": "Point", "coordinates": [-2.11245, 53.54439]}}, {"type": "Feature", "properties": {"t": "2412-Other sport and recreation constructions"}, "geometry": {"type": "Point", "coordinates": [-2.10992, 53.5444]}}, {"type": "Feature", "properties": {"t": "2412-Other sport and recreation constructions"}, "geometry": {"type": "Point", "coordinates": [-2.1127, 53.54444]}}, {"type": "Feature", "properties": {"t": "2412-Other sport and recreation constructions"}, "geometry": {"type": "Point", "coordinates": [-2.11245, 53.54444]}}, {"type": "Feature", "properties": {"t": "2412-Other sport and recreation constructions"}, "geometry": {"type": "Point", "coordinates": [-2.10992, 53.54445]}}, {"type": "Feature", "properties": {"t": "2412-Other sport and recreation constructions"}, "geometry": {"type": "Point", "coordinates": [-2.10968, 53.54445]}}, {"type": "Feature", "properties": {"t": "2412-Other sport and recreation constructions"}, "geometry": {"type": "Point", "coordinates": [-2.11269, 53.54448]}}, {"type": "Feature", "properties": {"t": "2412-Other sport and recreation constructions"}, "geometry": {"type": "Point", "coordinates": [-2.11245, 53.54449]}}, {"type": "Feature", "properties": {"t": "2412-Other sport and recreation constructions"}, "geometry": {"type": "Point", "coordinates": [-2.10991, 53.5445]}}, {"type": "Feature", "properties": {"t": "2412-Other sport and recreation constructions"}, "geometry": {"type": "Point", "coordinates": [-2.11167, 53.54449]}}, {"type": "Feature", "properties": {"t": "2412-Other sport and recreation constructions"}, "geometry": {"type": "Point", "coordinates": [-2.11272, 53.54454]}}, {"type": "Feature", "properties": {"t": "2412-Other sport and recreation constructions"}, "geometry": {"type": "Point", "coordinates": [-2.10992, 53.54454]}}, {"type": "Feature", "properties": {"t": "2412-Other sport and recreation constructions"}, "geometry": {"type": "Point", "coordinates": [-2.11245, 53.54455]}}, {"type": "Feature", "properties": {"t": "2412-Other sport and recreation constructions"}, "geometry": {"type": "Point", "coordinates": [-2.11171, 53.54455]}}, {"type": "Feature", "properties": {"t": "2412-Other sport and recreation constructions"}, "geometry": {"type": "Point", "coordinates": [-2.10992, 53.54458]}}, {"type": "Feature", "properties": {"t": "2412-Other sport and recreation constructions"}, "geometry": {"type": "Point", "coordinates": [-2.11172, 53.5446]}}, {"type": "Feature", "properties": {"t": "2412-Other sport and recreation constructions"}, "geometry": {"type": "Point", "coordinates": [-2.11172, 53.54464]}}, {"type": "Feature", "properties": {"t": "2412-Other sport and recreation constructions"}, "geometry": {"type": "Point", "coordinates": [-2.11139, 53.54465]}}, {"type": "Feature", "properties": {"t": "2412-Other sport and recreation constructions"}, "geometry": {"type": "Point", "coordinates": [-2.12272, 53.54523]}}, {"type": "Feature", "properties": {"t": "2412-Other sport and recreation constructions"}, "geometry": {"type": "Point", "coordinates": [-2.12274, 53.54528]}}, {"type": "Feature", "properties": {"t": "2412-Other sport and recreation constructions"}, "geometry": {"type": "Point", "coordinates": [-2.12275, 53.54533]}}, {"type": "Feature", "properties": {"t": "2412-Other sport and recreation constructions"}, "geometry": {"type": "Point", "coordinates": [-2.12275, 53.54537]}}, {"type": "Feature", "properties": {"t": "2412-Other sport and recreation constructions"}, "geometry": {"type": "Point", "coordinates": [-2.12276, 53.54541]}}, {"type": "Feature", "properties": {"t": "2412-Other sport and recreation constructions"}, "geometry": {"type": "Point", "coordinates": [-2.12295, 53.54541]}}, {"type": "Feature", "properties": {"t": "2412-Other sport and recreation constructions"}, "geometry": {"type": "Point", "coordinates": [-2.12192, 53.54502]}}, {"type": "Feature", "properties": {"t": "2412-Other sport and recreation constructions"}, "geometry": {"type": "Point", "coordinates": [-2.12199, 53.54503]}}, {"type": "Feature", "properties": {"t": "2412-Other sport and recreation constructions"}, "geometry": {"type": "Point", "coordinates": [-2.12206, 53.54503]}}, {"type": "Feature", "properties": {"t": "2412-Other sport and recreation constructions"}, "geometry": {"type": "Point", "coordinates": [-2.12213, 53.54503]}}, {"type": "Feature", "properties": {"t": "2412-Other sport and recreation constructions"}, "geometry": {"type": "Point", "coordinates": [-2.12219, 53.54503]}}, {"type": "Feature", "properties": {"t": "2412-Other sport and recreation constructions"}, "geometry": {"type": "Point", "coordinates": [-2.12226, 53.54503]}}, {"type": "Feature", "properties": {"t": "2412-Other sport and recreation constructions"}, "geometry": {"type": "Point", "coordinates": [-2.12233, 53.54503]}}, {"type": "Feature", "properties": {"t": "2412-Other sport and recreation constructions"}, "geometry": {"type": "Point", "coordinates": [-2.12163, 53.54513]}}, {"type": "Feature", "properties": {"t": "2412-Other sport and recreation constructions"}, "geometry": {"type": "Point", "coordinates": [-2.1217, 53.54514]}}, {"type": "Feature", "properties": {"t": "2412-Other sport and recreation constructions"}, "geometry": {"type": "Point", "coordinates": [-2.12178, 53.54515]}}, {"type": "Feature", "properties": {"t": "2412-Other sport and recreation constructions"}, "geometry": {"type": "Point", "coordinates": [-2.12186, 53.54515]}}, {"type": "Feature", "properties": {"t": "2412-Other sport and recreation constructions"}, "geometry": {"type": "Point", "coordinates": [-2.12191, 53.54514]}}, {"type": "Feature", "properties": {"t": "2412-Other sport and recreation constructions"}, "geometry": {"type": "Point", "coordinates": [-2.12198, 53.54514]}}, {"type": "Feature", "properties": {"t": "2412-Other sport and recreation constructions"}, "geometry": {"type": "Point", "coordinates": [-2.12205, 53.54514]}}, {"type": "Feature", "properties": {"t": "2412-Other sport and recreation constructions"}, "geometry": {"type": "Point", "coordinates": [-2.12212, 53.54515]}}, {"type": "Feature", "properties": {"t": "2412-Other sport and recreation constructions"}, "geometry": {"type": "Point", "coordinates": [-2.12219, 53.54515]}}, {"type": "Feature", "properties": {"t": "2412-Other sport and recreation constructions"}, "geometry": {"type": "Point", "coordinates": [-2.12225, 53.54515]}}, {"type": "Feature", "properties": {"t": "2412-Other sport and recreation constructions"}, "geometry": {"type": "Point", "coordinates": [-2.12233, 53.54515]}}, {"type": "Feature", "properties": {"t": "2412-Other sport and recreation constructions"}, "geometry": {"type": "Point", "coordinates": [-2.12116, 53.54518]}}, {"type": "Feature", "properties": {"t": "2412-Other sport and recreation constructions"}, "geometry": {"type": "Point", "coordinates": [-2.12125, 53.54518]}}, {"type": "Feature", "properties": {"t": "2412-Other sport and recreation constructions"}, "geometry": {"type": "Point", "coordinates": [-2.12136, 53.54518]}}, {"type": "Feature", "properties": {"t": "2412-Other sport and recreation constructions"}, "geometry": {"type": "Point", "coordinates": [-2.12099, 53.5452]}}, {"type": "Feature", "properties": {"t": "2412-Other sport and recreation constructions"}, "geometry": {"type": "Point", "coordinates": [-2.12253, 53.54522]}}, {"type": "Feature", "properties": {"t": "2412-Other sport and recreation constructions"}, "geometry": {"type": "Point", "coordinates": [-2.12214, 53.54523]}}, {"type": "Feature", "properties": {"t": "2412-Other sport and recreation constructions"}, "geometry": {"type": "Point", "coordinates": [-2.12234, 53.54523]}}, {"type": "Feature", "properties": {"t": "2412-Other sport and recreation constructions"}, "geometry": {"type": "Point", "coordinates": [-2.12081, 53.54522]}}, {"type": "Feature", "properties": {"t": "2412-Other sport and recreation constructions"}, "geometry": {"type": "Point", "coordinates": [-2.1219, 53.54525]}}, {"type": "Feature", "properties": {"t": "2412-Other sport and recreation constructions"}, "geometry": {"type": "Point", "coordinates": [-2.12057, 53.54525]}}, {"type": "Feature", "properties": {"t": "2412-Other sport and recreation constructions"}, "geometry": {"type": "Point", "coordinates": [-2.12213, 53.54527]}}, {"type": "Feature", "properties": {"t": "2412-Other sport and recreation constructions"}, "geometry": {"type": "Point", "coordinates": [-2.12234, 53.54527]}}, {"type": "Feature", "properties": {"t": "2412-Other sport and recreation constructions"}, "geometry": {"type": "Point", "coordinates": [-2.12253, 53.54528]}}, {"type": "Feature", "properties": {"t": "2412-Other sport and recreation constructions"}, "geometry": {"type": "Point", "coordinates": [-2.12082, 53.5453]}}, {"type": "Feature", "properties": {"t": "2412-Other sport and recreation constructions"}, "geometry": {"type": "Point", "coordinates": [-2.12212, 53.54531]}}, {"type": "Feature", "properties": {"t": "2412-Other sport and recreation constructions"}, "geometry": {"type": "Point", "coordinates": [-2.12233, 53.54532]}}, {"type": "Feature", "properties": {"t": "2412-Other sport and recreation constructions"}, "geometry": {"type": "Point", "coordinates": [-2.12123, 53.54532]}}, {"type": "Feature", "properties": {"t": "2412-Other sport and recreation constructions"}, "geometry": {"type": "Point", "coordinates": [-2.12102, 53.54531]}}, {"type": "Feature", "properties": {"t": "2412-Other sport and recreation constructions"}, "geometry": {"type": "Point", "coordinates": [-2.12252, 53.54533]}}, {"type": "Feature", "properties": {"t": "2412-Other sport and recreation constructions"}, "geometry": {"type": "Point", "coordinates": [-2.12053, 53.54533]}}, {"type": "Feature", "properties": {"t": "2412-Other sport and recreation constructions"}, "geometry": {"type": "Point", "coordinates": [-2.12136, 53.54533]}}, {"type": "Feature", "properties": {"t": "2412-Other sport and recreation constructions"}, "geometry": {"type": "Point", "coordinates": [-2.1208, 53.54533]}}, {"type": "Feature", "properties": {"t": "2412-Other sport and recreation constructions"}, "geometry": {"type": "Point", "coordinates": [-2.07612, 53.5384]}}, {"type": "Feature", "properties": {"t": "2412-Other sport and recreation constructions"}, "geometry": {"type": "Point", "coordinates": [-2.07393, 53.53841]}}, {"type": "Feature", "properties": {"t": "2412-Other sport and recreation constructions"}, "geometry": {"type": "Point", "coordinates": [-2.07325, 53.53842]}}, {"type": "Feature", "properties": {"t": "2412-Other sport and recreation constructions"}, "geometry": {"type": "Point", "coordinates": [-2.07589, 53.53843]}}, {"type": "Feature", "properties": {"t": "2412-Other sport and recreation constructions"}, "geometry": {"type": "Point", "coordinates": [-2.07544, 53.53845]}}, {"type": "Feature", "properties": {"t": "2412-Other sport and recreation constructions"}, "geometry": {"type": "Point", "coordinates": [-2.07393, 53.53846]}}, {"type": "Feature", "properties": {"t": "2412-Other sport and recreation constructions"}, "geometry": {"type": "Point", "coordinates": [-2.07321, 53.53847]}}, {"type": "Feature", "properties": {"t": "2412-Other sport and recreation constructions"}, "geometry": {"type": "Point", "coordinates": [-2.07565, 53.53848]}}, {"type": "Feature", "properties": {"t": "2412-Other sport and recreation constructions"}, "geometry": {"type": "Point", "coordinates": [-2.07609, 53.53848]}}, {"type": "Feature", "properties": {"t": "2412-Other sport and recreation constructions"}, "geometry": {"type": "Point", "coordinates": [-2.07393, 53.53851]}}, {"type": "Feature", "properties": {"t": "2412-Other sport and recreation constructions"}, "geometry": {"type": "Point", "coordinates": [-2.07587, 53.53851]}}, {"type": "Feature", "properties": {"t": "2412-Other sport and recreation constructions"}, "geometry": {"type": "Point", "coordinates": [-2.07322, 53.53852]}}, {"type": "Feature", "properties": {"t": "2412-Other sport and recreation constructions"}, "geometry": {"type": "Point", "coordinates": [-2.07607, 53.53855]}}, {"type": "Feature", "properties": {"t": "2412-Other sport and recreation constructions"}, "geometry": {"type": "Point", "coordinates": [-2.07321, 53.53856]}}, {"type": "Feature", "properties": {"t": "2412-Other sport and recreation constructions"}, "geometry": {"type": "Point", "coordinates": [-2.07583, 53.53859]}}, {"type": "Feature", "properties": {"t": "2412-Other sport and recreation constructions"}, "geometry": {"type": "Point", "coordinates": [-2.07321, 53.5386]}}, {"type": "Feature", "properties": {"t": "2412-Other sport and recreation constructions"}, "geometry": {"type": "Point", "coordinates": [-2.07404, 53.53865]}}, {"type": "Feature", "properties": {"t": "2412-Other sport and recreation constructions"}, "geometry": {"type": "Point", "coordinates": [-2.07602, 53.53864]}}, {"type": "Feature", "properties": {"t": "2412-Other sport and recreation constructions"}, "geometry": {"type": "Point", "coordinates": [-2.07545, 53.53868]}}, {"type": "Feature", "properties": {"t": "2412-Other sport and recreation constructions"}, "geometry": {"type": "Point", "coordinates": [-2.07598, 53.53871]}}, {"type": "Feature", "properties": {"t": "2412-Other sport and recreation constructions"}, "geometry": {"type": "Point", "coordinates": [-2.07554, 53.53872]}}, {"type": "Feature", "properties": {"t": "2412-Other sport and recreation constructions"}, "geometry": {"type": "Point", "coordinates": [-2.07569, 53.53876]}}, {"type": "Feature", "properties": {"t": "2412-Other sport and recreation constructions"}, "geometry": {"type": "Point", "coordinates": [-2.07592, 53.53879]}}, {"type": "Feature", "properties": {"t": "2412-Other sport and recreation constructions"}, "geometry": {"type": "Point", "coordinates": [-2.07566, 53.5388]}}, {"type": "Feature", "properties": {"t": "2412-Other sport and recreation constructions"}, "geometry": {"type": "Point", "coordinates": [-2.07587, 53.53886]}}, {"type": "Feature", "properties": {"t": "2412-Other sport and recreation constructions"}, "geometry": {"type": "Point", "coordinates": [-2.07198, 53.53893]}}, {"type": "Feature", "properties": {"t": "2412-Other sport and recreation constructions"}, "geometry": {"type": "Point", "coordinates": [-2.07557, 53.53893]}}, {"type": "Feature", "properties": {"t": "2412-Other sport and recreation constructions"}, "geometry": {"type": "Point", "coordinates": [-2.07582, 53.53894]}}, {"type": "Feature", "properties": {"t": "2412-Other sport and recreation constructions"}, "geometry": {"type": "Point", "coordinates": [-2.07187, 53.53892]}}, {"type": "Feature", "properties": {"t": "2412-Other sport and recreation constructions"}, "geometry": {"type": "Point", "coordinates": [-2.07556, 53.53896]}}, {"type": "Feature", "properties": {"t": "2412-Other sport and recreation constructions"}, "geometry": {"type": "Point", "coordinates": [-2.07203, 53.53897]}}, {"type": "Feature", "properties": {"t": "2412-Other sport and recreation constructions"}, "geometry": {"type": "Point", "coordinates": [-2.0721, 53.53898]}}, {"type": "Feature", "properties": {"t": "2412-Other sport and recreation constructions"}, "geometry": {"type": "Point", "coordinates": [-2.07216, 53.53899]}}, {"type": "Feature", "properties": {"t": "2412-Other sport and recreation constructions"}, "geometry": {"type": "Point", "coordinates": [-2.07289, 53.539]}}, {"type": "Feature", "properties": {"t": "2412-Other sport and recreation constructions"}, "geometry": {"type": "Point", "coordinates": [-2.07224, 53.53901]}}, {"type": "Feature", "properties": {"t": "2412-Other sport and recreation constructions"}, "geometry": {"type": "Point", "coordinates": [-2.07576, 53.53903]}}, {"type": "Feature", "properties": {"t": "2412-Other sport and recreation constructions"}, "geometry": {"type": "Point", "coordinates": [-2.07315, 53.53902]}}, {"type": "Feature", "properties": {"t": "2412-Other sport and recreation constructions"}, "geometry": {"type": "Point", "coordinates": [-2.07328, 53.53903]}}, {"type": "Feature", "properties": {"t": "2412-Other sport and recreation constructions"}, "geometry": {"type": "Point", "coordinates": [-2.07284, 53.53912]}}, {"type": "Feature", "properties": {"t": "2412-Other sport and recreation constructions"}, "geometry": {"type": "Point", "coordinates": [-2.07564, 53.53915]}}, {"type": "Feature", "properties": {"t": "2412-Other sport and recreation constructions"}, "geometry": {"type": "Point", "coordinates": [-2.07309, 53.53914]}}, {"type": "Feature", "properties": {"t": "2412-Other sport and recreation constructions"}, "geometry": {"type": "Point", "coordinates": [-2.07325, 53.53917]}}, {"type": "Feature", "properties": {"t": "2412-Other sport and recreation constructions"}, "geometry": {"type": "Point", "coordinates": [-2.07237, 53.53922]}}, {"type": "Feature", "properties": {"t": "2412-Other sport and recreation constructions"}, "geometry": {"type": "Point", "coordinates": [-2.07257, 53.53923]}}, {"type": "Feature", "properties": {"t": "2412-Other sport and recreation constructions"}, "geometry": {"type": "Point", "coordinates": [-2.07298, 53.53925]}}, {"type": "Feature", "properties": {"t": "2412-Other sport and recreation constructions"}, "geometry": {"type": "Point", "coordinates": [-2.07236, 53.53927]}}, {"type": "Feature", "properties": {"t": "2412-Other sport and recreation constructions"}, "geometry": {"type": "Point", "coordinates": [-2.07194, 53.53927]}}, {"type": "Feature", "properties": {"t": "2412-Other sport and recreation constructions"}, "geometry": {"type": "Point", "coordinates": [-2.07326, 53.53928]}}, {"type": "Feature", "properties": {"t": "2412-Other sport and recreation constructions"}, "geometry": {"type": "Point", "coordinates": [-2.07201, 53.53928]}}, {"type": "Feature", "properties": {"t": "2412-Other sport and recreation constructions"}, "geometry": {"type": "Point", "coordinates": [-2.07257, 53.53929]}}, {"type": "Feature", "properties": {"t": "2412-Other sport and recreation constructions"}, "geometry": {"type": "Point", "coordinates": [-2.07307, 53.5393]}}, {"type": "Feature", "properties": {"t": "2412-Other sport and recreation constructions"}, "geometry": {"type": "Point", "coordinates": [-2.07235, 53.53931]}}, {"type": "Feature", "properties": {"t": "2412-Other sport and recreation constructions"}, "geometry": {"type": "Point", "coordinates": [-2.07207, 53.53931]}}, {"type": "Feature", "properties": {"t": "2412-Other sport and recreation constructions"}, "geometry": {"type": "Point", "coordinates": [-2.07214, 53.53932]}}, {"type": "Feature", "properties": {"t": "2412-Other sport and recreation constructions"}, "geometry": {"type": "Point", "coordinates": [-2.07325, 53.53932]}}, {"type": "Feature", "properties": {"t": "2412-Other sport and recreation constructions"}, "geometry": {"type": "Point", "coordinates": [-2.07256, 53.53933]}}, {"type": "Feature", "properties": {"t": "2412-Other sport and recreation constructions"}, "geometry": {"type": "Point", "coordinates": [-2.07306, 53.53934]}}, {"type": "Feature", "properties": {"t": "2412-Other sport and recreation constructions"}, "geometry": {"type": "Point", "coordinates": [-2.07183, 53.53934]}}, {"type": "Feature", "properties": {"t": "2412-Other sport and recreation constructions"}, "geometry": {"type": "Point", "coordinates": [-2.07324, 53.53936]}}, {"type": "Feature", "properties": {"t": "2412-Other sport and recreation constructions"}, "geometry": {"type": "Point", "coordinates": [-2.07234, 53.53937]}}, {"type": "Feature", "properties": {"t": "2412-Other sport and recreation constructions"}, "geometry": {"type": "Point", "coordinates": [-2.07299, 53.53938]}}, {"type": "Feature", "properties": {"t": "2412-Other sport and recreation constructions"}, "geometry": {"type": "Point", "coordinates": [-2.07188, 53.53939]}}, {"type": "Feature", "properties": {"t": "2412-Other sport and recreation constructions"}, "geometry": {"type": "Point", "coordinates": [-2.07255, 53.53939]}}, {"type": "Feature", "properties": {"t": "2412-Other sport and recreation constructions"}, "geometry": {"type": "Point", "coordinates": [-2.07323, 53.5394]}}, {"type": "Feature", "properties": {"t": "2412-Other sport and recreation constructions"}, "geometry": {"type": "Point", "coordinates": [-2.07268, 53.5394]}}, {"type": "Feature", "properties": {"t": "2412-Other sport and recreation constructions"}, "geometry": {"type": "Point", "coordinates": [-2.07281, 53.5394]}}, {"type": "Feature", "properties": {"t": "2412-Other sport and recreation constructions"}, "geometry": {"type": "Point", "coordinates": [-2.07287, 53.53942]}}, {"type": "Feature", "properties": {"t": "2412-Other sport and recreation constructions"}, "geometry": {"type": "Point", "coordinates": [-2.07233, 53.53942]}}, {"type": "Feature", "properties": {"t": "2412-Other sport and recreation constructions"}, "geometry": {"type": "Point", "coordinates": [-2.07194, 53.53942]}}, {"type": "Feature", "properties": {"t": "2412-Other sport and recreation constructions"}, "geometry": {"type": "Point", "coordinates": [-2.07304, 53.53943]}}, {"type": "Feature", "properties": {"t": "2412-Other sport and recreation constructions"}, "geometry": {"type": "Point", "coordinates": [-2.07322, 53.53944]}}, {"type": "Feature", "properties": {"t": "2412-Other sport and recreation constructions"}, "geometry": {"type": "Point", "coordinates": [-2.07253, 53.53944]}}, {"type": "Feature", "properties": {"t": "2412-Other sport and recreation constructions"}, "geometry": {"type": "Point", "coordinates": [-2.07233, 53.53946]}}, {"type": "Feature", "properties": {"t": "2412-Other sport and recreation constructions"}, "geometry": {"type": "Point", "coordinates": [-2.07296, 53.53943]}}, {"type": "Feature", "properties": {"t": "2412-Other sport and recreation constructions"}, "geometry": {"type": "Point", "coordinates": [-2.07198, 53.53946]}}, {"type": "Feature", "properties": {"t": "2412-Other sport and recreation constructions"}, "geometry": {"type": "Point", "coordinates": [-2.07252, 53.53948]}}, {"type": "Feature", "properties": {"t": "2412-Other sport and recreation constructions"}, "geometry": {"type": "Point", "coordinates": [-2.07208, 53.53949]}}, {"type": "Feature", "properties": {"t": "2412-Other sport and recreation constructions"}, "geometry": {"type": "Point", "coordinates": [-2.07309, 53.5395]}}, {"type": "Feature", "properties": {"t": "2412-Other sport and recreation constructions"}, "geometry": {"type": "Point", "coordinates": [-2.07302, 53.5395]}}, {"type": "Feature", "properties": {"t": "2412-Other sport and recreation constructions"}, "geometry": {"type": "Point", "coordinates": [-2.07234, 53.53951]}}, {"type": "Feature", "properties": {"t": "2412-Other sport and recreation constructions"}, "geometry": {"type": "Point", "coordinates": [-2.07248, 53.53952]}}, {"type": "Feature", "properties": {"t": "2412-Other sport and recreation constructions"}, "geometry": {"type": "Point", "coordinates": [-2.0727, 53.53953]}}, {"type": "Feature", "properties": {"t": "2412-Other sport and recreation constructions"}, "geometry": {"type": "Point", "coordinates": [-2.07277, 53.53953]}}, {"type": "Feature", "properties": {"t": "2412-Other sport and recreation constructions"}, "geometry": {"type": "Point", "coordinates": [-2.07284, 53.53954]}}, {"type": "Feature", "properties": {"t": "2412-Other sport and recreation constructions"}, "geometry": {"type": "Point", "coordinates": [-2.07292, 53.53955]}}, {"type": "Feature", "properties": {"t": "2412-Other sport and recreation constructions"}, "geometry": {"type": "Point", "coordinates": [-2.07317, 53.53954]}}, {"type": "Feature", "properties": {"t": "2412-Other sport and recreation constructions"}, "geometry": {"type": "Point", "coordinates": [-2.07234, 53.53957]}}, {"type": "Feature", "properties": {"t": "2412-Other sport and recreation constructions"}, "geometry": {"type": "Point", "coordinates": [-2.07249, 53.53959]}}, {"type": "Feature", "properties": {"t": "2412-Other sport and recreation constructions"}, "geometry": {"type": "Point", "coordinates": [-2.07232, 53.53963]}}, {"type": "Feature", "properties": {"t": "2412-Other sport and recreation constructions"}, "geometry": {"type": "Point", "coordinates": [-2.07251, 53.53965]}}, {"type": "Feature", "properties": {"t": "2412-Other sport and recreation constructions"}, "geometry": {"type": "Point", "coordinates": [-2.08718, 53.53962]}}, {"type": "Feature", "properties": {"t": "2412-Other sport and recreation constructions"}, "geometry": {"type": "Point", "coordinates": [-2.08723, 53.53965]}}, {"type": "Feature", "properties": {"t": "2412-Other sport and recreation constructions"}, "geometry": {"type": "Point", "coordinates": [-2.08728, 53.53968]}}, {"type": "Feature", "properties": {"t": "2412-Other sport and recreation constructions"}, "geometry": {"type": "Point", "coordinates": [-2.08734, 53.53971]}}, {"type": "Feature", "properties": {"t": "2412-Other sport and recreation constructions"}, "geometry": {"type": "Point", "coordinates": [-2.08739, 53.53973]}}, {"type": "Feature", "properties": {"t": "2412-Other sport and recreation constructions"}, "geometry": {"type": "Point", "coordinates": [-2.08744, 53.53976]}}, {"type": "Feature", "properties": {"t": "2412-Other sport and recreation constructions"}, "geometry": {"type": "Point", "coordinates": [-2.08749, 53.53979]}}, {"type": "Feature", "properties": {"t": "2412-Other sport and recreation constructions"}, "geometry": {"type": "Point", "coordinates": [-2.08754, 53.53982]}}, {"type": "Feature", "properties": {"t": "2412-Other sport and recreation constructions"}, "geometry": {"type": "Point", "coordinates": [-2.08759, 53.53984]}}, {"type": "Feature", "properties": {"t": "2412-Other sport and recreation constructions"}, "geometry": {"type": "Point", "coordinates": [-2.08764, 53.53987]}}, {"type": "Feature", "properties": {"t": "2412-Other sport and recreation constructions"}, "geometry": {"type": "Point", "coordinates": [-2.08675, 53.53988]}}, {"type": "Feature", "properties": {"t": "2412-Other sport and recreation constructions"}, "geometry": {"type": "Point", "coordinates": [-2.08769, 53.5399]}}, {"type": "Feature", "properties": {"t": "2412-Other sport and recreation constructions"}, "geometry": {"type": "Point", "coordinates": [-2.0868, 53.53991]}}, {"type": "Feature", "properties": {"t": "2412-Other sport and recreation constructions"}, "geometry": {"type": "Point", "coordinates": [-2.08774, 53.53993]}}, {"type": "Feature", "properties": {"t": "2412-Other sport and recreation constructions"}, "geometry": {"type": "Point", "coordinates": [-2.08685, 53.53994]}}, {"type": "Feature", "properties": {"t": "2412-Other sport and recreation constructions"}, "geometry": {"type": "Point", "coordinates": [-2.0878, 53.53995]}}, {"type": "Feature", "properties": {"t": "2412-Other sport and recreation constructions"}, "geometry": {"type": "Point", "coordinates": [-2.0869, 53.53997]}}, {"type": "Feature", "properties": {"t": "2412-Other sport and recreation constructions"}, "geometry": {"type": "Point", "coordinates": [-2.08785, 53.53998]}}, {"type": "Feature", "properties": {"t": "2412-Other sport and recreation constructions"}, "geometry": {"type": "Point", "coordinates": [-2.08664, 53.53999]}}, {"type": "Feature", "properties": {"t": "2412-Other sport and recreation constructions"}, "geometry": {"type": "Point", "coordinates": [-2.08696, 53.54]}}, {"type": "Feature", "properties": {"t": "2412-Other sport and recreation constructions"}, "geometry": {"type": "Point", "coordinates": [-2.0879, 53.54001]}}, {"type": "Feature", "properties": {"t": "2412-Other sport and recreation constructions"}, "geometry": {"type": "Point", "coordinates": [-2.08701, 53.54002]}}, {"type": "Feature", "properties": {"t": "2412-Other sport and recreation constructions"}, "geometry": {"type": "Point", "coordinates": [-2.0867, 53.54002]}}, {"type": "Feature", "properties": {"t": "2412-Other sport and recreation constructions"}, "geometry": {"type": "Point", "coordinates": [-2.08795, 53.54003]}}, {"type": "Feature", "properties": {"t": "2412-Other sport and recreation constructions"}, "geometry": {"type": "Point", "coordinates": [-2.08675, 53.54005]}}, {"type": "Feature", "properties": {"t": "2412-Other sport and recreation constructions"}, "geometry": {"type": "Point", "coordinates": [-2.08706, 53.54005]}}, {"type": "Feature", "properties": {"t": "2412-Other sport and recreation constructions"}, "geometry": {"type": "Point", "coordinates": [-2.088, 53.54006]}}, {"type": "Feature", "properties": {"t": "2412-Other sport and recreation constructions"}, "geometry": {"type": "Point", "coordinates": [-2.0868, 53.54008]}}, {"type": "Feature", "properties": {"t": "2412-Other sport and recreation constructions"}, "geometry": {"type": "Point", "coordinates": [-2.08711, 53.54008]}}, {"type": "Feature", "properties": {"t": "2412-Other sport and recreation constructions"}, "geometry": {"type": "Point", "coordinates": [-2.08805, 53.54009]}}, {"type": "Feature", "properties": {"t": "2412-Other sport and recreation constructions"}, "geometry": {"type": "Point", "coordinates": [-2.08685, 53.5401]}}, {"type": "Feature", "properties": {"t": "2412-Other sport and recreation constructions"}, "geometry": {"type": "Point", "coordinates": [-2.08716, 53.54011]}}, {"type": "Feature", "properties": {"t": "2412-Other sport and recreation constructions"}, "geometry": {"type": "Point", "coordinates": [-2.0881, 53.54012]}}, {"type": "Feature", "properties": {"t": "2412-Other sport and recreation constructions"}, "geometry": {"type": "Point", "coordinates": [-2.0869, 53.54013]}}, {"type": "Feature", "properties": {"t": "2412-Other sport and recreation constructions"}, "geometry": {"type": "Point", "coordinates": [-2.08722, 53.54014]}}, {"type": "Feature", "properties": {"t": "2412-Other sport and recreation constructions"}, "geometry": {"type": "Point", "coordinates": [-2.08815, 53.54014]}}, {"type": "Feature", "properties": {"t": "2412-Other sport and recreation constructions"}, "geometry": {"type": "Point", "coordinates": [-2.08695, 53.54016]}}, {"type": "Feature", "properties": {"t": "2412-Other sport and recreation constructions"}, "geometry": {"type": "Point", "coordinates": [-2.08727, 53.54016]}}, {"type": "Feature", "properties": {"t": "2412-Other sport and recreation constructions"}, "geometry": {"type": "Point", "coordinates": [-2.08847, 53.54017]}}, {"type": "Feature", "properties": {"t": "2412-Other sport and recreation constructions"}, "geometry": {"type": "Point", "coordinates": [-2.087, 53.54018]}}, {"type": "Feature", "properties": {"t": "2412-Other sport and recreation constructions"}, "geometry": {"type": "Point", "coordinates": [-2.08852, 53.54019]}}, {"type": "Feature", "properties": {"t": "2412-Other sport and recreation constructions"}, "geometry": {"type": "Point", "coordinates": [-2.08732, 53.54019]}}, {"type": "Feature", "properties": {"t": "2412-Other sport and recreation constructions"}, "geometry": {"type": "Point", "coordinates": [-2.08705, 53.54021]}}, {"type": "Feature", "properties": {"t": "2412-Other sport and recreation constructions"}, "geometry": {"type": "Point", "coordinates": [-2.08737, 53.54022]}}, {"type": "Feature", "properties": {"t": "2412-Other sport and recreation constructions"}, "geometry": {"type": "Point", "coordinates": [-2.08858, 53.54023]}}, {"type": "Feature", "properties": {"t": "2412-Other sport and recreation constructions"}, "geometry": {"type": "Point", "coordinates": [-2.0871, 53.54024]}}, {"type": "Feature", "properties": {"t": "2412-Other sport and recreation constructions"}, "geometry": {"type": "Point", "coordinates": [-2.08862, 53.54025]}}, {"type": "Feature", "properties": {"t": "2412-Other sport and recreation constructions"}, "geometry": {"type": "Point", "coordinates": [-2.08743, 53.54025]}}, {"type": "Feature", "properties": {"t": "2412-Other sport and recreation constructions"}, "geometry": {"type": "Point", "coordinates": [-2.08838, 53.54026]}}, {"type": "Feature", "properties": {"t": "2412-Other sport and recreation constructions"}, "geometry": {"type": "Point", "coordinates": [-2.08716, 53.54027]}}, {"type": "Feature", "properties": {"t": "2412-Other sport and recreation constructions"}, "geometry": {"type": "Point", "coordinates": [-2.08748, 53.54028]}}, {"type": "Feature", "properties": {"t": "2412-Other sport and recreation constructions"}, "geometry": {"type": "Point", "coordinates": [-2.08868, 53.54028]}}, {"type": "Feature", "properties": {"t": "2412-Other sport and recreation constructions"}, "geometry": {"type": "Point", "coordinates": [-2.08721, 53.54029]}}, {"type": "Feature", "properties": {"t": "2412-Other sport and recreation constructions"}, "geometry": {"type": "Point", "coordinates": [-2.08872, 53.5403]}}, {"type": "Feature", "properties": {"t": "2412-Other sport and recreation constructions"}, "geometry": {"type": "Point", "coordinates": [-2.08753, 53.5403]}}, {"type": "Feature", "properties": {"t": "2412-Other sport and recreation constructions"}, "geometry": {"type": "Point", "coordinates": [-2.08846, 53.54031]}}, {"type": "Feature", "properties": {"t": "2412-Other sport and recreation constructions"}, "geometry": {"type": "Point", "coordinates": [-2.08726, 53.54032]}}, {"type": "Feature", "properties": {"t": "2412-Other sport and recreation constructions"}, "geometry": {"type": "Point", "coordinates": [-2.08758, 53.54033]}}, {"type": "Feature", "properties": {"t": "2412-Other sport and recreation constructions"}, "geometry": {"type": "Point", "coordinates": [-2.08851, 53.54033]}}, {"type": "Feature", "properties": {"t": "2412-Other sport and recreation constructions"}, "geometry": {"type": "Point", "coordinates": [-2.08878, 53.54033]}}, {"type": "Feature", "properties": {"t": "2412-Other sport and recreation constructions"}, "geometry": {"type": "Point", "coordinates": [-2.0863, 53.54035]}}, {"type": "Feature", "properties": {"t": "2412-Other sport and recreation constructions"}, "geometry": {"type": "Point", "coordinates": [-2.08731, 53.54035]}}, {"type": "Feature", "properties": {"t": "2412-Other sport and recreation constructions"}, "geometry": {"type": "Point", "coordinates": [-2.08882, 53.54036]}}, {"type": "Feature", "properties": {"t": "2412-Other sport and recreation constructions"}, "geometry": {"type": "Point", "coordinates": [-2.08764, 53.54036]}}, {"type": "Feature", "properties": {"t": "2412-Other sport and recreation constructions"}, "geometry": {"type": "Point", "coordinates": [-2.08856, 53.54036]}}, {"type": "Feature", "properties": {"t": "2412-Other sport and recreation constructions"}, "geometry": {"type": "Point", "coordinates": [-2.08736, 53.54037]}}, {"type": "Feature", "properties": {"t": "2412-Other sport and recreation constructions"}, "geometry": {"type": "Point", "coordinates": [-2.08635, 53.54037]}}, {"type": "Feature", "properties": {"t": "2412-Other sport and recreation constructions"}, "geometry": {"type": "Point", "coordinates": [-2.0886, 53.54039]}}, {"type": "Feature", "properties": {"t": "2412-Other sport and recreation constructions"}, "geometry": {"type": "Point", "coordinates": [-2.08769, 53.54039]}}, {"type": "Feature", "properties": {"t": "2412-Other sport and recreation constructions"}, "geometry": {"type": "Point", "coordinates": [-2.0864, 53.5404]}}, {"type": "Feature", "properties": {"t": "2412-Other sport and recreation constructions"}, "geometry": {"type": "Point", "coordinates": [-2.08741, 53.5404]}}, {"type": "Feature", "properties": {"t": "2412-Other sport and recreation constructions"}, "geometry": {"type": "Point", "coordinates": [-2.08865, 53.54041]}}, {"type": "Feature", "properties": {"t": "2412-Other sport and recreation constructions"}, "geometry": {"type": "Point", "coordinates": [-2.08774, 53.54042]}}, {"type": "Feature", "properties": {"t": "2412-Other sport and recreation constructions"}, "geometry": {"type": "Point", "coordinates": [-2.08746, 53.54043]}}, {"type": "Feature", "properties": {"t": "2412-Other sport and recreation constructions"}, "geometry": {"type": "Point", "coordinates": [-2.08645, 53.54043]}}, {"type": "Feature", "properties": {"t": "2412-Other sport and recreation constructions"}, "geometry": {"type": "Point", "coordinates": [-2.0887, 53.54044]}}, {"type": "Feature", "properties": {"t": "2412-Other sport and recreation constructions"}, "geometry": {"type": "Point", "coordinates": [-2.0865, 53.54045]}}, {"type": "Feature", "properties": {"t": "2412-Other sport and recreation constructions"}, "geometry": {"type": "Point", "coordinates": [-2.08751, 53.54045]}}, {"type": "Feature", "properties": {"t": "2412-Other sport and recreation constructions"}, "geometry": {"type": "Point", "coordinates": [-2.08875, 53.54047]}}, {"type": "Feature", "properties": {"t": "2412-Other sport and recreation constructions"}, "geometry": {"type": "Point", "coordinates": [-2.08626, 53.54048]}}, {"type": "Feature", "properties": {"t": "2412-Other sport and recreation constructions"}, "geometry": {"type": "Point", "coordinates": [-2.08897, 53.54044]}}, {"type": "Feature", "properties": {"t": "2412-Other sport and recreation constructions"}, "geometry": {"type": "Point", "coordinates": [-2.08902, 53.54046]}}, {"type": "Feature", "properties": {"t": "2412-Other sport and recreation constructions"}, "geometry": {"type": "Point", "coordinates": [-2.08883, 53.54048]}}, {"type": "Feature", "properties": {"t": "2412-Other sport and recreation constructions"}, "geometry": {"type": "Point", "coordinates": [-2.08908, 53.5405]}}, {"type": "Feature", "properties": {"t": "2412-Other sport and recreation constructions"}, "geometry": {"type": "Point", "coordinates": [-2.08913, 53.54052]}}, {"type": "Feature", "properties": {"t": "2412-Other sport and recreation constructions"}, "geometry": {"type": "Point", "coordinates": [-2.08885, 53.54052]}}, {"type": "Feature", "properties": {"t": "2412-Other sport and recreation constructions"}, "geometry": {"type": "Point", "coordinates": [-2.0889, 53.54054]}}, {"type": "Feature", "properties": {"t": "2412-Other sport and recreation constructions"}, "geometry": {"type": "Point", "coordinates": [-2.08919, 53.54055]}}, {"type": "Feature", "properties": {"t": "2412-Other sport and recreation constructions"}, "geometry": {"type": "Point", "coordinates": [-2.08895, 53.54057]}}, {"type": "Feature", "properties": {"t": "2412-Other sport and recreation constructions"}, "geometry": {"type": "Point", "coordinates": [-2.08923, 53.54058]}}, {"type": "Feature", "properties": {"t": "2412-Other sport and recreation constructions"}, "geometry": {"type": "Point", "coordinates": [-2.08756, 53.54048]}}, {"type": "Feature", "properties": {"t": "2412-Other sport and recreation constructions"}, "geometry": {"type": "Point", "coordinates": [-2.08655, 53.54048]}}, {"type": "Feature", "properties": {"t": "2412-Other sport and recreation constructions"}, "geometry": {"type": "Point", "coordinates": [-2.08659, 53.5405]}}, {"type": "Feature", "properties": {"t": "2412-Other sport and recreation constructions"}, "geometry": {"type": "Point", "coordinates": [-2.08632, 53.54051]}}, {"type": "Feature", "properties": {"t": "2412-Other sport and recreation constructions"}, "geometry": {"type": "Point", "coordinates": [-2.08761, 53.54051]}}, {"type": "Feature", "properties": {"t": "2412-Other sport and recreation constructions"}, "geometry": {"type": "Point", "coordinates": [-2.08793, 53.54053]}}, {"type": "Feature", "properties": {"t": "2412-Other sport and recreation constructions"}, "geometry": {"type": "Point", "coordinates": [-2.08665, 53.54053]}}, {"type": "Feature", "properties": {"t": "2412-Other sport and recreation constructions"}, "geometry": {"type": "Point", "coordinates": [-2.08637, 53.54053]}}, {"type": "Feature", "properties": {"t": "2412-Other sport and recreation constructions"}, "geometry": {"type": "Point", "coordinates": [-2.08798, 53.54056]}}, {"type": "Feature", "properties": {"t": "2412-Other sport and recreation constructions"}, "geometry": {"type": "Point", "coordinates": [-2.08671, 53.54056]}}, {"type": "Feature", "properties": {"t": "2412-Other sport and recreation constructions"}, "geometry": {"type": "Point", "coordinates": [-2.08643, 53.54056]}}, {"type": "Feature", "properties": {"t": "2412-Other sport and recreation constructions"}, "geometry": {"type": "Point", "coordinates": [-2.08803, 53.54058]}}, {"type": "Feature", "properties": {"t": "2412-Other sport and recreation constructions"}, "geometry": {"type": "Point", "coordinates": [-2.08648, 53.54059]}}, {"type": "Feature", "properties": {"t": "2412-Other sport and recreation constructions"}, "geometry": {"type": "Point", "coordinates": [-2.08676, 53.54059]}}, {"type": "Feature", "properties": {"t": "2412-Other sport and recreation constructions"}, "geometry": {"type": "Point", "coordinates": [-2.08808, 53.54061]}}, {"type": "Feature", "properties": {"t": "2412-Other sport and recreation constructions"}, "geometry": {"type": "Point", "coordinates": [-2.08681, 53.54062]}}, {"type": "Feature", "properties": {"t": "2412-Other sport and recreation constructions"}, "geometry": {"type": "Point", "coordinates": [-2.08654, 53.54062]}}, {"type": "Feature", "properties": {"t": "2412-Other sport and recreation constructions"}, "geometry": {"type": "Point", "coordinates": [-2.08782, 53.54063]}}, {"type": "Feature", "properties": {"t": "2412-Other sport and recreation constructions"}, "geometry": {"type": "Point", "coordinates": [-2.08813, 53.54063]}}, {"type": "Feature", "properties": {"t": "2412-Other sport and recreation constructions"}, "geometry": {"type": "Point", "coordinates": [-2.08686, 53.54065]}}, {"type": "Feature", "properties": {"t": "2412-Other sport and recreation constructions"}, "geometry": {"type": "Point", "coordinates": [-2.08899, 53.5406]}}, {"type": "Feature", "properties": {"t": "2412-Other sport and recreation constructions"}, "geometry": {"type": "Point", "coordinates": [-2.08929, 53.54061]}}, {"type": "Feature", "properties": {"t": "2412-Other sport and recreation constructions"}, "geometry": {"type": "Point", "coordinates": [-2.08904, 53.54062]}}, {"type": "Feature", "properties": {"t": "2412-Other sport and recreation constructions"}, "geometry": {"type": "Point", "coordinates": [-2.08933, 53.54063]}}, {"type": "Feature", "properties": {"t": "2412-Other sport and recreation constructions"}, "geometry": {"type": "Point", "coordinates": [-2.08909, 53.54065]}}, {"type": "Feature", "properties": {"t": "2412-Other sport and recreation constructions"}, "geometry": {"type": "Point", "coordinates": [-2.08939, 53.54066]}}, {"type": "Feature", "properties": {"t": "2412-Other sport and recreation constructions"}, "geometry": {"type": "Point", "coordinates": [-2.08914, 53.54068]}}, {"type": "Feature", "properties": {"t": "2412-Other sport and recreation constructions"}, "geometry": {"type": "Point", "coordinates": [-2.08944, 53.54069]}}, {"type": "Feature", "properties": {"t": "2412-Other sport and recreation constructions"}, "geometry": {"type": "Point", "coordinates": [-2.08919, 53.5407]}}, {"type": "Feature", "properties": {"t": "2412-Other sport and recreation constructions"}, "geometry": {"type": "Point", "coordinates": [-2.08949, 53.54072]}}, {"type": "Feature", "properties": {"t": "2412-Other sport and recreation constructions"}, "geometry": {"type": "Point", "coordinates": [-2.08659, 53.54065]}}, {"type": "Feature", "properties": {"t": "2412-Other sport and recreation constructions"}, "geometry": {"type": "Point", "coordinates": [-2.08817, 53.54066]}}, {"type": "Feature", "properties": {"t": "2412-Other sport and recreation constructions"}, "geometry": {"type": "Point", "coordinates": [-2.08691, 53.54067]}}, {"type": "Feature", "properties": {"t": "2412-Other sport and recreation constructions"}, "geometry": {"type": "Point", "coordinates": [-2.0879, 53.54067]}}, {"type": "Feature", "properties": {"t": "2412-Other sport and recreation constructions"}, "geometry": {"type": "Point", "coordinates": [-2.08664, 53.54068]}}, {"type": "Feature", "properties": {"t": "2412-Other sport and recreation constructions"}, "geometry": {"type": "Point", "coordinates": [-2.08822, 53.54069]}}, {"type": "Feature", "properties": {"t": "2412-Other sport and recreation constructions"}, "geometry": {"type": "Point", "coordinates": [-2.08696, 53.5407]}}, {"type": "Feature", "properties": {"t": "2412-Other sport and recreation constructions"}, "geometry": {"type": "Point", "coordinates": [-2.08796, 53.5407]}}, {"type": "Feature", "properties": {"t": "2412-Other sport and recreation constructions"}, "geometry": {"type": "Point", "coordinates": [-2.0867, 53.54071]}}, {"type": "Feature", "properties": {"t": "2412-Other sport and recreation constructions"}, "geometry": {"type": "Point", "coordinates": [-2.08827, 53.54071]}}, {"type": "Feature", "properties": {"t": "2412-Other sport and recreation constructions"}, "geometry": {"type": "Point", "coordinates": [-2.08701, 53.54072]}}, {"type": "Feature", "properties": {"t": "2412-Other sport and recreation constructions"}, "geometry": {"type": "Point", "coordinates": [-2.08675, 53.54074]}}, {"type": "Feature", "properties": {"t": "2412-Other sport and recreation constructions"}, "geometry": {"type": "Point", "coordinates": [-2.08803, 53.54074]}}, {"type": "Feature", "properties": {"t": "2412-Other sport and recreation constructions"}, "geometry": {"type": "Point", "coordinates": [-2.08832, 53.54074]}}, {"type": "Feature", "properties": {"t": "2412-Other sport and recreation constructions"}, "geometry": {"type": "Point", "coordinates": [-2.08706, 53.54075]}}, {"type": "Feature", "properties": {"t": "2412-Other sport and recreation constructions"}, "geometry": {"type": "Point", "coordinates": [-2.08681, 53.54077]}}, {"type": "Feature", "properties": {"t": "2412-Other sport and recreation constructions"}, "geometry": {"type": "Point", "coordinates": [-2.08837, 53.54077]}}, {"type": "Feature", "properties": {"t": "2412-Other sport and recreation constructions"}, "geometry": {"type": "Point", "coordinates": [-2.0871, 53.54077]}}, {"type": "Feature", "properties": {"t": "2412-Other sport and recreation constructions"}, "geometry": {"type": "Point", "coordinates": [-2.08809, 53.54077]}}, {"type": "Feature", "properties": {"t": "2412-Other sport and recreation constructions"}, "geometry": {"type": "Point", "coordinates": [-2.08842, 53.54079]}}, {"type": "Feature", "properties": {"t": "2412-Other sport and recreation constructions"}, "geometry": {"type": "Point", "coordinates": [-2.08924, 53.54073]}}, {"type": "Feature", "properties": {"t": "2412-Other sport and recreation constructions"}, "geometry": {"type": "Point", "coordinates": [-2.08954, 53.54074]}}, {"type": "Feature", "properties": {"t": "2412-Other sport and recreation constructions"}, "geometry": {"type": "Point", "coordinates": [-2.08929, 53.54075]}}, {"type": "Feature", "properties": {"t": "2412-Other sport and recreation constructions"}, "geometry": {"type": "Point", "coordinates": [-2.08959, 53.54077]}}, {"type": "Feature", "properties": {"t": "2412-Other sport and recreation constructions"}, "geometry": {"type": "Point", "coordinates": [-2.08934, 53.54078]}}, {"type": "Feature", "properties": {"t": "2412-Other sport and recreation constructions"}, "geometry": {"type": "Point", "coordinates": [-2.08964, 53.5408]}}, {"type": "Feature", "properties": {"t": "2412-Other sport and recreation constructions"}, "geometry": {"type": "Point", "coordinates": [-2.08939, 53.54081]}}, {"type": "Feature", "properties": {"t": "2412-Other sport and recreation constructions"}, "geometry": {"type": "Point", "coordinates": [-2.0897, 53.54083]}}, {"type": "Feature", "properties": {"t": "2412-Other sport and recreation constructions"}, "geometry": {"type": "Point", "coordinates": [-2.08943, 53.54083]}}, {"type": "Feature", "properties": {"t": "2412-Other sport and recreation constructions"}, "geometry": {"type": "Point", "coordinates": [-2.08975, 53.54086]}}, {"type": "Feature", "properties": {"t": "2412-Other sport and recreation constructions"}, "geometry": {"type": "Point", "coordinates": [-2.08686, 53.54079]}}, {"type": "Feature", "properties": {"t": "2412-Other sport and recreation constructions"}, "geometry": {"type": "Point", "coordinates": [-2.08716, 53.5408]}}, {"type": "Feature", "properties": {"t": "2412-Other sport and recreation constructions"}, "geometry": {"type": "Point", "coordinates": [-2.08815, 53.54081]}}, {"type": "Feature", "properties": {"t": "2412-Other sport and recreation constructions"}, "geometry": {"type": "Point", "coordinates": [-2.08847, 53.54082]}}, {"type": "Feature", "properties": {"t": "2412-Other sport and recreation constructions"}, "geometry": {"type": "Point", "coordinates": [-2.08692, 53.54082]}}, {"type": "Feature", "properties": {"t": "2412-Other sport and recreation constructions"}, "geometry": {"type": "Point", "coordinates": [-2.08822, 53.54084]}}, {"type": "Feature", "properties": {"t": "2412-Other sport and recreation constructions"}, "geometry": {"type": "Point", "coordinates": [-2.08852, 53.54085]}}, {"type": "Feature", "properties": {"t": "2412-Other sport and recreation constructions"}, "geometry": {"type": "Point", "coordinates": [-2.08697, 53.54085]}}, {"type": "Feature", "properties": {"t": "2412-Other sport and recreation constructions"}, "geometry": {"type": "Point", "coordinates": [-2.08857, 53.54087]}}, {"type": "Feature", "properties": {"t": "2412-Other sport and recreation constructions"}, "geometry": {"type": "Point", "coordinates": [-2.08828, 53.54088]}}, {"type": "Feature", "properties": {"t": "2412-Other sport and recreation constructions"}, "geometry": {"type": "Point", "coordinates": [-2.08703, 53.54088]}}, {"type": "Feature", "properties": {"t": "2412-Other sport and recreation constructions"}, "geometry": {"type": "Point", "coordinates": [-2.08862, 53.5409]}}, {"type": "Feature", "properties": {"t": "2412-Other sport and recreation constructions"}, "geometry": {"type": "Point", "coordinates": [-2.08734, 53.54091]}}, {"type": "Feature", "properties": {"t": "2412-Other sport and recreation constructions"}, "geometry": {"type": "Point", "coordinates": [-2.08835, 53.54091]}}, {"type": "Feature", "properties": {"t": "2412-Other sport and recreation constructions"}, "geometry": {"type": "Point", "coordinates": [-2.08867, 53.54093]}}, {"type": "Feature", "properties": {"t": "2412-Other sport and recreation constructions"}, "geometry": {"type": "Point", "coordinates": [-2.0874, 53.54094]}}, {"type": "Feature", "properties": {"t": "2412-Other sport and recreation constructions"}, "geometry": {"type": "Point", "coordinates": [-2.08841, 53.54094]}}, {"type": "Feature", "properties": {"t": "2412-Other sport and recreation constructions"}, "geometry": {"type": "Point", "coordinates": [-2.08745, 53.54096]}}, {"type": "Feature", "properties": {"t": "2412-Other sport and recreation constructions"}, "geometry": {"type": "Point", "coordinates": [-2.08848, 53.54098]}}, {"type": "Feature", "properties": {"t": "2412-Other sport and recreation constructions"}, "geometry": {"type": "Point", "coordinates": [-2.0875, 53.54099]}}, {"type": "Feature", "properties": {"t": "2412-Other sport and recreation constructions"}, "geometry": {"type": "Point", "coordinates": [-2.08948, 53.54086]}}, {"type": "Feature", "properties": {"t": "2412-Other sport and recreation constructions"}, "geometry": {"type": "Point", "coordinates": [-2.08953, 53.54089]}}, {"type": "Feature", "properties": {"t": "2412-Other sport and recreation constructions"}, "geometry": {"type": "Point", "coordinates": [-2.08981, 53.54089]}}, {"type": "Feature", "properties": {"t": "2412-Other sport and recreation constructions"}, "geometry": {"type": "Point", "coordinates": [-2.08958, 53.54091]}}, {"type": "Feature", "properties": {"t": "2412-Other sport and recreation constructions"}, "geometry": {"type": "Point", "coordinates": [-2.08987, 53.54092]}}, {"type": "Feature", "properties": {"t": "2412-Other sport and recreation constructions"}, "geometry": {"type": "Point", "coordinates": [-2.08963, 53.54094]}}, {"type": "Feature", "properties": {"t": "2412-Other sport and recreation constructions"}, "geometry": {"type": "Point", "coordinates": [-2.08995, 53.54096]}}, {"type": "Feature", "properties": {"t": "2412-Other sport and recreation constructions"}, "geometry": {"type": "Point", "coordinates": [-2.08888, 53.54104]}}, {"type": "Feature", "properties": {"t": "2412-Other sport and recreation constructions"}, "geometry": {"type": "Point", "coordinates": [-2.09013, 53.54106]}}, {"type": "Feature", "properties": {"t": "2412-Other sport and recreation constructions"}, "geometry": {"type": "Point", "coordinates": [-2.08893, 53.54106]}}, {"type": "Feature", "properties": {"t": "2412-Other sport and recreation constructions"}, "geometry": {"type": "Point", "coordinates": [-2.08723, 53.54099]}}, {"type": "Feature", "properties": {"t": "2412-Other sport and recreation constructions"}, "geometry": {"type": "Point", "coordinates": [-2.08877, 53.541]}}, {"type": "Feature", "properties": {"t": "2412-Other sport and recreation constructions"}, "geometry": {"type": "Point", "coordinates": [-2.08854, 53.54101]}}, {"type": "Feature", "properties": {"t": "2412-Other sport and recreation constructions"}, "geometry": {"type": "Point", "coordinates": [-2.08756, 53.54102]}}, {"type": "Feature", "properties": {"t": "2412-Other sport and recreation constructions"}, "geometry": {"type": "Point", "coordinates": [-2.08729, 53.54102]}}, {"type": "Feature", "properties": {"t": "2412-Other sport and recreation constructions"}, "geometry": {"type": "Point", "coordinates": [-2.0886, 53.54105]}}, {"type": "Feature", "properties": {"t": "2412-Other sport and recreation constructions"}, "geometry": {"type": "Point", "coordinates": [-2.08761, 53.54105]}}, {"type": "Feature", "properties": {"t": "2412-Other sport and recreation constructions"}, "geometry": {"type": "Point", "coordinates": [-2.08734, 53.54105]}}, {"type": "Feature", "properties": {"t": "2412-Other sport and recreation constructions"}, "geometry": {"type": "Point", "coordinates": [-2.08766, 53.54108]}}, {"type": "Feature", "properties": {"t": "2412-Other sport and recreation constructions"}, "geometry": {"type": "Point", "coordinates": [-2.0874, 53.54108]}}, {"type": "Feature", "properties": {"t": "2412-Other sport and recreation constructions"}, "geometry": {"type": "Point", "coordinates": [-2.08898, 53.54108]}}, {"type": "Feature", "properties": {"t": "2412-Other sport and recreation constructions"}, "geometry": {"type": "Point", "coordinates": [-2.09018, 53.54109]}}, {"type": "Feature", "properties": {"t": "2412-Other sport and recreation constructions"}, "geometry": {"type": "Point", "coordinates": [-2.08903, 53.54111]}}, {"type": "Feature", "properties": {"t": "2412-Other sport and recreation constructions"}, "geometry": {"type": "Point", "coordinates": [-2.09023, 53.54112]}}, {"type": "Feature", "properties": {"t": "2412-Other sport and recreation constructions"}, "geometry": {"type": "Point", "coordinates": [-2.08907, 53.54113]}}, {"type": "Feature", "properties": {"t": "2412-Other sport and recreation constructions"}, "geometry": {"type": "Point", "coordinates": [-2.09001, 53.54114]}}, {"type": "Feature", "properties": {"t": "2412-Other sport and recreation constructions"}, "geometry": {"type": "Point", "coordinates": [-2.09029, 53.54115]}}, {"type": "Feature", "properties": {"t": "2412-Other sport and recreation constructions"}, "geometry": {"type": "Point", "coordinates": [-2.08912, 53.54116]}}, {"type": "Feature", "properties": {"t": "2412-Other sport and recreation constructions"}, "geometry": {"type": "Point", "coordinates": [-2.09006, 53.54116]}}, {"type": "Feature", "properties": {"t": "2412-Other sport and recreation constructions"}, "geometry": {"type": "Point", "coordinates": [-2.09034, 53.54117]}}, {"type": "Feature", "properties": {"t": "2412-Other sport and recreation constructions"}, "geometry": {"type": "Point", "coordinates": [-2.08867, 53.54108]}}, {"type": "Feature", "properties": {"t": "2412-Other sport and recreation constructions"}, "geometry": {"type": "Point", "coordinates": [-2.08772, 53.54111]}}, {"type": "Feature", "properties": {"t": "2412-Other sport and recreation constructions"}, "geometry": {"type": "Point", "coordinates": [-2.08745, 53.54111]}}, {"type": "Feature", "properties": {"t": "2412-Other sport and recreation constructions"}, "geometry": {"type": "Point", "coordinates": [-2.08873, 53.54112]}}, {"type": "Feature", "properties": {"t": "2412-Other sport and recreation constructions"}, "geometry": {"type": "Point", "coordinates": [-2.0875, 53.54114]}}, {"type": "Feature", "properties": {"t": "2412-Other sport and recreation constructions"}, "geometry": {"type": "Point", "coordinates": [-2.08879, 53.54115]}}, {"type": "Feature", "properties": {"t": "2412-Other sport and recreation constructions"}, "geometry": {"type": "Point", "coordinates": [-2.0878, 53.54115]}}, {"type": "Feature", "properties": {"t": "2412-Other sport and recreation constructions"}, "geometry": {"type": "Point", "coordinates": [-2.08756, 53.54117]}}, {"type": "Feature", "properties": {"t": "2412-Other sport and recreation constructions"}, "geometry": {"type": "Point", "coordinates": [-2.08787, 53.54119]}}, {"type": "Feature", "properties": {"t": "2412-Other sport and recreation constructions"}, "geometry": {"type": "Point", "coordinates": [-2.08761, 53.5412]}}, {"type": "Feature", "properties": {"t": "2412-Other sport and recreation constructions"}, "geometry": {"type": "Point", "coordinates": [-2.08887, 53.54118]}}, {"type": "Feature", "properties": {"t": "2412-Other sport and recreation constructions"}, "geometry": {"type": "Point", "coordinates": [-2.08917, 53.54119]}}, {"type": "Feature", "properties": {"t": "2412-Other sport and recreation constructions"}, "geometry": {"type": "Point", "coordinates": [-2.09011, 53.54119]}}, {"type": "Feature", "properties": {"t": "2412-Other sport and recreation constructions"}, "geometry": {"type": "Point", "coordinates": [-2.0904, 53.5412]}}, {"type": "Feature", "properties": {"t": "2412-Other sport and recreation constructions"}, "geometry": {"type": "Point", "coordinates": [-2.08892, 53.5412]}}, {"type": "Feature", "properties": {"t": "2412-Other sport and recreation constructions"}, "geometry": {"type": "Point", "coordinates": [-2.08922, 53.54121]}}, {"type": "Feature", "properties": {"t": "2412-Other sport and recreation constructions"}, "geometry": {"type": "Point", "coordinates": [-2.09015, 53.54121]}}, {"type": "Feature", "properties": {"t": "2412-Other sport and recreation constructions"}, "geometry": {"type": "Point", "coordinates": [-2.09044, 53.54122]}}, {"type": "Feature", "properties": {"t": "2412-Other sport and recreation constructions"}, "geometry": {"type": "Point", "coordinates": [-2.08898, 53.54124]}}, {"type": "Feature", "properties": {"t": "2412-Other sport and recreation constructions"}, "geometry": {"type": "Point", "coordinates": [-2.08927, 53.54124]}}, {"type": "Feature", "properties": {"t": "2412-Other sport and recreation constructions"}, "geometry": {"type": "Point", "coordinates": [-2.0902, 53.54124]}}, {"type": "Feature", "properties": {"t": "2412-Other sport and recreation constructions"}, "geometry": {"type": "Point", "coordinates": [-2.0905, 53.54125]}}, {"type": "Feature", "properties": {"t": "2412-Other sport and recreation constructions"}, "geometry": {"type": "Point", "coordinates": [-2.08903, 53.54126]}}, {"type": "Feature", "properties": {"t": "2412-Other sport and recreation constructions"}, "geometry": {"type": "Point", "coordinates": [-2.09025, 53.54126]}}, {"type": "Feature", "properties": {"t": "2412-Other sport and recreation constructions"}, "geometry": {"type": "Point", "coordinates": [-2.08932, 53.54127]}}, {"type": "Feature", "properties": {"t": "2412-Other sport and recreation constructions"}, "geometry": {"type": "Point", "coordinates": [-2.09054, 53.54128]}}, {"type": "Feature", "properties": {"t": "2412-Other sport and recreation constructions"}, "geometry": {"type": "Point", "coordinates": [-2.09029, 53.54129]}}, {"type": "Feature", "properties": {"t": "2412-Other sport and recreation constructions"}, "geometry": {"type": "Point", "coordinates": [-2.08937, 53.54129]}}, {"type": "Feature", "properties": {"t": "2412-Other sport and recreation constructions"}, "geometry": {"type": "Point", "coordinates": [-2.08908, 53.54129]}}, {"type": "Feature", "properties": {"t": "2412-Other sport and recreation constructions"}, "geometry": {"type": "Point", "coordinates": [-2.08913, 53.54131]}}, {"type": "Feature", "properties": {"t": "2412-Other sport and recreation constructions"}, "geometry": {"type": "Point", "coordinates": [-2.08766, 53.54122]}}, {"type": "Feature", "properties": {"t": "2412-Other sport and recreation constructions"}, "geometry": {"type": "Point", "coordinates": [-2.08794, 53.54123]}}, {"type": "Feature", "properties": {"t": "2412-Other sport and recreation constructions"}, "geometry": {"type": "Point", "coordinates": [-2.08772, 53.54125]}}, {"type": "Feature", "properties": {"t": "2412-Other sport and recreation constructions"}, "geometry": {"type": "Point", "coordinates": [-2.08801, 53.54126]}}, {"type": "Feature", "properties": {"t": "2412-Other sport and recreation constructions"}, "geometry": {"type": "Point", "coordinates": [-2.08777, 53.54128]}}, {"type": "Feature", "properties": {"t": "2412-Other sport and recreation constructions"}, "geometry": {"type": "Point", "coordinates": [-2.08808, 53.5413]}}, {"type": "Feature", "properties": {"t": "2412-Other sport and recreation constructions"}, "geometry": {"type": "Point", "coordinates": [-2.08782, 53.54131]}}, {"type": "Feature", "properties": {"t": "2412-Other sport and recreation constructions"}, "geometry": {"type": "Point", "coordinates": [-2.08814, 53.54133]}}, {"type": "Feature", "properties": {"t": "2412-Other sport and recreation constructions"}, "geometry": {"type": "Point", "coordinates": [-2.08788, 53.54134]}}, {"type": "Feature", "properties": {"t": "2412-Other sport and recreation constructions"}, "geometry": {"type": "Point", "coordinates": [-2.08793, 53.54137]}}, {"type": "Feature", "properties": {"t": "2412-Other sport and recreation constructions"}, "geometry": {"type": "Point", "coordinates": [-2.09034, 53.54132]}}, {"type": "Feature", "properties": {"t": "2412-Other sport and recreation constructions"}, "geometry": {"type": "Point", "coordinates": [-2.09059, 53.54132]}}, {"type": "Feature", "properties": {"t": "2412-Other sport and recreation constructions"}, "geometry": {"type": "Point", "coordinates": [-2.08942, 53.54132]}}, {"type": "Feature", "properties": {"t": "2412-Other sport and recreation constructions"}, "geometry": {"type": "Point", "coordinates": [-2.09039, 53.54134]}}, {"type": "Feature", "properties": {"t": "2412-Other sport and recreation constructions"}, "geometry": {"type": "Point", "coordinates": [-2.09064, 53.54134]}}, {"type": "Feature", "properties": {"t": "2412-Other sport and recreation constructions"}, "geometry": {"type": "Point", "coordinates": [-2.08919, 53.54135]}}, {"type": "Feature", "properties": {"t": "2412-Other sport and recreation constructions"}, "geometry": {"type": "Point", "coordinates": [-2.09043, 53.54137]}}, {"type": "Feature", "properties": {"t": "2412-Other sport and recreation constructions"}, "geometry": {"type": "Point", "coordinates": [-2.0907, 53.54137]}}, {"type": "Feature", "properties": {"t": "2412-Other sport and recreation constructions"}, "geometry": {"type": "Point", "coordinates": [-2.08923, 53.54137]}}, {"type": "Feature", "properties": {"t": "2412-Other sport and recreation constructions"}, "geometry": {"type": "Point", "coordinates": [-2.09076, 53.54139]}}, {"type": "Feature", "properties": {"t": "2412-Other sport and recreation constructions"}, "geometry": {"type": "Point", "coordinates": [-2.09048, 53.54139]}}, {"type": "Feature", "properties": {"t": "2412-Other sport and recreation constructions"}, "geometry": {"type": "Point", "coordinates": [-2.0893, 53.5414]}}, {"type": "Feature", "properties": {"t": "2412-Other sport and recreation constructions"}, "geometry": {"type": "Point", "coordinates": [-2.09082, 53.54141]}}, {"type": "Feature", "properties": {"t": "2412-Other sport and recreation constructions"}, "geometry": {"type": "Point", "coordinates": [-2.09053, 53.54142]}}, {"type": "Feature", "properties": {"t": "2412-Other sport and recreation constructions"}, "geometry": {"type": "Point", "coordinates": [-2.08959, 53.54142]}}, {"type": "Feature", "properties": {"t": "2412-Other sport and recreation constructions"}, "geometry": {"type": "Point", "coordinates": [-2.09087, 53.54144]}}, {"type": "Feature", "properties": {"t": "2412-Other sport and recreation constructions"}, "geometry": {"type": "Point", "coordinates": [-2.09058, 53.54144]}}, {"type": "Feature", "properties": {"t": "2412-Other sport and recreation constructions"}, "geometry": {"type": "Point", "coordinates": [-2.08964, 53.54144]}}, {"type": "Feature", "properties": {"t": "2412-Other sport and recreation constructions"}, "geometry": {"type": "Point", "coordinates": [-2.09093, 53.54147]}}, {"type": "Feature", "properties": {"t": "2412-Other sport and recreation constructions"}, "geometry": {"type": "Point", "coordinates": [-2.09062, 53.54147]}}, {"type": "Feature", "properties": {"t": "2412-Other sport and recreation constructions"}, "geometry": {"type": "Point", "coordinates": [-2.08821, 53.54137]}}, {"type": "Feature", "properties": {"t": "2412-Other sport and recreation constructions"}, "geometry": {"type": "Point", "coordinates": [-2.08798, 53.54139]}}, {"type": "Feature", "properties": {"t": "2412-Other sport and recreation constructions"}, "geometry": {"type": "Point", "coordinates": [-2.08828, 53.54141]}}, {"type": "Feature", "properties": {"t": "2412-Other sport and recreation constructions"}, "geometry": {"type": "Point", "coordinates": [-2.08804, 53.54142]}}, {"type": "Feature", "properties": {"t": "2412-Other sport and recreation constructions"}, "geometry": {"type": "Point", "coordinates": [-2.08837, 53.54145]}}, {"type": "Feature", "properties": {"t": "2412-Other sport and recreation constructions"}, "geometry": {"type": "Point", "coordinates": [-2.08809, 53.54145]}}, {"type": "Feature", "properties": {"t": "2412-Other sport and recreation constructions"}, "geometry": {"type": "Point", "coordinates": [-2.08815, 53.54148]}}, {"type": "Feature", "properties": {"t": "2412-Other sport and recreation constructions"}, "geometry": {"type": "Point", "coordinates": [-2.08846, 53.5415]}}, {"type": "Feature", "properties": {"t": "2412-Other sport and recreation constructions"}, "geometry": {"type": "Point", "coordinates": [-2.0882, 53.54151]}}, {"type": "Feature", "properties": {"t": "2412-Other sport and recreation constructions"}, "geometry": {"type": "Point", "coordinates": [-2.08825, 53.54154]}}, {"type": "Feature", "properties": {"t": "2412-Other sport and recreation constructions"}, "geometry": {"type": "Point", "coordinates": [-2.08968, 53.54147]}}, {"type": "Feature", "properties": {"t": "2412-Other sport and recreation constructions"}, "geometry": {"type": "Point", "coordinates": [-2.09098, 53.54149]}}, {"type": "Feature", "properties": {"t": "2412-Other sport and recreation constructions"}, "geometry": {"type": "Point", "coordinates": [-2.09067, 53.54149]}}, {"type": "Feature", "properties": {"t": "2412-Other sport and recreation constructions"}, "geometry": {"type": "Point", "coordinates": [-2.08973, 53.5415]}}, {"type": "Feature", "properties": {"t": "2412-Other sport and recreation constructions"}, "geometry": {"type": "Point", "coordinates": [-2.08946, 53.5415]}}, {"type": "Feature", "properties": {"t": "2412-Other sport and recreation constructions"}, "geometry": {"type": "Point", "coordinates": [-2.09103, 53.54152]}}, {"type": "Feature", "properties": {"t": "2412-Other sport and recreation constructions"}, "geometry": {"type": "Point", "coordinates": [-2.09072, 53.54152]}}, {"type": "Feature", "properties": {"t": "2412-Other sport and recreation constructions"}, "geometry": {"type": "Point", "coordinates": [-2.08978, 53.54152]}}, {"type": "Feature", "properties": {"t": "2412-Other sport and recreation constructions"}, "geometry": {"type": "Point", "coordinates": [-2.08951, 53.54153]}}, {"type": "Feature", "properties": {"t": "2412-Other sport and recreation constructions"}, "geometry": {"type": "Point", "coordinates": [-2.09108, 53.54154]}}, {"type": "Feature", "properties": {"t": "2412-Other sport and recreation constructions"}, "geometry": {"type": "Point", "coordinates": [-2.09077, 53.54154]}}, {"type": "Feature", "properties": {"t": "2412-Other sport and recreation constructions"}, "geometry": {"type": "Point", "coordinates": [-2.08983, 53.54155]}}, {"type": "Feature", "properties": {"t": "2412-Other sport and recreation constructions"}, "geometry": {"type": "Point", "coordinates": [-2.08956, 53.54156]}}, {"type": "Feature", "properties": {"t": "2412-Other sport and recreation constructions"}, "geometry": {"type": "Point", "coordinates": [-2.09114, 53.54157]}}, {"type": "Feature", "properties": {"t": "2412-Other sport and recreation constructions"}, "geometry": {"type": "Point", "coordinates": [-2.09081, 53.54157]}}, {"type": "Feature", "properties": {"t": "2412-Other sport and recreation constructions"}, "geometry": {"type": "Point", "coordinates": [-2.08988, 53.54157]}}, {"type": "Feature", "properties": {"t": "2412-Other sport and recreation constructions"}, "geometry": {"type": "Point", "coordinates": [-2.0896, 53.54158]}}, {"type": "Feature", "properties": {"t": "2412-Other sport and recreation constructions"}, "geometry": {"type": "Point", "coordinates": [-2.09118, 53.5416]}}, {"type": "Feature", "properties": {"t": "2412-Other sport and recreation constructions"}, "geometry": {"type": "Point", "coordinates": [-2.09086, 53.54159]}}, {"type": "Feature", "properties": {"t": "2412-Other sport and recreation constructions"}, "geometry": {"type": "Point", "coordinates": [-2.08993, 53.5416]}}, {"type": "Feature", "properties": {"t": "2412-Other sport and recreation constructions"}, "geometry": {"type": "Point", "coordinates": [-2.08965, 53.54161]}}, {"type": "Feature", "properties": {"t": "2412-Other sport and recreation constructions"}, "geometry": {"type": "Point", "coordinates": [-2.09091, 53.54162]}}, {"type": "Feature", "properties": {"t": "2412-Other sport and recreation constructions"}, "geometry": {"type": "Point", "coordinates": [-2.09124, 53.54163]}}, {"type": "Feature", "properties": {"t": "2412-Other sport and recreation constructions"}, "geometry": {"type": "Point", "coordinates": [-2.08997, 53.54163]}}, {"type": "Feature", "properties": {"t": "2412-Other sport and recreation constructions"}, "geometry": {"type": "Point", "coordinates": [-2.0897, 53.54163]}}, {"type": "Feature", "properties": {"t": "2412-Other sport and recreation constructions"}, "geometry": {"type": "Point", "coordinates": [-2.09095, 53.54164]}}, {"type": "Feature", "properties": {"t": "2412-Other sport and recreation constructions"}, "geometry": {"type": "Point", "coordinates": [-2.09002, 53.54165]}}, {"type": "Feature", "properties": {"t": "2412-Other sport and recreation constructions"}, "geometry": {"type": "Point", "coordinates": [-2.08975, 53.54166]}}, {"type": "Feature", "properties": {"t": "2412-Other sport and recreation constructions"}, "geometry": {"type": "Point", "coordinates": [-2.091, 53.54167]}}, {"type": "Feature", "properties": {"t": "2412-Other sport and recreation constructions"}, "geometry": {"type": "Point", "coordinates": [-2.09007, 53.54168]}}, {"type": "Feature", "properties": {"t": "2412-Other sport and recreation constructions"}, "geometry": {"type": "Point", "coordinates": [-2.0898, 53.54169]}}, {"type": "Feature", "properties": {"t": "2412-Other sport and recreation constructions"}, "geometry": {"type": "Point", "coordinates": [-2.09105, 53.5417]}}, {"type": "Feature", "properties": {"t": "2412-Other sport and recreation constructions"}, "geometry": {"type": "Point", "coordinates": [-2.09012, 53.5417]}}, {"type": "Feature", "properties": {"t": "2412-Other sport and recreation constructions"}, "geometry": {"type": "Point", "coordinates": [-2.08985, 53.54171]}}, {"type": "Feature", "properties": {"t": "2412-Other sport and recreation constructions"}, "geometry": {"type": "Point", "coordinates": [-2.0911, 53.54172]}}, {"type": "Feature", "properties": {"t": "2412-Other sport and recreation constructions"}, "geometry": {"type": "Point", "coordinates": [-2.09017, 53.54173]}}, {"type": "Feature", "properties": {"t": "2412-Other sport and recreation constructions"}, "geometry": {"type": "Point", "coordinates": [-2.0899, 53.54174]}}, {"type": "Feature", "properties": {"t": "2412-Other sport and recreation constructions"}, "geometry": {"type": "Point", "coordinates": [-2.09022, 53.54176]}}, {"type": "Feature", "properties": {"t": "2412-Other sport and recreation constructions"}, "geometry": {"type": "Point", "coordinates": [-2.08995, 53.54177]}}, {"type": "Feature", "properties": {"t": "2412-Other sport and recreation constructions"}, "geometry": {"type": "Point", "coordinates": [-2.09027, 53.54178]}}, {"type": "Feature", "properties": {"t": "2412-Other sport and recreation constructions"}, "geometry": {"type": "Point", "coordinates": [-2.06414, 53.53912]}}, {"type": "Feature", "properties": {"t": "2412-Other sport and recreation constructions"}, "geometry": {"type": "Point", "coordinates": [-2.06659, 53.53913]}}, {"type": "Feature", "properties": {"t": "2412-Other sport and recreation constructions"}, "geometry": {"type": "Point", "coordinates": [-2.06852, 53.53913]}}, {"type": "Feature", "properties": {"t": "2412-Other sport and recreation constructions"}, "geometry": {"type": "Point", "coordinates": [-2.0709, 53.53914]}}, {"type": "Feature", "properties": {"t": "2412-Other sport and recreation constructions"}, "geometry": {"type": "Point", "coordinates": [-2.07065, 53.53914]}}, {"type": "Feature", "properties": {"t": "2412-Other sport and recreation constructions"}, "geometry": {"type": "Point", "coordinates": [-2.06421, 53.53915]}}, {"type": "Feature", "properties": {"t": "2412-Other sport and recreation constructions"}, "geometry": {"type": "Point", "coordinates": [-2.07162, 53.53916]}}, {"type": "Feature", "properties": {"t": "2412-Other sport and recreation constructions"}, "geometry": {"type": "Point", "coordinates": [-2.06971, 53.53916]}}, {"type": "Feature", "properties": {"t": "2412-Other sport and recreation constructions"}, "geometry": {"type": "Point", "coordinates": [-2.06906, 53.53917]}}, {"type": "Feature", "properties": {"t": "2412-Other sport and recreation constructions"}, "geometry": {"type": "Point", "coordinates": [-2.06539, 53.53919]}}, {"type": "Feature", "properties": {"t": "2412-Other sport and recreation constructions"}, "geometry": {"type": "Point", "coordinates": [-2.06863, 53.53918]}}, {"type": "Feature", "properties": {"t": "2412-Other sport and recreation constructions"}, "geometry": {"type": "Point", "coordinates": [-2.07086, 53.53918]}}, {"type": "Feature", "properties": {"t": "2412-Other sport and recreation constructions"}, "geometry": {"type": "Point", "coordinates": [-2.06912, 53.53919]}}, {"type": "Feature", "properties": {"t": "2412-Other sport and recreation constructions"}, "geometry": {"type": "Point", "coordinates": [-2.07052, 53.53919]}}, {"type": "Feature", "properties": {"t": "2412-Other sport and recreation constructions"}, "geometry": {"type": "Point", "coordinates": [-2.0644, 53.5392]}}, {"type": "Feature", "properties": {"t": "2412-Other sport and recreation constructions"}, "geometry": {"type": "Point", "coordinates": [-2.07081, 53.53921]}}, {"type": "Feature", "properties": {"t": "2412-Other sport and recreation constructions"}, "geometry": {"type": "Point", "coordinates": [-2.06873, 53.53922]}}, {"type": "Feature", "properties": {"t": "2412-Other sport and recreation constructions"}, "geometry": {"type": "Point", "coordinates": [-2.06688, 53.5392]}}, {"type": "Feature", "properties": {"t": "2412-Other sport and recreation constructions"}, "geometry": {"type": "Point", "coordinates": [-2.064, 53.53922]}}, {"type": "Feature", "properties": {"t": "2412-Other sport and recreation constructions"}, "geometry": {"type": "Point", "coordinates": [-2.06434, 53.53923]}}, {"type": "Feature", "properties": {"t": "2412-Other sport and recreation constructions"}, "geometry": {"type": "Point", "coordinates": [-2.06675, 53.53925]}}, {"type": "Feature", "properties": {"t": "2412-Other sport and recreation constructions"}, "geometry": {"type": "Point", "coordinates": [-2.06922, 53.53924]}}, {"type": "Feature", "properties": {"t": "2412-Other sport and recreation constructions"}, "geometry": {"type": "Point", "coordinates": [-2.0688, 53.53924]}}, {"type": "Feature", "properties": {"t": "2412-Other sport and recreation constructions"}, "geometry": {"type": "Point", "coordinates": [-2.07077, 53.53925]}}, {"type": "Feature", "properties": {"t": "2412-Other sport and recreation constructions"}, "geometry": {"type": "Point", "coordinates": [-2.07174, 53.53926]}}, {"type": "Feature", "properties": {"t": "2412-Other sport and recreation constructions"}, "geometry": {"type": "Point", "coordinates": [-2.06933, 53.53927]}}, {"type": "Feature", "properties": {"t": "2412-Other sport and recreation constructions"}, "geometry": {"type": "Point", "coordinates": [-2.06462, 53.53928]}}, {"type": "Feature", "properties": {"t": "2412-Other sport and recreation constructions"}, "geometry": {"type": "Point", "coordinates": [-2.06958, 53.53929]}}, {"type": "Feature", "properties": {"t": "2412-Other sport and recreation constructions"}, "geometry": {"type": "Point", "coordinates": [-2.06945, 53.53929]}}, {"type": "Feature", "properties": {"t": "2412-Other sport and recreation constructions"}, "geometry": {"type": "Point", "coordinates": [-2.06664, 53.5393]}}, {"type": "Feature", "properties": {"t": "2412-Other sport and recreation constructions"}, "geometry": {"type": "Point", "coordinates": [-2.06892, 53.53929]}}, {"type": "Feature", "properties": {"t": "2412-Other sport and recreation constructions"}, "geometry": {"type": "Point", "coordinates": [-2.06652, 53.5393]}}, {"type": "Feature", "properties": {"t": "2412-Other sport and recreation constructions"}, "geometry": {"type": "Point", "coordinates": [-2.06638, 53.53932]}}, {"type": "Feature", "properties": {"t": "2412-Other sport and recreation constructions"}, "geometry": {"type": "Point", "coordinates": [-2.06898, 53.53932]}}, {"type": "Feature", "properties": {"t": "2412-Other sport and recreation constructions"}, "geometry": {"type": "Point", "coordinates": [-2.06449, 53.53934]}}, {"type": "Feature", "properties": {"t": "2412-Other sport and recreation constructions"}, "geometry": {"type": "Point", "coordinates": [-2.06442, 53.53936]}}, {"type": "Feature", "properties": {"t": "2412-Other sport and recreation constructions"}, "geometry": {"type": "Point", "coordinates": [-2.064, 53.53937]}}, {"type": "Feature", "properties": {"t": "2412-Other sport and recreation constructions"}, "geometry": {"type": "Point", "coordinates": [-2.06426, 53.53939]}}, {"type": "Feature", "properties": {"t": "2412-Other sport and recreation constructions"}, "geometry": {"type": "Point", "coordinates": [-2.06417, 53.53939]}}, {"type": "Feature", "properties": {"t": "2412-Other sport and recreation constructions"}, "geometry": {"type": "Point", "coordinates": [-2.06909, 53.53939]}}, {"type": "Feature", "properties": {"t": "2412-Other sport and recreation constructions"}, "geometry": {"type": "Point", "coordinates": [-2.06506, 53.53941]}}, {"type": "Feature", "properties": {"t": "2412-Other sport and recreation constructions"}, "geometry": {"type": "Point", "coordinates": [-2.06493, 53.53946]}}, {"type": "Feature", "properties": {"t": "2412-Other sport and recreation constructions"}, "geometry": {"type": "Point", "coordinates": [-2.06923, 53.53945]}}, {"type": "Feature", "properties": {"t": "2412-Other sport and recreation constructions"}, "geometry": {"type": "Point", "coordinates": [-2.06938, 53.5395]}}, {"type": "Feature", "properties": {"t": "2412-Other sport and recreation constructions"}, "geometry": {"type": "Point", "coordinates": [-2.06464, 53.53951]}}, {"type": "Feature", "properties": {"t": "2412-Other sport and recreation constructions"}, "geometry": {"type": "Point", "coordinates": [-2.06451, 53.53952]}}, {"type": "Feature", "properties": {"t": "2412-Other sport and recreation constructions"}, "geometry": {"type": "Point", "coordinates": [-2.06413, 53.53956]}}, {"type": "Feature", "properties": {"t": "2412-Other sport and recreation constructions"}, "geometry": {"type": "Point", "coordinates": [-2.06426, 53.53956]}}, {"type": "Feature", "properties": {"t": "2412-Other sport and recreation constructions"}, "geometry": {"type": "Point", "coordinates": [-2.06979, 53.53962]}}, {"type": "Feature", "properties": {"t": "2411-Sports grounds"}, "geometry": {"type": "Point", "coordinates": [-2.06713, 53.54096]}}, {"type": "Feature", "properties": {"t": "2301-Constructions for mining or extraction"}, "geometry": {"type": "Point", "coordinates": [-1.78326, 53.54121]}}, {"type": "Feature", "properties": {"t": "2411-Sports grounds"}, "geometry": {"type": "Point", "coordinates": [-2.00872, 53.54162]}}, {"type": "Feature", "properties": {"t": "2412-Other sport and recreation constructions"}, "geometry": {"type": "Point", "coordinates": [-1.99858, 53.54175]}}, {"type": "Feature", "properties": {"t": "2412-Other sport and recreation constructions"}, "geometry": {"type": "Point", "coordinates": [-2.00154, 53.54238]}}, {"type": "Feature", "properties": {"t": "2411-Sports grounds"}, "geometry": {"type": "Point", "coordinates": [-2.0071, 53.54267]}}, {"type": "Feature", "properties": {"t": "2152-Dams"}, "geometry": {"type": "Point", "coordinates": [-1.82665, 53.54277]}}, {"type": "Feature", "properties": {"t": "2411-Sports grounds"}, "geometry": {"type": "Point", "coordinates": [-2.00811, 53.54283]}}, {"type": "Feature", "properties": {"t": "2412-Other sport and recreation constructions"}, "geometry": {"type": "Point", "coordinates": [-2.06394, 53.5392]}}, {"type": "Feature", "properties": {"t": "2412-Other sport and recreation constructions"}, "geometry": {"type": "Point", "coordinates": [-2.06387, 53.53937]}}, {"type": "Feature", "properties": {"t": "2412-Other sport and recreation constructions"}, "geometry": {"type": "Point", "coordinates": [-2.06381, 53.5395]}}, {"type": "Feature", "properties": {"t": "2412-Other sport and recreation constructions"}, "geometry": {"type": "Point", "coordinates": [-2.06393, 53.53953]}}, {"type": "Feature", "properties": {"t": "2301-Constructions for mining or extraction"}, "geometry": {"type": "Point", "coordinates": [-2.05723, 53.53974]}}, {"type": "Feature", "properties": {"t": "2412-Other sport and recreation constructions"}, "geometry": {"type": "Point", "coordinates": [-2.03017, 53.54327]}}, {"type": "Feature", "properties": {"t": "2412-Other sport and recreation constructions"}, "geometry": {"type": "Point", "coordinates": [-2.03021, 53.54352]}}, {"type": "Feature", "properties": {"t": "2301-Constructions for mining or extraction"}, "geometry": {"type": "Point", "coordinates": [-2.01166, 53.54572]}}, {"type": "Feature", "properties": {"t": "2412-Other sport and recreation constructions"}, "geometry": {"type": "Point", "coordinates": [-2.04286, 53.54783]}}, {"type": "Feature", "properties": {"t": "2412-Other sport and recreation constructions"}, "geometry": {"type": "Point", "coordinates": [-2.04217, 53.54799]}}, {"type": "Feature", "properties": {"t": "2411-Sports grounds"}, "geometry": {"type": "Point", "coordinates": [-2.00748, 53.5438]}}, {"type": "Feature", "properties": {"t": "2412-Other sport and recreation constructions"}, "geometry": {"type": "Point", "coordinates": [-1.99481, 53.54391]}}, {"type": "Feature", "properties": {"t": "2411-Sports grounds"}, "geometry": {"type": "Point", "coordinates": [-2.00764, 53.54465]}}, {"type": "Feature", "properties": {"t": "2412-Other sport and recreation constructions"}, "geometry": {"type": "Point", "coordinates": [-2.00117, 53.5447]}}, {"type": "Feature", "properties": {"t": "2412-Other sport and recreation constructions"}, "geometry": {"type": "Point", "coordinates": [-2.00115, 53.54475]}}, {"type": "Feature", "properties": {"t": "2301-Constructions for mining or extraction"}, "geometry": {"type": "Point", "coordinates": [-1.7829, 53.54482]}}, {"type": "Feature", "properties": {"t": "2411-Sports grounds"}, "geometry": {"type": "Point", "coordinates": [-1.77589, 53.54486]}}, {"type": "Feature", "properties": {"t": "2412-Other sport and recreation constructions"}, "geometry": {"type": "Point", "coordinates": [-2.00633, 53.54486]}}, {"type": "Feature", "properties": {"t": "2412-Other sport and recreation constructions"}, "geometry": {"type": "Point", "coordinates": [-2.00113, 53.54488]}}, {"type": "Feature", "properties": {"t": "2412-Other sport and recreation constructions"}, "geometry": {"type": "Point", "coordinates": [-2.00112, 53.54496]}}, {"type": "Feature", "properties": {"t": "2412-Other sport and recreation constructions"}, "geometry": {"type": "Point", "coordinates": [-2.00311, 53.54507]}}, {"type": "Feature", "properties": {"t": "2412-Other sport and recreation constructions"}, "geometry": {"type": "Point", "coordinates": [-2.00654, 53.54516]}}, {"type": "Feature", "properties": {"t": "2412-Other sport and recreation constructions"}, "geometry": {"type": "Point", "coordinates": [-2.00483, 53.54528]}}, {"type": "Feature", "properties": {"t": "2412-Other sport and recreation constructions"}, "geometry": {"type": "Point", "coordinates": [-2.00314, 53.5454]}}, {"type": "Feature", "properties": {"t": "2412-Other sport and recreation constructions"}, "geometry": {"type": "Point", "coordinates": [-2.00677, 53.54546]}}, {"type": "Feature", "properties": {"t": "2412-Other sport and recreation constructions"}, "geometry": {"type": "Point", "coordinates": [-2.00512, 53.54558]}}, {"type": "Feature", "properties": {"t": "2411-Sports grounds"}, "geometry": {"type": "Point", "coordinates": [-2.00295, 53.54561]}}, {"type": "Feature", "properties": {"t": "2411-Sports grounds"}, "geometry": {"type": "Point", "coordinates": [-2.0033, 53.54564]}}, {"type": "Feature", "properties": {"t": "2412-Other sport and recreation constructions"}, "geometry": {"type": "Point", "coordinates": [-1.99643, 53.54578]}}, {"type": "Feature", "properties": {"t": "2411-Sports grounds"}, "geometry": {"type": "Point", "coordinates": [-2.00304, 53.5459]}}, {"type": "Feature", "properties": {"t": "2411-Sports grounds"}, "geometry": {"type": "Point", "coordinates": [-1.78242, 53.54637]}}, {"type": "Feature", "properties": {"t": "2412-Other sport and recreation constructions"}, "geometry": {"type": "Point", "coordinates": [-1.7726, 53.54648]}}, {"type": "Feature", "properties": {"t": "2412-Other sport and recreation constructions"}, "geometry": {"type": "Point", "coordinates": [-1.99892, 53.54652]}}, {"type": "Feature", "properties": {"t": "2411-Sports grounds"}, "geometry": {"type": "Point", "coordinates": [-1.78157, 53.54655]}}, {"type": "Feature", "properties": {"t": "2412-Other sport and recreation constructions"}, "geometry": {"type": "Point", "coordinates": [-1.9985, 53.54656]}}, {"type": "Feature", "properties": {"t": "2412-Other sport and recreation constructions"}, "geometry": {"type": "Point", "coordinates": [-1.9991, 53.54663]}}, {"type": "Feature", "properties": {"t": "2412-Other sport and recreation constructions"}, "geometry": {"type": "Point", "coordinates": [-1.99948, 53.54668]}}, {"type": "Feature", "properties": {"t": "2412-Other sport and recreation constructions"}, "geometry": {"type": "Point", "coordinates": [-1.78195, 53.54686]}}, {"type": "Feature", "properties": {"t": "2412-Other sport and recreation constructions"}, "geometry": {"type": "Point", "coordinates": [-1.99995, 53.5468]}}, {"type": "Feature", "properties": {"t": "2412-Other sport and recreation constructions"}, "geometry": {"type": "Point", "coordinates": [-1.99938, 53.54696]}}, {"type": "Feature", "properties": {"t": "2412-Other sport and recreation constructions"}, "geometry": {"type": "Point", "coordinates": [-2.10291, 53.53894]}}, {"type": "Feature", "properties": {"t": "2412-Other sport and recreation constructions"}, "geometry": {"type": "Point", "coordinates": [-2.10284, 53.53895]}}, {"type": "Feature", "properties": {"t": "2412-Other sport and recreation constructions"}, "geometry": {"type": "Point", "coordinates": [-2.10331, 53.53896]}}, {"type": "Feature", "properties": {"t": "2412-Other sport and recreation constructions"}, "geometry": {"type": "Point", "coordinates": [-2.10279, 53.53897]}}, {"type": "Feature", "properties": {"t": "2412-Other sport and recreation constructions"}, "geometry": {"type": "Point", "coordinates": [-2.10325, 53.53898]}}, {"type": "Feature", "properties": {"t": "2412-Other sport and recreation constructions"}, "geometry": {"type": "Point", "coordinates": [-2.10318, 53.539]}}, {"type": "Feature", "properties": {"t": "2412-Other sport and recreation constructions"}, "geometry": {"type": "Point", "coordinates": [-2.10313, 53.53901]}}, {"type": "Feature", "properties": {"t": "2412-Other sport and recreation constructions"}, "geometry": {"type": "Point", "coordinates": [-2.10306, 53.53903]}}, {"type": "Feature", "properties": {"t": "2412-Other sport and recreation constructions"}, "geometry": {"type": "Point", "coordinates": [-2.103, 53.53905]}}, {"type": "Feature", "properties": {"t": "2412-Other sport and recreation constructions"}, "geometry": {"type": "Point", "coordinates": [-2.10294, 53.53907]}}, {"type": "Feature", "properties": {"t": "2412-Other sport and recreation constructions"}, "geometry": {"type": "Point", "coordinates": [-2.10449, 53.54187]}}, {"type": "Feature", "properties": {"t": "2412-Other sport and recreation constructions"}, "geometry": {"type": "Point", "coordinates": [-2.10404, 53.54208]}}, {"type": "Feature", "properties": {"t": "2412-Other sport and recreation constructions"}, "geometry": {"type": "Point", "coordinates": [-2.10346, 53.54251]}}, {"type": "Feature", "properties": {"t": "2412-Other sport and recreation constructions"}, "geometry": {"type": "Point", "coordinates": [-2.10395, 53.54474]}}, {"type": "Feature", "properties": {"t": "2412-Other sport and recreation constructions"}, "geometry": {"type": "Point", "coordinates": [-2.104, 53.54478]}}, {"type": "Feature", "properties": {"t": "2412-Other sport and recreation constructions"}, "geometry": {"type": "Point", "coordinates": [-2.10403, 53.54481]}}, {"type": "Feature", "properties": {"t": "2412-Other sport and recreation constructions"}, "geometry": {"type": "Point", "coordinates": [-2.10376, 53.54483]}}, {"type": "Feature", "properties": {"t": "2412-Other sport and recreation constructions"}, "geometry": {"type": "Point", "coordinates": [-2.10407, 53.54484]}}, {"type": "Feature", "properties": {"t": "2412-Other sport and recreation constructions"}, "geometry": {"type": "Point", "coordinates": [-2.1038, 53.54486]}}, {"type": "Feature", "properties": {"t": "2412-Other sport and recreation constructions"}, "geometry": {"type": "Point", "coordinates": [-2.10411, 53.54487]}}, {"type": "Feature", "properties": {"t": "2412-Other sport and recreation constructions"}, "geometry": {"type": "Point", "coordinates": [-2.10288, 53.53909]}}, {"type": "Feature", "properties": {"t": "2412-Other sport and recreation constructions"}, "geometry": {"type": "Point", "coordinates": [-2.10323, 53.5426]}}, {"type": "Feature", "properties": {"t": "2412-Other sport and recreation constructions"}, "geometry": {"type": "Point", "coordinates": [-2.10068, 53.54282]}}, {"type": "Feature", "properties": {"t": "2412-Other sport and recreation constructions"}, "geometry": {"type": "Point", "coordinates": [-2.10052, 53.54283]}}, {"type": "Feature", "properties": {"t": "2412-Other sport and recreation constructions"}, "geometry": {"type": "Point", "coordinates": [-2.10328, 53.54508]}}, {"type": "Feature", "properties": {"t": "2412-Other sport and recreation constructions"}, "geometry": {"type": "Point", "coordinates": [-2.1031, 53.54517]}}, {"type": "Feature", "properties": {"t": "2412-Other sport and recreation constructions"}, "geometry": {"type": "Point", "coordinates": [-2.10318, 53.54521]}}, {"type": "Feature", "properties": {"t": "2412-Other sport and recreation constructions"}, "geometry": {"type": "Point", "coordinates": [-2.10325, 53.54528]}}, {"type": "Feature", "properties": {"t": "2412-Other sport and recreation constructions"}, "geometry": {"type": "Point", "coordinates": [-2.09858, 53.54889]}}, {"type": "Feature", "properties": {"t": "2412-Other sport and recreation constructions"}, "geometry": {"type": "Point", "coordinates": [-2.0986, 53.54893]}}, {"type": "Feature", "properties": {"t": "2412-Other sport and recreation constructions"}, "geometry": {"type": "Point", "coordinates": [-2.10384, 53.54489]}}, {"type": "Feature", "properties": {"t": "2412-Other sport and recreation constructions"}, "geometry": {"type": "Point", "coordinates": [-2.10416, 53.54491]}}, {"type": "Feature", "properties": {"t": "2412-Other sport and recreation constructions"}, "geometry": {"type": "Point", "coordinates": [-2.10389, 53.54492]}}, {"type": "Feature", "properties": {"t": "2412-Other sport and recreation constructions"}, "geometry": {"type": "Point", "coordinates": [-2.10419, 53.54493]}}, {"type": "Feature", "properties": {"t": "2412-Other sport and recreation constructions"}, "geometry": {"type": "Point", "coordinates": [-2.10357, 53.54493]}}, {"type": "Feature", "properties": {"t": "2412-Other sport and recreation constructions"}, "geometry": {"type": "Point", "coordinates": [-2.10393, 53.54496]}}, {"type": "Feature", "properties": {"t": "2412-Other sport and recreation constructions"}, "geometry": {"type": "Point", "coordinates": [-2.10424, 53.54497]}}, {"type": "Feature", "properties": {"t": "2412-Other sport and recreation constructions"}, "geometry": {"type": "Point", "coordinates": [-2.10397, 53.54499]}}, {"type": "Feature", "properties": {"t": "2412-Other sport and recreation constructions"}, "geometry": {"type": "Point", "coordinates": [-2.10427, 53.545]}}, {"type": "Feature", "properties": {"t": "2412-Other sport and recreation constructions"}, "geometry": {"type": "Point", "coordinates": [-2.1037, 53.545]}}, {"type": "Feature", "properties": {"t": "2412-Other sport and recreation constructions"}, "geometry": {"type": "Point", "coordinates": [-2.10348, 53.54502]}}, {"type": "Feature", "properties": {"t": "2412-Other sport and recreation constructions"}, "geometry": {"type": "Point", "coordinates": [-2.10401, 53.54502]}}, {"type": "Feature", "properties": {"t": "2412-Other sport and recreation constructions"}, "geometry": {"type": "Point", "coordinates": [-2.10432, 53.54503]}}, {"type": "Feature", "properties": {"t": "2412-Other sport and recreation constructions"}, "geometry": {"type": "Point", "coordinates": [-2.10375, 53.54504]}}, {"type": "Feature", "properties": {"t": "2412-Other sport and recreation constructions"}, "geometry": {"type": "Point", "coordinates": [-2.10406, 53.54505]}}, {"type": "Feature", "properties": {"t": "2412-Other sport and recreation constructions"}, "geometry": {"type": "Point", "coordinates": [-2.10436, 53.54506]}}, {"type": "Feature", "properties": {"t": "2412-Other sport and recreation constructions"}, "geometry": {"type": "Point", "coordinates": [-2.10352, 53.54506]}}, {"type": "Feature", "properties": {"t": "2412-Other sport and recreation constructions"}, "geometry": {"type": "Point", "coordinates": [-2.1041, 53.54509]}}, {"type": "Feature", "properties": {"t": "2412-Other sport and recreation constructions"}, "geometry": {"type": "Point", "coordinates": [-2.10441, 53.5451]}}, {"type": "Feature", "properties": {"t": "2412-Other sport and recreation constructions"}, "geometry": {"type": "Point", "coordinates": [-2.10384, 53.5451]}}, {"type": "Feature", "properties": {"t": "2412-Other sport and recreation constructions"}, "geometry": {"type": "Point", "coordinates": [-2.10359, 53.54511]}}, {"type": "Feature", "properties": {"t": "2412-Other sport and recreation constructions"}, "geometry": {"type": "Point", "coordinates": [-2.10414, 53.54512]}}, {"type": "Feature", "properties": {"t": "2412-Other sport and recreation constructions"}, "geometry": {"type": "Point", "coordinates": [-2.10445, 53.54512]}}, {"type": "Feature", "properties": {"t": "2412-Other sport and recreation constructions"}, "geometry": {"type": "Point", "coordinates": [-2.10339, 53.54513]}}, {"type": "Feature", "properties": {"t": "2412-Other sport and recreation constructions"}, "geometry": {"type": "Point", "coordinates": [-2.10388, 53.54514]}}, {"type": "Feature", "properties": {"t": "2412-Other sport and recreation constructions"}, "geometry": {"type": "Point", "coordinates": [-2.10418, 53.54515]}}, {"type": "Feature", "properties": {"t": "2412-Other sport and recreation constructions"}, "geometry": {"type": "Point", "coordinates": [-2.1045, 53.54516]}}, {"type": "Feature", "properties": {"t": "2412-Other sport and recreation constructions"}, "geometry": {"type": "Point", "coordinates": [-2.10366, 53.54517]}}, {"type": "Feature", "properties": {"t": "2412-Other sport and recreation constructions"}, "geometry": {"type": "Point", "coordinates": [-2.10422, 53.54518]}}, {"type": "Feature", "properties": {"t": "2412-Other sport and recreation constructions"}, "geometry": {"type": "Point", "coordinates": [-2.10453, 53.54518]}}, {"type": "Feature", "properties": {"t": "2412-Other sport and recreation constructions"}, "geometry": {"type": "Point", "coordinates": [-2.10344, 53.5452]}}, {"type": "Feature", "properties": {"t": "2412-Other sport and recreation constructions"}, "geometry": {"type": "Point", "coordinates": [-2.10427, 53.54521]}}, {"type": "Feature", "properties": {"t": "2412-Other sport and recreation constructions"}, "geometry": {"type": "Point", "coordinates": [-2.10396, 53.5452]}}, {"type": "Feature", "properties": {"t": "2412-Other sport and recreation constructions"}, "geometry": {"type": "Point", "coordinates": [-2.10372, 53.54521]}}, {"type": "Feature", "properties": {"t": "2412-Other sport and recreation constructions"}, "geometry": {"type": "Point", "coordinates": [-2.10458, 53.54522]}}, {"type": "Feature", "properties": {"t": "2412-Other sport and recreation constructions"}, "geometry": {"type": "Point", "coordinates": [-2.10402, 53.54524]}}, {"type": "Feature", "properties": {"t": "2412-Other sport and recreation constructions"}, "geometry": {"type": "Point", "coordinates": [-2.1043, 53.54524]}}, {"type": "Feature", "properties": {"t": "2412-Other sport and recreation constructions"}, "geometry": {"type": "Point", "coordinates": [-2.10434, 53.54527]}}, {"type": "Feature", "properties": {"t": "2412-Other sport and recreation constructions"}, "geometry": {"type": "Point", "coordinates": [-2.10379, 53.54527]}}, {"type": "Feature", "properties": {"t": "2412-Other sport and recreation constructions"}, "geometry": {"type": "Point", "coordinates": [-2.10438, 53.5453]}}, {"type": "Feature", "properties": {"t": "2412-Other sport and recreation constructions"}, "geometry": {"type": "Point", "coordinates": [-2.10409, 53.5453]}}, {"type": "Feature", "properties": {"t": "2412-Other sport and recreation constructions"}, "geometry": {"type": "Point", "coordinates": [-2.10384, 53.54532]}}, {"type": "Feature", "properties": {"t": "2412-Other sport and recreation constructions"}, "geometry": {"type": "Point", "coordinates": [-2.10391, 53.54538]}}, {"type": "Feature", "properties": {"t": "2412-Other sport and recreation constructions"}, "geometry": {"type": "Point", "coordinates": [-2.10415, 53.54539]}}, {"type": "Feature", "properties": {"t": "2412-Other sport and recreation constructions"}, "geometry": {"type": "Point", "coordinates": [-2.10399, 53.54542]}}, {"type": "Feature", "properties": {"t": "2412-Other sport and recreation constructions"}, "geometry": {"type": "Point", "coordinates": [-2.10377, 53.5454]}}, {"type": "Feature", "properties": {"t": "2412-Other sport and recreation constructions"}, "geometry": {"type": "Point", "coordinates": [-2.10369, 53.54544]}}, {"type": "Feature", "properties": {"t": "2412-Other sport and recreation constructions"}, "geometry": {"type": "Point", "coordinates": [-2.10357, 53.54548]}}, {"type": "Feature", "properties": {"t": "2412-Other sport and recreation constructions"}, "geometry": {"type": "Point", "coordinates": [-2.10392, 53.54551]}}, {"type": "Feature", "properties": {"t": "2412-Other sport and recreation constructions"}, "geometry": {"type": "Point", "coordinates": [-2.10383, 53.54555]}}, {"type": "Feature", "properties": {"t": "2412-Other sport and recreation constructions"}, "geometry": {"type": "Point", "coordinates": [-2.09651, 53.54291]}}, {"type": "Feature", "properties": {"t": "2412-Other sport and recreation constructions"}, "geometry": {"type": "Point", "coordinates": [-2.09658, 53.54294]}}, {"type": "Feature", "properties": {"t": "2412-Other sport and recreation constructions"}, "geometry": {"type": "Point", "coordinates": [-2.09667, 53.54297]}}, {"type": "Feature", "properties": {"t": "2412-Other sport and recreation constructions"}, "geometry": {"type": "Point", "coordinates": [-2.0968, 53.54412]}}, {"type": "Feature", "properties": {"t": "2412-Other sport and recreation constructions"}, "geometry": {"type": "Point", "coordinates": [-2.0969, 53.54417]}}, {"type": "Feature", "properties": {"t": "2412-Other sport and recreation constructions"}, "geometry": {"type": "Point", "coordinates": [-2.09825, 53.5484]}}, {"type": "Feature", "properties": {"t": "2412-Other sport and recreation constructions"}, "geometry": {"type": "Point", "coordinates": [-2.09781, 53.54849]}}, {"type": "Feature", "properties": {"t": "2412-Other sport and recreation constructions"}, "geometry": {"type": "Point", "coordinates": [-2.09784, 53.54853]}}, {"type": "Feature", "properties": {"t": "2412-Other sport and recreation constructions"}, "geometry": {"type": "Point", "coordinates": [-2.09758, 53.54854]}}, {"type": "Feature", "properties": {"t": "2412-Other sport and recreation constructions"}, "geometry": {"type": "Point", "coordinates": [-2.09831, 53.54854]}}, {"type": "Feature", "properties": {"t": "2412-Other sport and recreation constructions"}, "geometry": {"type": "Point", "coordinates": [-2.09786, 53.54855]}}, {"type": "Feature", "properties": {"t": "2412-Other sport and recreation constructions"}, "geometry": {"type": "Point", "coordinates": [-2.09832, 53.54857]}}, {"type": "Feature", "properties": {"t": "2412-Other sport and recreation constructions"}, "geometry": {"type": "Point", "coordinates": [-2.09761, 53.54858]}}, {"type": "Feature", "properties": {"t": "2412-Other sport and recreation constructions"}, "geometry": {"type": "Point", "coordinates": [-2.09834, 53.54861]}}, {"type": "Feature", "properties": {"t": "2412-Other sport and recreation constructions"}, "geometry": {"type": "Point", "coordinates": [-2.09766, 53.54862]}}, {"type": "Feature", "properties": {"t": "2412-Other sport and recreation constructions"}, "geometry": {"type": "Point", "coordinates": [-2.09793, 53.54863]}}, {"type": "Feature", "properties": {"t": "2412-Other sport and recreation constructions"}, "geometry": {"type": "Point", "coordinates": [-2.09839, 53.54866]}}, {"type": "Feature", "properties": {"t": "2412-Other sport and recreation constructions"}, "geometry": {"type": "Point", "coordinates": [-2.09796, 53.54867]}}, {"type": "Feature", "properties": {"t": "2412-Other sport and recreation constructions"}, "geometry": {"type": "Point", "coordinates": [-2.0977, 53.54869]}}, {"type": "Feature", "properties": {"t": "2412-Other sport and recreation constructions"}, "geometry": {"type": "Point", "coordinates": [-2.09841, 53.54871]}}, {"type": "Feature", "properties": {"t": "2412-Other sport and recreation constructions"}, "geometry": {"type": "Point", "coordinates": [-2.09, 53.54179]}}, {"type": "Feature", "properties": {"t": "2412-Other sport and recreation constructions"}, "geometry": {"type": "Point", "coordinates": [-2.08901, 53.5418]}}, {"type": "Feature", "properties": {"t": "2412-Other sport and recreation constructions"}, "geometry": {"type": "Point", "coordinates": [-2.09031, 53.54181]}}, {"type": "Feature", "properties": {"t": "2412-Other sport and recreation constructions"}, "geometry": {"type": "Point", "coordinates": [-2.09005, 53.54182]}}, {"type": "Feature", "properties": {"t": "2412-Other sport and recreation constructions"}, "geometry": {"type": "Point", "coordinates": [-2.08906, 53.54183]}}, {"type": "Feature", "properties": {"t": "2412-Other sport and recreation constructions"}, "geometry": {"type": "Point", "coordinates": [-2.09065, 53.54183]}}, {"type": "Feature", "properties": {"t": "2412-Other sport and recreation constructions"}, "geometry": {"type": "Point", "coordinates": [-2.09036, 53.54183]}}, {"type": "Feature", "properties": {"t": "2412-Other sport and recreation constructions"}, "geometry": {"type": "Point", "coordinates": [-2.0901, 53.54184]}}, {"type": "Feature", "properties": {"t": "2412-Other sport and recreation constructions"}, "geometry": {"type": "Point", "coordinates": [-2.09061, 53.54186]}}, {"type": "Feature", "properties": {"t": "2412-Other sport and recreation constructions"}, "geometry": {"type": "Point", "coordinates": [-2.08912, 53.54186]}}, {"type": "Feature", "properties": {"t": "2412-Other sport and recreation constructions"}, "geometry": {"type": "Point", "coordinates": [-2.09041, 53.54186]}}, {"type": "Feature", "properties": {"t": "2412-Other sport and recreation constructions"}, "geometry": {"type": "Point", "coordinates": [-2.09015, 53.54187]}}, {"type": "Feature", "properties": {"t": "2412-Other sport and recreation constructions"}, "geometry": {"type": "Point", "coordinates": [-2.08889, 53.54188]}}, {"type": "Feature", "properties": {"t": "2412-Other sport and recreation constructions"}, "geometry": {"type": "Point", "coordinates": [-2.08917, 53.54188]}}, {"type": "Feature", "properties": {"t": "2412-Other sport and recreation constructions"}, "geometry": {"type": "Point", "coordinates": [-2.09057, 53.54189]}}, {"type": "Feature", "properties": {"t": "2412-Other sport and recreation constructions"}, "geometry": {"type": "Point", "coordinates": [-2.09019, 53.5419]}}, {"type": "Feature", "properties": {"t": "2412-Other sport and recreation constructions"}, "geometry": {"type": "Point", "coordinates": [-2.08894, 53.5419]}}, {"type": "Feature", "properties": {"t": "2412-Other sport and recreation constructions"}, "geometry": {"type": "Point", "coordinates": [-2.08922, 53.54191]}}, {"type": "Feature", "properties": {"t": "2412-Other sport and recreation constructions"}, "geometry": {"type": "Point", "coordinates": [-2.09053, 53.54192]}}, {"type": "Feature", "properties": {"t": "2412-Other sport and recreation constructions"}, "geometry": {"type": "Point", "coordinates": [-2.09024, 53.54192]}}, {"type": "Feature", "properties": {"t": "2412-Other sport and recreation constructions"}, "geometry": {"type": "Point", "coordinates": [-2.08899, 53.54193]}}, {"type": "Feature", "properties": {"t": "2412-Other sport and recreation constructions"}, "geometry": {"type": "Point", "coordinates": [-2.08927, 53.54194]}}, {"type": "Feature", "properties": {"t": "2412-Other sport and recreation constructions"}, "geometry": {"type": "Point", "coordinates": [-2.09048, 53.54195]}}, {"type": "Feature", "properties": {"t": "2412-Other sport and recreation constructions"}, "geometry": {"type": "Point", "coordinates": [-2.09029, 53.54195]}}, {"type": "Feature", "properties": {"t": "2412-Other sport and recreation constructions"}, "geometry": {"type": "Point", "coordinates": [-2.08904, 53.54196]}}, {"type": "Feature", "properties": {"t": "2412-Other sport and recreation constructions"}, "geometry": {"type": "Point", "coordinates": [-2.08933, 53.54197]}}, {"type": "Feature", "properties": {"t": "2412-Other sport and recreation constructions"}, "geometry": {"type": "Point", "coordinates": [-2.08909, 53.54198]}}, {"type": "Feature", "properties": {"t": "2412-Other sport and recreation constructions"}, "geometry": {"type": "Point", "coordinates": [-2.09045, 53.54198]}}, {"type": "Feature", "properties": {"t": "2412-Other sport and recreation constructions"}, "geometry": {"type": "Point", "coordinates": [-2.08937, 53.54199]}}, {"type": "Feature", "properties": {"t": "2412-Other sport and recreation constructions"}, "geometry": {"type": "Point", "coordinates": [-2.0904, 53.54201]}}, {"type": "Feature", "properties": {"t": "2412-Other sport and recreation constructions"}, "geometry": {"type": "Point", "coordinates": [-2.08914, 53.54201]}}, {"type": "Feature", "properties": {"t": "2412-Other sport and recreation constructions"}, "geometry": {"type": "Point", "coordinates": [-2.08943, 53.54203]}}, {"type": "Feature", "properties": {"t": "2412-Other sport and recreation constructions"}, "geometry": {"type": "Point", "coordinates": [-2.08919, 53.54204]}}, {"type": "Feature", "properties": {"t": "2412-Other sport and recreation constructions"}, "geometry": {"type": "Point", "coordinates": [-2.09036, 53.54204]}}, {"type": "Feature", "properties": {"t": "2412-Other sport and recreation constructions"}, "geometry": {"type": "Point", "coordinates": [-2.08948, 53.54205]}}, {"type": "Feature", "properties": {"t": "2412-Other sport and recreation constructions"}, "geometry": {"type": "Point", "coordinates": [-2.08924, 53.54206]}}, {"type": "Feature", "properties": {"t": "2412-Other sport and recreation constructions"}, "geometry": {"type": "Point", "coordinates": [-2.09031, 53.54207]}}, {"type": "Feature", "properties": {"t": "2412-Other sport and recreation constructions"}, "geometry": {"type": "Point", "coordinates": [-2.08953, 53.54208]}}, {"type": "Feature", "properties": {"t": "2412-Other sport and recreation constructions"}, "geometry": {"type": "Point", "coordinates": [-2.08929, 53.54209]}}, {"type": "Feature", "properties": {"t": "2412-Other sport and recreation constructions"}, "geometry": {"type": "Point", "coordinates": [-2.09027, 53.5421]}}, {"type": "Feature", "properties": {"t": "2412-Other sport and recreation constructions"}, "geometry": {"type": "Point", "coordinates": [-2.08958, 53.54211]}}, {"type": "Feature", "properties": {"t": "2412-Other sport and recreation constructions"}, "geometry": {"type": "Point", "coordinates": [-2.08934, 53.54212]}}, {"type": "Feature", "properties": {"t": "2412-Other sport and recreation constructions"}, "geometry": {"type": "Point", "coordinates": [-2.08964, 53.54214]}}, {"type": "Feature", "properties": {"t": "2412-Other sport and recreation constructions"}, "geometry": {"type": "Point", "coordinates": [-2.08939, 53.54214]}}, {"type": "Feature", "properties": {"t": "2412-Other sport and recreation constructions"}, "geometry": {"type": "Point", "coordinates": [-2.08968, 53.54216]}}, {"type": "Feature", "properties": {"t": "2412-Other sport and recreation constructions"}, "geometry": {"type": "Point", "coordinates": [-2.08944, 53.54217]}}, {"type": "Feature", "properties": {"t": "2412-Other sport and recreation constructions"}, "geometry": {"type": "Point", "coordinates": [-2.08974, 53.54219]}}, {"type": "Feature", "properties": {"t": "2412-Other sport and recreation constructions"}, "geometry": {"type": "Point", "coordinates": [-2.08949, 53.5422]}}, {"type": "Feature", "properties": {"t": "2412-Other sport and recreation constructions"}, "geometry": {"type": "Point", "coordinates": [-2.0901, 53.54221]}}, {"type": "Feature", "properties": {"t": "2412-Other sport and recreation constructions"}, "geometry": {"type": "Point", "coordinates": [-2.08979, 53.54222]}}, {"type": "Feature", "properties": {"t": "2412-Other sport and recreation constructions"}, "geometry": {"type": "Point", "coordinates": [-2.08954, 53.54222]}}, {"type": "Feature", "properties": {"t": "2412-Other sport and recreation constructions"}, "geometry": {"type": "Point", "coordinates": [-2.08959, 53.54225]}}, {"type": "Feature", "properties": {"t": "2412-Other sport and recreation constructions"}, "geometry": {"type": "Point", "coordinates": [-2.08985, 53.54225]}}, {"type": "Feature", "properties": {"t": "2412-Other sport and recreation constructions"}, "geometry": {"type": "Point", "coordinates": [-2.09004, 53.54225]}}, {"type": "Feature", "properties": {"t": "2412-Other sport and recreation constructions"}, "geometry": {"type": "Point", "coordinates": [-2.08963, 53.54228]}}, {"type": "Feature", "properties": {"t": "2412-Other sport and recreation constructions"}, "geometry": {"type": "Point", "coordinates": [-2.09001, 53.54228]}}, {"type": "Feature", "properties": {"t": "2412-Other sport and recreation constructions"}, "geometry": {"type": "Point", "coordinates": [-2.08968, 53.5423]}}, {"type": "Feature", "properties": {"t": "2412-Other sport and recreation constructions"}, "geometry": {"type": "Point", "coordinates": [-2.08995, 53.54231]}}, {"type": "Feature", "properties": {"t": "2412-Other sport and recreation constructions"}, "geometry": {"type": "Point", "coordinates": [-2.08973, 53.54233]}}, {"type": "Feature", "properties": {"t": "2412-Other sport and recreation constructions"}, "geometry": {"type": "Point", "coordinates": [-2.08992, 53.54234]}}, {"type": "Feature", "properties": {"t": "2412-Other sport and recreation constructions"}, "geometry": {"type": "Point", "coordinates": [-2.08853, 53.54154]}}, {"type": "Feature", "properties": {"t": "2412-Other sport and recreation constructions"}, "geometry": {"type": "Point", "coordinates": [-2.08831, 53.54157]}}, {"type": "Feature", "properties": {"t": "2412-Other sport and recreation constructions"}, "geometry": {"type": "Point", "coordinates": [-2.0886, 53.54158]}}, {"type": "Feature", "properties": {"t": "2412-Other sport and recreation constructions"}, "geometry": {"type": "Point", "coordinates": [-2.08836, 53.54159]}}, {"type": "Feature", "properties": {"t": "2412-Other sport and recreation constructions"}, "geometry": {"type": "Point", "coordinates": [-2.08867, 53.54162]}}, {"type": "Feature", "properties": {"t": "2412-Other sport and recreation constructions"}, "geometry": {"type": "Point", "coordinates": [-2.08841, 53.54162]}}, {"type": "Feature", "properties": {"t": "2412-Other sport and recreation constructions"}, "geometry": {"type": "Point", "coordinates": [-2.08847, 53.54165]}}, {"type": "Feature", "properties": {"t": "2412-Other sport and recreation constructions"}, "geometry": {"type": "Point", "coordinates": [-2.08875, 53.54165]}}, {"type": "Feature", "properties": {"t": "2412-Other sport and recreation constructions"}, "geometry": {"type": "Point", "coordinates": [-2.08882, 53.5417]}}, {"type": "Feature", "properties": {"t": "2412-Other sport and recreation constructions"}, "geometry": {"type": "Point", "coordinates": [-2.08816, 53.54315]}}, {"type": "Feature", "properties": {"t": "2412-Other sport and recreation constructions"}, "geometry": {"type": "Point", "coordinates": [-2.07231, 53.53967]}}, {"type": "Feature", "properties": {"t": "2412-Other sport and recreation constructions"}, "geometry": {"type": "Point", "coordinates": [-2.0725, 53.53969]}}, {"type": "Feature", "properties": {"t": "2412-Other sport and recreation constructions"}, "geometry": {"type": "Point", "coordinates": [-2.07247, 53.53973]}}, {"type": "Feature", "properties": {"t": "2412-Other sport and recreation constructions"}, "geometry": {"type": "Point", "coordinates": [-2.07232, 53.53974]}}, {"type": "Feature", "properties": {"t": "2411-Sports grounds"}, "geometry": {"type": "Point", "coordinates": [-2.0852, 53.53989]}}, {"type": "Feature", "properties": {"t": "2412-Other sport and recreation constructions"}, "geometry": {"type": "Point", "coordinates": [-2.08625, 53.54032]}}, {"type": "Feature", "properties": {"t": "2412-Other sport and recreation constructions"}, "geometry": {"type": "Point", "coordinates": [-2.08615, 53.54041]}}, {"type": "Feature", "properties": {"t": "2412-Other sport and recreation constructions"}, "geometry": {"type": "Point", "coordinates": [-2.08621, 53.54045]}}, {"type": "Feature", "properties": {"t": "2412-Other sport and recreation constructions"}, "geometry": {"type": "Point", "coordinates": [-2.08419, 53.54687]}}, {"type": "Feature", "properties": {"t": "2412-Other sport and recreation constructions"}, "geometry": {"type": "Point", "coordinates": [-2.08608, 53.54778]}}, {"type": "Feature", "properties": {"t": "2412-Other sport and recreation constructions"}, "geometry": {"type": "Point", "coordinates": [-2.08988, 53.54237]}}, {"type": "Feature", "properties": {"t": "2412-Other sport and recreation constructions"}, "geometry": {"type": "Point", "coordinates": [-2.08984, 53.5424]}}, {"type": "Feature", "properties": {"t": "2412-Other sport and recreation constructions"}, "geometry": {"type": "Point", "coordinates": [-2.08979, 53.54243]}}, {"type": "Feature", "properties": {"t": "2412-Other sport and recreation constructions"}, "geometry": {"type": "Point", "coordinates": [-2.08975, 53.54245]}}, {"type": "Feature", "properties": {"t": "2412-Other sport and recreation constructions"}, "geometry": {"type": "Point", "coordinates": [-2.08969, 53.54247]}}, {"type": "Feature", "properties": {"t": "2412-Other sport and recreation constructions"}, "geometry": {"type": "Point", "coordinates": [-2.08955, 53.54523]}}, {"type": "Feature", "properties": {"t": "2412-Other sport and recreation constructions"}, "geometry": {"type": "Point", "coordinates": [-2.08971, 53.54762]}}, {"type": "Feature", "properties": {"t": "2412-Other sport and recreation constructions"}, "geometry": {"type": "Point", "coordinates": [-2.08941, 53.54773]}}, {"type": "Feature", "properties": {"t": "2412-Other sport and recreation constructions"}, "geometry": {"type": "Point", "coordinates": [-2.08916, 53.54828]}}, {"type": "Feature", "properties": {"t": "2412-Other sport and recreation constructions"}, "geometry": {"type": "Point", "coordinates": [-2.08914, 53.54833]}}, {"type": "Feature", "properties": {"t": "2412-Other sport and recreation constructions"}, "geometry": {"type": "Point", "coordinates": [-2.08681, 53.54461]}}, {"type": "Feature", "properties": {"t": "2412-Other sport and recreation constructions"}, "geometry": {"type": "Point", "coordinates": [-2.08763, 53.5452]}}, {"type": "Feature", "properties": {"t": "2412-Other sport and recreation constructions"}, "geometry": {"type": "Point", "coordinates": [-2.08768, 53.54525]}}, {"type": "Feature", "properties": {"t": "2412-Other sport and recreation constructions"}, "geometry": {"type": "Point", "coordinates": [-2.08771, 53.5453]}}, {"type": "Feature", "properties": {"t": "2412-Other sport and recreation constructions"}, "geometry": {"type": "Point", "coordinates": [-2.08775, 53.54535]}}, {"type": "Feature", "properties": {"t": "2412-Other sport and recreation constructions"}, "geometry": {"type": "Point", "coordinates": [-2.08761, 53.54711]}}, {"type": "Feature", "properties": {"t": "2412-Other sport and recreation constructions"}, "geometry": {"type": "Point", "coordinates": [-2.08742, 53.54718]}}, {"type": "Feature", "properties": {"t": "2412-Other sport and recreation constructions"}, "geometry": {"type": "Point", "coordinates": [-2.08781, 53.5472]}}, {"type": "Feature", "properties": {"t": "2412-Other sport and recreation constructions"}, "geometry": {"type": "Point", "coordinates": [-2.08773, 53.54723]}}, {"type": "Feature", "properties": {"t": "2412-Other sport and recreation constructions"}, "geometry": {"type": "Point", "coordinates": [-2.08792, 53.54725]}}, {"type": "Feature", "properties": {"t": "2412-Other sport and recreation constructions"}, "geometry": {"type": "Point", "coordinates": [-2.08764, 53.54726]}}, {"type": "Feature", "properties": {"t": "2412-Other sport and recreation constructions"}, "geometry": {"type": "Point", "coordinates": [-2.088, 53.54727]}}, {"type": "Feature", "properties": {"t": "2412-Other sport and recreation constructions"}, "geometry": {"type": "Point", "coordinates": [-2.08753, 53.54729]}}, {"type": "Feature", "properties": {"t": "2412-Other sport and recreation constructions"}, "geometry": {"type": "Point", "coordinates": [-2.0878, 53.54729]}}, {"type": "Feature", "properties": {"t": "2412-Other sport and recreation constructions"}, "geometry": {"type": "Point", "coordinates": [-2.08872, 53.54731]}}, {"type": "Feature", "properties": {"t": "2412-Other sport and recreation constructions"}, "geometry": {"type": "Point", "coordinates": [-2.08813, 53.54731]}}, {"type": "Feature", "properties": {"t": "2412-Other sport and recreation constructions"}, "geometry": {"type": "Point", "coordinates": [-2.08775, 53.54731]}}, {"type": "Feature", "properties": {"t": "2412-Other sport and recreation constructions"}, "geometry": {"type": "Point", "coordinates": [-2.08763, 53.54736]}}, {"type": "Feature", "properties": {"t": "2412-Other sport and recreation constructions"}, "geometry": {"type": "Point", "coordinates": [-2.0882, 53.54737]}}, {"type": "Feature", "properties": {"t": "2412-Other sport and recreation constructions"}, "geometry": {"type": "Point", "coordinates": [-2.08742, 53.5474]}}, {"type": "Feature", "properties": {"t": "2412-Other sport and recreation constructions"}, "geometry": {"type": "Point", "coordinates": [-2.08822, 53.54742]}}, {"type": "Feature", "properties": {"t": "2412-Other sport and recreation constructions"}, "geometry": {"type": "Point", "coordinates": [-2.08755, 53.54741]}}, {"type": "Feature", "properties": {"t": "2412-Other sport and recreation constructions"}, "geometry": {"type": "Point", "coordinates": [-2.08754, 53.54748]}}, {"type": "Feature", "properties": {"t": "2412-Other sport and recreation constructions"}, "geometry": {"type": "Point", "coordinates": [-2.08827, 53.54748]}}, {"type": "Feature", "properties": {"t": "2412-Other sport and recreation constructions"}, "geometry": {"type": "Point", "coordinates": [-2.0879, 53.54752]}}, {"type": "Feature", "properties": {"t": "2412-Other sport and recreation constructions"}, "geometry": {"type": "Point", "coordinates": [-2.08681, 53.54755]}}, {"type": "Feature", "properties": {"t": "2412-Other sport and recreation constructions"}, "geometry": {"type": "Point", "coordinates": [-2.08692, 53.54757]}}, {"type": "Feature", "properties": {"t": "2412-Other sport and recreation constructions"}, "geometry": {"type": "Point", "coordinates": [-2.08651, 53.54763]}}, {"type": "Feature", "properties": {"t": "2412-Other sport and recreation constructions"}, "geometry": {"type": "Point", "coordinates": [-2.08707, 53.5477]}}, {"type": "Feature", "properties": {"t": "2412-Other sport and recreation constructions"}, "geometry": {"type": "Point", "coordinates": [-2.08727, 53.54798]}}, {"type": "Feature", "properties": {"t": "2412-Other sport and recreation constructions"}, "geometry": {"type": "Point", "coordinates": [-2.08674, 53.54819]}}, {"type": "Feature", "properties": {"t": "2412-Other sport and recreation constructions"}, "geometry": {"type": "Point", "coordinates": [-2.08803, 53.5486]}}, {"type": "Feature", "properties": {"t": "2412-Other sport and recreation constructions"}, "geometry": {"type": "Point", "coordinates": [-2.08759, 53.54862]}}, {"type": "Feature", "properties": {"t": "2412-Other sport and recreation constructions"}, "geometry": {"type": "Point", "coordinates": [-2.08779, 53.54867]}}, {"type": "Feature", "properties": {"t": "2412-Other sport and recreation constructions"}, "geometry": {"type": "Point", "coordinates": [-2.08754, 53.54868]}}, {"type": "Feature", "properties": {"t": "2412-Other sport and recreation constructions"}, "geometry": {"type": "Point", "coordinates": [-2.08751, 53.54873]}}, {"type": "Feature", "properties": {"t": "2412-Other sport and recreation constructions"}, "geometry": {"type": "Point", "coordinates": [-2.08798, 53.54874]}}, {"type": "Feature", "properties": {"t": "2412-Other sport and recreation constructions"}, "geometry": {"type": "Point", "coordinates": [-2.08777, 53.54874]}}, {"type": "Feature", "properties": {"t": "2412-Other sport and recreation constructions"}, "geometry": {"type": "Point", "coordinates": [-2.08744, 53.54875]}}, {"type": "Feature", "properties": {"t": "2412-Other sport and recreation constructions"}, "geometry": {"type": "Point", "coordinates": [-2.08772, 53.5488]}}, {"type": "Feature", "properties": {"t": "2412-Other sport and recreation constructions"}, "geometry": {"type": "Point", "coordinates": [-2.08553, 53.54791]}}, {"type": "Feature", "properties": {"t": "2412-Other sport and recreation constructions"}, "geometry": {"type": "Point", "coordinates": [-2.0852, 53.54794]}}, {"type": "Feature", "properties": {"t": "2412-Other sport and recreation constructions"}, "geometry": {"type": "Point", "coordinates": [-2.08535, 53.54794]}}, {"type": "Feature", "properties": {"t": "2412-Other sport and recreation constructions"}, "geometry": {"type": "Point", "coordinates": [-2.0855, 53.54795]}}, {"type": "Feature", "properties": {"t": "2412-Other sport and recreation constructions"}, "geometry": {"type": "Point", "coordinates": [-2.08523, 53.548]}}, {"type": "Feature", "properties": {"t": "2412-Other sport and recreation constructions"}, "geometry": {"type": "Point", "coordinates": [-2.07279, 53.54852]}}, {"type": "Feature", "properties": {"t": "2412-Other sport and recreation constructions"}, "geometry": {"type": "Point", "coordinates": [-2.08612, 53.54958]}}, {"type": "Feature", "properties": {"t": "2412-Other sport and recreation constructions"}, "geometry": {"type": "Point", "coordinates": [-2.08614, 53.54968]}}, {"type": "Feature", "properties": {"t": "2412-Other sport and recreation constructions"}, "geometry": {"type": "Point", "coordinates": [-2.08623, 53.5497]}}, {"type": "Feature", "properties": {"t": "2412-Other sport and recreation constructions"}, "geometry": {"type": "Point", "coordinates": [-2.08608, 53.54976]}}, {"type": "Feature", "properties": {"t": "2412-Other sport and recreation constructions"}, "geometry": {"type": "Point", "coordinates": [-2.08822, 53.5488]}}, {"type": "Feature", "properties": {"t": "2412-Other sport and recreation constructions"}, "geometry": {"type": "Point", "coordinates": [-2.08793, 53.5488]}}, {"type": "Feature", "properties": {"t": "2412-Other sport and recreation constructions"}, "geometry": {"type": "Point", "coordinates": [-2.0872, 53.54883]}}, {"type": "Feature", "properties": {"t": "2412-Other sport and recreation constructions"}, "geometry": {"type": "Point", "coordinates": [-2.08739, 53.54887]}}, {"type": "Feature", "properties": {"t": "2412-Other sport and recreation constructions"}, "geometry": {"type": "Point", "coordinates": [-2.08706, 53.54886]}}, {"type": "Feature", "properties": {"t": "2412-Other sport and recreation constructions"}, "geometry": {"type": "Point", "coordinates": [-2.08817, 53.54886]}}, {"type": "Feature", "properties": {"t": "2412-Other sport and recreation constructions"}, "geometry": {"type": "Point", "coordinates": [-2.08789, 53.54886]}}, {"type": "Feature", "properties": {"t": "2412-Other sport and recreation constructions"}, "geometry": {"type": "Point", "coordinates": [-2.08761, 53.5489]}}, {"type": "Feature", "properties": {"t": "2412-Other sport and recreation constructions"}, "geometry": {"type": "Point", "coordinates": [-2.08711, 53.54891]}}, {"type": "Feature", "properties": {"t": "2412-Other sport and recreation constructions"}, "geometry": {"type": "Point", "coordinates": [-2.08719, 53.54892]}}, {"type": "Feature", "properties": {"t": "2412-Other sport and recreation constructions"}, "geometry": {"type": "Point", "coordinates": [-2.08785, 53.54892]}}, {"type": "Feature", "properties": {"t": "2412-Other sport and recreation constructions"}, "geometry": {"type": "Point", "coordinates": [-2.08812, 53.54892]}}, {"type": "Feature", "properties": {"t": "2412-Other sport and recreation constructions"}, "geometry": {"type": "Point", "coordinates": [-2.0873, 53.54895]}}, {"type": "Feature", "properties": {"t": "2412-Other sport and recreation constructions"}, "geometry": {"type": "Point", "coordinates": [-2.0874, 53.54897]}}, {"type": "Feature", "properties": {"t": "2412-Other sport and recreation constructions"}, "geometry": {"type": "Point", "coordinates": [-2.08782, 53.54898]}}, {"type": "Feature", "properties": {"t": "2412-Other sport and recreation constructions"}, "geometry": {"type": "Point", "coordinates": [-2.08808, 53.54898]}}, {"type": "Feature", "properties": {"t": "2412-Other sport and recreation constructions"}, "geometry": {"type": "Point", "coordinates": [-2.08749, 53.549]}}, {"type": "Feature", "properties": {"t": "2412-Other sport and recreation constructions"}, "geometry": {"type": "Point", "coordinates": [-2.08778, 53.54902]}}, {"type": "Feature", "properties": {"t": "2412-Other sport and recreation constructions"}, "geometry": {"type": "Point", "coordinates": [-2.08701, 53.54902]}}, {"type": "Feature", "properties": {"t": "2412-Other sport and recreation constructions"}, "geometry": {"type": "Point", "coordinates": [-2.08759, 53.54902]}}, {"type": "Feature", "properties": {"t": "2412-Other sport and recreation constructions"}, "geometry": {"type": "Point", "coordinates": [-2.08804, 53.54904]}}, {"type": "Feature", "properties": {"t": "2412-Other sport and recreation constructions"}, "geometry": {"type": "Point", "coordinates": [-2.08711, 53.54904]}}, {"type": "Feature", "properties": {"t": "2412-Other sport and recreation constructions"}, "geometry": {"type": "Point", "coordinates": [-2.08771, 53.54905]}}, {"type": "Feature", "properties": {"t": "2412-Other sport and recreation constructions"}, "geometry": {"type": "Point", "coordinates": [-2.08721, 53.54907]}}, {"type": "Feature", "properties": {"t": "2412-Other sport and recreation constructions"}, "geometry": {"type": "Point", "coordinates": [-2.08731, 53.54909]}}, {"type": "Feature", "properties": {"t": "2412-Other sport and recreation constructions"}, "geometry": {"type": "Point", "coordinates": [-2.088, 53.5491]}}, {"type": "Feature", "properties": {"t": "2412-Other sport and recreation constructions"}, "geometry": {"type": "Point", "coordinates": [-2.08741, 53.54912]}}, {"type": "Feature", "properties": {"t": "2412-Other sport and recreation constructions"}, "geometry": {"type": "Point", "coordinates": [-2.08651, 53.54912]}}, {"type": "Feature", "properties": {"t": "2412-Other sport and recreation constructions"}, "geometry": {"type": "Point", "coordinates": [-2.08669, 53.54912]}}, {"type": "Feature", "properties": {"t": "2412-Other sport and recreation constructions"}, "geometry": {"type": "Point", "coordinates": [-2.08679, 53.54915]}}, {"type": "Feature", "properties": {"t": "2412-Other sport and recreation constructions"}, "geometry": {"type": "Point", "coordinates": [-2.08689, 53.54917]}}, {"type": "Feature", "properties": {"t": "2412-Other sport and recreation constructions"}, "geometry": {"type": "Point", "coordinates": [-2.08699, 53.5492]}}, {"type": "Feature", "properties": {"t": "2412-Other sport and recreation constructions"}, "geometry": {"type": "Point", "coordinates": [-2.08651, 53.54921]}}, {"type": "Feature", "properties": {"t": "2412-Other sport and recreation constructions"}, "geometry": {"type": "Point", "coordinates": [-2.08709, 53.54922]}}, {"type": "Feature", "properties": {"t": "2412-Other sport and recreation constructions"}, "geometry": {"type": "Point", "coordinates": [-2.08662, 53.54923]}}, {"type": "Feature", "properties": {"t": "2412-Other sport and recreation constructions"}, "geometry": {"type": "Point", "coordinates": [-2.08719, 53.54924]}}, {"type": "Feature", "properties": {"t": "2412-Other sport and recreation constructions"}, "geometry": {"type": "Point", "coordinates": [-2.08672, 53.54926]}}, {"type": "Feature", "properties": {"t": "2412-Other sport and recreation constructions"}, "geometry": {"type": "Point", "coordinates": [-2.08729, 53.54927]}}, {"type": "Feature", "properties": {"t": "2412-Other sport and recreation constructions"}, "geometry": {"type": "Point", "coordinates": [-2.08645, 53.54927]}}, {"type": "Feature", "properties": {"t": "2412-Other sport and recreation constructions"}, "geometry": {"type": "Point", "coordinates": [-2.08736, 53.54928]}}, {"type": "Feature", "properties": {"t": "2412-Other sport and recreation constructions"}, "geometry": {"type": "Point", "coordinates": [-2.08682, 53.54928]}}, {"type": "Feature", "properties": {"t": "2412-Other sport and recreation constructions"}, "geometry": {"type": "Point", "coordinates": [-2.08655, 53.5493]}}, {"type": "Feature", "properties": {"t": "2412-Other sport and recreation constructions"}, "geometry": {"type": "Point", "coordinates": [-2.08691, 53.54931]}}, {"type": "Feature", "properties": {"t": "2412-Other sport and recreation constructions"}, "geometry": {"type": "Point", "coordinates": [-2.08663, 53.54933]}}, {"type": "Feature", "properties": {"t": "2412-Other sport and recreation constructions"}, "geometry": {"type": "Point", "coordinates": [-2.08632, 53.54933]}}, {"type": "Feature", "properties": {"t": "2412-Other sport and recreation constructions"}, "geometry": {"type": "Point", "coordinates": [-2.08701, 53.54934]}}, {"type": "Feature", "properties": {"t": "2412-Other sport and recreation constructions"}, "geometry": {"type": "Point", "coordinates": [-2.08673, 53.54935]}}, {"type": "Feature", "properties": {"t": "2412-Other sport and recreation constructions"}, "geometry": {"type": "Point", "coordinates": [-2.0871, 53.54936]}}, {"type": "Feature", "properties": {"t": "2412-Other sport and recreation constructions"}, "geometry": {"type": "Point", "coordinates": [-2.0872, 53.5494]}}, {"type": "Feature", "properties": {"t": "2412-Other sport and recreation constructions"}, "geometry": {"type": "Point", "coordinates": [-2.08646, 53.54941]}}, {"type": "Feature", "properties": {"t": "2412-Other sport and recreation constructions"}, "geometry": {"type": "Point", "coordinates": [-2.08683, 53.54939]}}, {"type": "Feature", "properties": {"t": "2412-Other sport and recreation constructions"}, "geometry": {"type": "Point", "coordinates": [-2.08655, 53.54943]}}, {"type": "Feature", "properties": {"t": "2412-Other sport and recreation constructions"}, "geometry": {"type": "Point", "coordinates": [-2.08729, 53.54943]}}, {"type": "Feature", "properties": {"t": "2412-Other sport and recreation constructions"}, "geometry": {"type": "Point", "coordinates": [-2.08746, 53.54944]}}, {"type": "Feature", "properties": {"t": "2412-Other sport and recreation constructions"}, "geometry": {"type": "Point", "coordinates": [-2.08665, 53.54946]}}, {"type": "Feature", "properties": {"t": "2412-Other sport and recreation constructions"}, "geometry": {"type": "Point", "coordinates": [-2.08675, 53.54949]}}, {"type": "Feature", "properties": {"t": "2412-Other sport and recreation constructions"}, "geometry": {"type": "Point", "coordinates": [-2.08744, 53.5495]}}, {"type": "Feature", "properties": {"t": "2412-Other sport and recreation constructions"}, "geometry": {"type": "Point", "coordinates": [-2.08822, 53.54954]}}, {"type": "Feature", "properties": {"t": "2412-Other sport and recreation constructions"}, "geometry": {"type": "Point", "coordinates": [-2.08764, 53.54954]}}, {"type": "Feature", "properties": {"t": "2412-Other sport and recreation constructions"}, "geometry": {"type": "Point", "coordinates": [-2.08841, 53.54955]}}, {"type": "Feature", "properties": {"t": "2412-Other sport and recreation constructions"}, "geometry": {"type": "Point", "coordinates": [-1.99795, 53.54695]}}, {"type": "Feature", "properties": {"t": "2412-Other sport and recreation constructions"}, "geometry": {"type": "Point", "coordinates": [-2.00045, 53.54701]}}, {"type": "Feature", "properties": {"t": "2411-Sports grounds"}, "geometry": {"type": "Point", "coordinates": [-1.78251, 53.54701]}}, {"type": "Feature", "properties": {"t": "2412-Other sport and recreation constructions"}, "geometry": {"type": "Point", "coordinates": [-2.00106, 53.54706]}}, {"type": "Feature", "properties": {"t": "2412-Other sport and recreation constructions"}, "geometry": {"type": "Point", "coordinates": [-1.99938, 53.54709]}}, {"type": "Feature", "properties": {"t": "2412-Other sport and recreation constructions"}, "geometry": {"type": "Point", "coordinates": [-1.99895, 53.54714]}}, {"type": "Feature", "properties": {"t": "2412-Other sport and recreation constructions"}, "geometry": {"type": "Point", "coordinates": [-1.99966, 53.54724]}}, {"type": "Feature", "properties": {"t": "2412-Other sport and recreation constructions"}, "geometry": {"type": "Point", "coordinates": [-1.99845, 53.5473]}}, {"type": "Feature", "properties": {"t": "2412-Other sport and recreation constructions"}, "geometry": {"type": "Point", "coordinates": [-1.99883, 53.54733]}}, {"type": "Feature", "properties": {"t": "2412-Other sport and recreation constructions"}, "geometry": {"type": "Point", "coordinates": [-2.00061, 53.5473]}}, {"type": "Feature", "properties": {"t": "2412-Other sport and recreation constructions"}, "geometry": {"type": "Point", "coordinates": [-2.00029, 53.54733]}}, {"type": "Feature", "properties": {"t": "2412-Other sport and recreation constructions"}, "geometry": {"type": "Point", "coordinates": [-1.99952, 53.5474]}}, {"type": "Feature", "properties": {"t": "2412-Other sport and recreation constructions"}, "geometry": {"type": "Point", "coordinates": [-2.00267, 53.54745]}}, {"type": "Feature", "properties": {"t": "2152-Dams"}, "geometry": {"type": "Point", "coordinates": [-1.82958, 53.54745]}}, {"type": "Feature", "properties": {"t": "2412-Other sport and recreation constructions"}, "geometry": {"type": "Point", "coordinates": [-1.9991, 53.54752]}}, {"type": "Feature", "properties": {"t": "2412-Other sport and recreation constructions"}, "geometry": {"type": "Point", "coordinates": [-1.99781, 53.54759]}}, {"type": "Feature", "properties": {"t": "2412-Other sport and recreation constructions"}, "geometry": {"type": "Point", "coordinates": [-2.00133, 53.54764]}}, {"type": "Feature", "properties": {"t": "2152-Dams"}, "geometry": {"type": "Point", "coordinates": [-1.78991, 53.5477]}}, {"type": "Feature", "properties": {"t": "2412-Other sport and recreation constructions"}, "geometry": {"type": "Point", "coordinates": [-2.00292, 53.54774]}}, {"type": "Feature", "properties": {"t": "2412-Other sport and recreation constructions"}, "geometry": {"type": "Point", "coordinates": [-1.9991, 53.54773]}}, {"type": "Feature", "properties": {"t": "2412-Other sport and recreation constructions"}, "geometry": {"type": "Point", "coordinates": [-2.04311, 53.54801]}}, {"type": "Feature", "properties": {"t": "2412-Other sport and recreation constructions"}, "geometry": {"type": "Point", "coordinates": [-2.04244, 53.54802]}}, {"type": "Feature", "properties": {"t": "2412-Other sport and recreation constructions"}, "geometry": {"type": "Point", "coordinates": [-2.05251, 53.54806]}}, {"type": "Feature", "properties": {"t": "2412-Other sport and recreation constructions"}, "geometry": {"type": "Point", "coordinates": [-2.04288, 53.54813]}}, {"type": "Feature", "properties": {"t": "2412-Other sport and recreation constructions"}, "geometry": {"type": "Point", "coordinates": [-2.04272, 53.5482]}}, {"type": "Feature", "properties": {"t": "2412-Other sport and recreation constructions"}, "geometry": {"type": "Point", "coordinates": [-2.04313, 53.5482]}}, {"type": "Feature", "properties": {"t": "2412-Other sport and recreation constructions"}, "geometry": {"type": "Point", "coordinates": [-2.04243, 53.54822]}}, {"type": "Feature", "properties": {"t": "2412-Other sport and recreation constructions"}, "geometry": {"type": "Point", "coordinates": [-2.04332, 53.54821]}}, {"type": "Feature", "properties": {"t": "2412-Other sport and recreation constructions"}, "geometry": {"type": "Point", "coordinates": [-2.04294, 53.54825]}}, {"type": "Feature", "properties": {"t": "2412-Other sport and recreation constructions"}, "geometry": {"type": "Point", "coordinates": [-2.0525, 53.54823]}}, {"type": "Feature", "properties": {"t": "2412-Other sport and recreation constructions"}, "geometry": {"type": "Point", "coordinates": [-2.00252, 53.54789]}}, {"type": "Feature", "properties": {"t": "2412-Other sport and recreation constructions"}, "geometry": {"type": "Point", "coordinates": [-2.00527, 53.54811]}}, {"type": "Feature", "properties": {"t": "2152-Dams"}, "geometry": {"type": "Point", "coordinates": [-1.77179, 53.54838]}}, {"type": "Feature", "properties": {"t": "2412-Other sport and recreation constructions"}, "geometry": {"type": "Point", "coordinates": [-2.00671, 53.54846]}}, {"type": "Feature", "properties": {"t": "2411-Sports grounds"}, "geometry": {"type": "Point", "coordinates": [-1.99662, 53.54835]}}, {"type": "Feature", "properties": {"t": "2412-Other sport and recreation constructions"}, "geometry": {"type": "Point", "coordinates": [-2.00424, 53.5485]}}, {"type": "Feature", "properties": {"t": "2412-Other sport and recreation constructions"}, "geometry": {"type": "Point", "coordinates": [-1.99588, 53.54861]}}, {"type": "Feature", "properties": {"t": "2412-Other sport and recreation constructions"}, "geometry": {"type": "Point", "coordinates": [-1.9952, 53.54857]}}, {"type": "Feature", "properties": {"t": "2412-Other sport and recreation constructions"}, "geometry": {"type": "Point", "coordinates": [-2.00297, 53.54866]}}, {"type": "Feature", "properties": {"t": "2412-Other sport and recreation constructions"}, "geometry": {"type": "Point", "coordinates": [-2.00296, 53.54878]}}, {"type": "Feature", "properties": {"t": "2412-Other sport and recreation constructions"}, "geometry": {"type": "Point", "coordinates": [-2.0435, 53.54826]}}, {"type": "Feature", "properties": {"t": "2412-Other sport and recreation constructions"}, "geometry": {"type": "Point", "coordinates": [-2.04311, 53.5483]}}, {"type": "Feature", "properties": {"t": "2412-Other sport and recreation constructions"}, "geometry": {"type": "Point", "coordinates": [-2.04331, 53.54835]}}, {"type": "Feature", "properties": {"t": "2412-Other sport and recreation constructions"}, "geometry": {"type": "Point", "coordinates": [-2.04305, 53.54837]}}, {"type": "Feature", "properties": {"t": "2412-Other sport and recreation constructions"}, "geometry": {"type": "Point", "coordinates": [-2.04277, 53.54838]}}, {"type": "Feature", "properties": {"t": "2412-Other sport and recreation constructions"}, "geometry": {"type": "Point", "coordinates": [-2.05346, 53.54839]}}, {"type": "Feature", "properties": {"t": "2412-Other sport and recreation constructions"}, "geometry": {"type": "Point", "coordinates": [-2.06078, 53.54865]}}, {"type": "Feature", "properties": {"t": "2412-Other sport and recreation constructions"}, "geometry": {"type": "Point", "coordinates": [-2.04576, 53.549]}}, {"type": "Feature", "properties": {"t": "2412-Other sport and recreation constructions"}, "geometry": {"type": "Point", "coordinates": [-2.04583, 53.5491]}}, {"type": "Feature", "properties": {"t": "2412-Other sport and recreation constructions"}, "geometry": {"type": "Point", "coordinates": [-2.04596, 53.54922]}}, {"type": "Feature", "properties": {"t": "2412-Other sport and recreation constructions"}, "geometry": {"type": "Point", "coordinates": [-2.04557, 53.54926]}}, {"type": "Feature", "properties": {"t": "2412-Other sport and recreation constructions"}, "geometry": {"type": "Point", "coordinates": [-2.04219, 53.5494]}}, {"type": "Feature", "properties": {"t": "2412-Other sport and recreation constructions"}, "geometry": {"type": "Point", "coordinates": [-2.04198, 53.54941]}}, {"type": "Feature", "properties": {"t": "2412-Other sport and recreation constructions"}, "geometry": {"type": "Point", "coordinates": [-2.04185, 53.54944]}}, {"type": "Feature", "properties": {"t": "2412-Other sport and recreation constructions"}, "geometry": {"type": "Point", "coordinates": [-2.0422, 53.54944]}}, {"type": "Feature", "properties": {"t": "2412-Other sport and recreation constructions"}, "geometry": {"type": "Point", "coordinates": [-2.04201, 53.54947]}}, {"type": "Feature", "properties": {"t": "2412-Other sport and recreation constructions"}, "geometry": {"type": "Point", "coordinates": [-2.04178, 53.54947]}}, {"type": "Feature", "properties": {"t": "2412-Other sport and recreation constructions"}, "geometry": {"type": "Point", "coordinates": [-2.04222, 53.54949]}}, {"type": "Feature", "properties": {"t": "2412-Other sport and recreation constructions"}, "geometry": {"type": "Point", "coordinates": [-2.04172, 53.54949]}}, {"type": "Feature", "properties": {"t": "2412-Other sport and recreation constructions"}, "geometry": {"type": "Point", "coordinates": [-2.04204, 53.54951]}}, {"type": "Feature", "properties": {"t": "2412-Other sport and recreation constructions"}, "geometry": {"type": "Point", "coordinates": [-2.00298, 53.54885]}}, {"type": "Feature", "properties": {"t": "2412-Other sport and recreation constructions"}, "geometry": {"type": "Point", "coordinates": [-2.00024, 53.54892]}}, {"type": "Feature", "properties": {"t": "2412-Other sport and recreation constructions"}, "geometry": {"type": "Point", "coordinates": [-2.00298, 53.54892]}}, {"type": "Feature", "properties": {"t": "2412-Other sport and recreation constructions"}, "geometry": {"type": "Point", "coordinates": [-1.99782, 53.54971]}}, {"type": "Feature", "properties": {"t": "2412-Other sport and recreation constructions"}, "geometry": {"type": "Point", "coordinates": [-1.99933, 53.55027]}}, {"type": "Feature", "properties": {"t": "2412-Other sport and recreation constructions"}, "geometry": {"type": "Point", "coordinates": [-1.99968, 53.55032]}}, {"type": "Feature", "properties": {"t": "2412-Other sport and recreation constructions"}, "geometry": {"type": "Point", "coordinates": [-1.99901, 53.55033]}}, {"type": "Feature", "properties": {"t": "2412-Other sport and recreation constructions"}, "geometry": {"type": "Point", "coordinates": [-1.99893, 53.55034]}}, {"type": "Feature", "properties": {"t": "2412-Other sport and recreation constructions"}, "geometry": {"type": "Point", "coordinates": [-1.99875, 53.55038]}}, {"type": "Feature", "properties": {"t": "2412-Other sport and recreation constructions"}, "geometry": {"type": "Point", "coordinates": [-1.99867, 53.55039]}}, {"type": "Feature", "properties": {"t": "2412-Other sport and recreation constructions"}, "geometry": {"type": "Point", "coordinates": [-2.04166, 53.54952]}}, {"type": "Feature", "properties": {"t": "2412-Other sport and recreation constructions"}, "geometry": {"type": "Point", "coordinates": [-2.04199, 53.54955]}}, {"type": "Feature", "properties": {"t": "2412-Other sport and recreation constructions"}, "geometry": {"type": "Point", "coordinates": [-2.04223, 53.54954]}}, {"type": "Feature", "properties": {"t": "2412-Other sport and recreation constructions"}, "geometry": {"type": "Point", "coordinates": [-2.04206, 53.54955]}}, {"type": "Feature", "properties": {"t": "2412-Other sport and recreation constructions"}, "geometry": {"type": "Point", "coordinates": [-2.04156, 53.54956]}}, {"type": "Feature", "properties": {"t": "2412-Other sport and recreation constructions"}, "geometry": {"type": "Point", "coordinates": [-2.04193, 53.5496]}}, {"type": "Feature", "properties": {"t": "2412-Other sport and recreation constructions"}, "geometry": {"type": "Point", "coordinates": [-2.04186, 53.54962]}}, {"type": "Feature", "properties": {"t": "2412-Other sport and recreation constructions"}, "geometry": {"type": "Point", "coordinates": [-2.04217, 53.54962]}}, {"type": "Feature", "properties": {"t": "2412-Other sport and recreation constructions"}, "geometry": {"type": "Point", "coordinates": [-2.0418, 53.54963]}}, {"type": "Feature", "properties": {"t": "2412-Other sport and recreation constructions"}, "geometry": {"type": "Point", "coordinates": [-2.04222, 53.54967]}}, {"type": "Feature", "properties": {"t": "2412-Other sport and recreation constructions"}, "geometry": {"type": "Point", "coordinates": [-2.04312, 53.54968]}}, {"type": "Feature", "properties": {"t": "2412-Other sport and recreation constructions"}, "geometry": {"type": "Point", "coordinates": [-2.04194, 53.54971]}}, {"type": "Feature", "properties": {"t": "2412-Other sport and recreation constructions"}, "geometry": {"type": "Point", "coordinates": [-2.04225, 53.54972]}}, {"type": "Feature", "properties": {"t": "2412-Other sport and recreation constructions"}, "geometry": {"type": "Point", "coordinates": [-2.0427, 53.54973]}}, {"type": "Feature", "properties": {"t": "2412-Other sport and recreation constructions"}, "geometry": {"type": "Point", "coordinates": [-2.04261, 53.54974]}}, {"type": "Feature", "properties": {"t": "2412-Other sport and recreation constructions"}, "geometry": {"type": "Point", "coordinates": [-2.04355, 53.54975]}}, {"type": "Feature", "properties": {"t": "2412-Other sport and recreation constructions"}, "geometry": {"type": "Point", "coordinates": [-2.04197, 53.54976]}}, {"type": "Feature", "properties": {"t": "2412-Other sport and recreation constructions"}, "geometry": {"type": "Point", "coordinates": [-2.04226, 53.54976]}}, {"type": "Feature", "properties": {"t": "2412-Other sport and recreation constructions"}, "geometry": {"type": "Point", "coordinates": [-2.04196, 53.5498]}}, {"type": "Feature", "properties": {"t": "2412-Other sport and recreation constructions"}, "geometry": {"type": "Point", "coordinates": [-2.0418, 53.54983]}}, {"type": "Feature", "properties": {"t": "2412-Other sport and recreation constructions"}, "geometry": {"type": "Point", "coordinates": [-2.04197, 53.54984]}}, {"type": "Feature", "properties": {"t": "2412-Other sport and recreation constructions"}, "geometry": {"type": "Point", "coordinates": [-2.04199, 53.54988]}}, {"type": "Feature", "properties": {"t": "2412-Other sport and recreation constructions"}, "geometry": {"type": "Point", "coordinates": [-2.0431, 53.54991]}}, {"type": "Feature", "properties": {"t": "2412-Other sport and recreation constructions"}, "geometry": {"type": "Point", "coordinates": [-2.04204, 53.54993]}}, {"type": "Feature", "properties": {"t": "2412-Other sport and recreation constructions"}, "geometry": {"type": "Point", "coordinates": [-2.03609, 53.5506]}}, {"type": "Feature", "properties": {"t": "23011-Water Well"}, "geometry": {"type": "Point", "coordinates": [-2.04761, 53.55119]}}, {"type": "Feature", "properties": {"t": "2412-Other sport and recreation constructions"}, "geometry": {"type": "Point", "coordinates": [-2.06334, 53.5516]}}, {"type": "Feature", "properties": {"t": "2412-Other sport and recreation constructions"}, "geometry": {"type": "Point", "coordinates": [-2.05999, 53.55162]}}, {"type": "Feature", "properties": {"t": "2412-Other sport and recreation constructions"}, "geometry": {"type": "Point", "coordinates": [-2.0635, 53.5517]}}, {"type": "Feature", "properties": {"t": "2412-Other sport and recreation constructions"}, "geometry": {"type": "Point", "coordinates": [-2.06158, 53.55184]}}, {"type": "Feature", "properties": {"t": "2412-Other sport and recreation constructions"}, "geometry": {"type": "Point", "coordinates": [-2.09846, 53.54875]}}, {"type": "Feature", "properties": {"t": "2412-Other sport and recreation constructions"}, "geometry": {"type": "Point", "coordinates": [-2.09774, 53.54875]}}, {"type": "Feature", "properties": {"t": "2412-Other sport and recreation constructions"}, "geometry": {"type": "Point", "coordinates": [-2.09848, 53.54878]}}, {"type": "Feature", "properties": {"t": "2412-Other sport and recreation constructions"}, "geometry": {"type": "Point", "coordinates": [-2.09778, 53.54882]}}, {"type": "Feature", "properties": {"t": "2412-Other sport and recreation constructions"}, "geometry": {"type": "Point", "coordinates": [-2.09783, 53.54888]}}, {"type": "Feature", "properties": {"t": "2412-Other sport and recreation constructions"}, "geometry": {"type": "Point", "coordinates": [-2.09802, 53.54892]}}, {"type": "Feature", "properties": {"t": "2412-Other sport and recreation constructions"}, "geometry": {"type": "Point", "coordinates": [-2.09791, 53.54892]}}, {"type": "Feature", "properties": {"t": "2412-Other sport and recreation constructions"}, "geometry": {"type": "Point", "coordinates": [-2.09816, 53.54902]}}, {"type": "Feature", "properties": {"t": "2412-Other sport and recreation constructions"}, "geometry": {"type": "Point", "coordinates": [-2.09828, 53.54909]}}, {"type": "Feature", "properties": {"t": "2412-Other sport and recreation constructions"}, "geometry": {"type": "Point", "coordinates": [-2.09808, 53.54908]}}, {"type": "Feature", "properties": {"t": "2412-Other sport and recreation constructions"}, "geometry": {"type": "Point", "coordinates": [-2.09862, 53.54897]}}, {"type": "Feature", "properties": {"t": "2412-Other sport and recreation constructions"}, "geometry": {"type": "Point", "coordinates": [-2.09864, 53.54901]}}, {"type": "Feature", "properties": {"t": "2412-Other sport and recreation constructions"}, "geometry": {"type": "Point", "coordinates": [-2.09867, 53.54904]}}, {"type": "Feature", "properties": {"t": "2412-Other sport and recreation constructions"}, "geometry": {"type": "Point", "coordinates": [-2.09871, 53.54908]}}, {"type": "Feature", "properties": {"t": "2412-Other sport and recreation constructions"}, "geometry": {"type": "Point", "coordinates": [-2.09874, 53.54912]}}, {"type": "Feature", "properties": {"t": "2412-Other sport and recreation constructions"}, "geometry": {"type": "Point", "coordinates": [-2.09876, 53.54915]}}, {"type": "Feature", "properties": {"t": "2412-Other sport and recreation constructions"}, "geometry": {"type": "Point", "coordinates": [-2.09882, 53.54919]}}, {"type": "Feature", "properties": {"t": "2412-Other sport and recreation constructions"}, "geometry": {"type": "Point", "coordinates": [-2.09863, 53.54924]}}, {"type": "Feature", "properties": {"t": "2412-Other sport and recreation constructions"}, "geometry": {"type": "Point", "coordinates": [-2.09892, 53.54924]}}, {"type": "Feature", "properties": {"t": "2412-Other sport and recreation constructions"}, "geometry": {"type": "Point", "coordinates": [-2.09869, 53.54931]}}, {"type": "Feature", "properties": {"t": "2412-Other sport and recreation constructions"}, "geometry": {"type": "Point", "coordinates": [-2.09831, 53.54913]}}, {"type": "Feature", "properties": {"t": "2412-Other sport and recreation constructions"}, "geometry": {"type": "Point", "coordinates": [-2.09811, 53.5492]}}, {"type": "Feature", "properties": {"t": "2412-Other sport and recreation constructions"}, "geometry": {"type": "Point", "coordinates": [-2.09837, 53.54922]}}, {"type": "Feature", "properties": {"t": "2412-Other sport and recreation constructions"}, "geometry": {"type": "Point", "coordinates": [-2.0984, 53.54926]}}, {"type": "Feature", "properties": {"t": "2412-Other sport and recreation constructions"}, "geometry": {"type": "Point", "coordinates": [-2.09813, 53.54927]}}, {"type": "Feature", "properties": {"t": "2412-Other sport and recreation constructions"}, "geometry": {"type": "Point", "coordinates": [-2.09846, 53.54933]}}, {"type": "Feature", "properties": {"t": "2412-Other sport and recreation constructions"}, "geometry": {"type": "Point", "coordinates": [-2.09817, 53.54933]}}, {"type": "Feature", "properties": {"t": "2412-Other sport and recreation constructions"}, "geometry": {"type": "Point", "coordinates": [-2.0985, 53.54938]}}, {"type": "Feature", "properties": {"t": "2412-Other sport and recreation constructions"}, "geometry": {"type": "Point", "coordinates": [-2.09821, 53.54938]}}, {"type": "Feature", "properties": {"t": "2412-Other sport and recreation constructions"}, "geometry": {"type": "Point", "coordinates": [-2.09825, 53.54943]}}, {"type": "Feature", "properties": {"t": "2412-Other sport and recreation constructions"}, "geometry": {"type": "Point", "coordinates": [-2.09876, 53.54934]}}, {"type": "Feature", "properties": {"t": "2412-Other sport and recreation constructions"}, "geometry": {"type": "Point", "coordinates": [-2.09851, 53.5494]}}, {"type": "Feature", "properties": {"t": "2412-Other sport and recreation constructions"}, "geometry": {"type": "Point", "coordinates": [-2.09876, 53.5494]}}, {"type": "Feature", "properties": {"t": "2412-Other sport and recreation constructions"}, "geometry": {"type": "Point", "coordinates": [-2.09879, 53.54945]}}, {"type": "Feature", "properties": {"t": "2412-Other sport and recreation constructions"}, "geometry": {"type": "Point", "coordinates": [-2.09857, 53.54947]}}, {"type": "Feature", "properties": {"t": "2412-Other sport and recreation constructions"}, "geometry": {"type": "Point", "coordinates": [-2.09888, 53.54949]}}, {"type": "Feature", "properties": {"t": "2412-Other sport and recreation constructions"}, "geometry": {"type": "Point", "coordinates": [-2.09909, 53.54949]}}, {"type": "Feature", "properties": {"t": "2412-Other sport and recreation constructions"}, "geometry": {"type": "Point", "coordinates": [-2.0986, 53.54952]}}, {"type": "Feature", "properties": {"t": "2412-Other sport and recreation constructions"}, "geometry": {"type": "Point", "coordinates": [-2.09889, 53.54954]}}, {"type": "Feature", "properties": {"t": "2412-Other sport and recreation constructions"}, "geometry": {"type": "Point", "coordinates": [-2.09862, 53.54954]}}, {"type": "Feature", "properties": {"t": "2412-Other sport and recreation constructions"}, "geometry": {"type": "Point", "coordinates": [-2.09912, 53.54955]}}, {"type": "Feature", "properties": {"t": "2412-Other sport and recreation constructions"}, "geometry": {"type": "Point", "coordinates": [-2.09892, 53.5496]}}, {"type": "Feature", "properties": {"t": "2412-Other sport and recreation constructions"}, "geometry": {"type": "Point", "coordinates": [-2.09868, 53.54962]}}, {"type": "Feature", "properties": {"t": "2412-Other sport and recreation constructions"}, "geometry": {"type": "Point", "coordinates": [-2.09869, 53.54964]}}, {"type": "Feature", "properties": {"t": "2412-Other sport and recreation constructions"}, "geometry": {"type": "Point", "coordinates": [-2.0993, 53.54969]}}, {"type": "Feature", "properties": {"t": "2412-Other sport and recreation constructions"}, "geometry": {"type": "Point", "coordinates": [-2.09911, 53.54969]}}, {"type": "Feature", "properties": {"t": "2412-Other sport and recreation constructions"}, "geometry": {"type": "Point", "coordinates": [-2.09849, 53.54972]}}, {"type": "Feature", "properties": {"t": "2412-Other sport and recreation constructions"}, "geometry": {"type": "Point", "coordinates": [-2.09867, 53.54974]}}, {"type": "Feature", "properties": {"t": "2412-Other sport and recreation constructions"}, "geometry": {"type": "Point", "coordinates": [-2.09881, 53.54976]}}, {"type": "Feature", "properties": {"t": "2412-Other sport and recreation constructions"}, "geometry": {"type": "Point", "coordinates": [-2.09935, 53.54978]}}, {"type": "Feature", "properties": {"t": "2412-Other sport and recreation constructions"}, "geometry": {"type": "Point", "coordinates": [-2.09863, 53.54978]}}, {"type": "Feature", "properties": {"t": "2412-Other sport and recreation constructions"}, "geometry": {"type": "Point", "coordinates": [-2.09939, 53.54983]}}, {"type": "Feature", "properties": {"t": "2412-Other sport and recreation constructions"}, "geometry": {"type": "Point", "coordinates": [-2.09877, 53.54983]}}, {"type": "Feature", "properties": {"t": "2412-Other sport and recreation constructions"}, "geometry": {"type": "Point", "coordinates": [-2.09943, 53.54989]}}, {"type": "Feature", "properties": {"t": "2412-Other sport and recreation constructions"}, "geometry": {"type": "Point", "coordinates": [-2.09949, 53.54996]}}, {"type": "Feature", "properties": {"t": "2412-Other sport and recreation constructions"}, "geometry": {"type": "Point", "coordinates": [-2.09954, 53.55003]}}, {"type": "Feature", "properties": {"t": "2412-Other sport and recreation constructions"}, "geometry": {"type": "Point", "coordinates": [-2.09901, 53.55006]}}, {"type": "Feature", "properties": {"t": "2412-Other sport and recreation constructions"}, "geometry": {"type": "Point", "coordinates": [-2.09957, 53.55008]}}, {"type": "Feature", "properties": {"t": "2412-Other sport and recreation constructions"}, "geometry": {"type": "Point", "coordinates": [-2.09962, 53.55014]}}, {"type": "Feature", "properties": {"t": "2412-Other sport and recreation constructions"}, "geometry": {"type": "Point", "coordinates": [-2.09878, 53.55015]}}, {"type": "Feature", "properties": {"t": "2412-Other sport and recreation constructions"}, "geometry": {"type": "Point", "coordinates": [-2.09969, 53.55022]}}, {"type": "Feature", "properties": {"t": "2412-Other sport and recreation constructions"}, "geometry": {"type": "Point", "coordinates": [-2.09918, 53.55027]}}, {"type": "Feature", "properties": {"t": "2412-Other sport and recreation constructions"}, "geometry": {"type": "Point", "coordinates": [-2.09973, 53.55029]}}, {"type": "Feature", "properties": {"t": "2412-Other sport and recreation constructions"}, "geometry": {"type": "Point", "coordinates": [-2.09977, 53.55034]}}, {"type": "Feature", "properties": {"t": "2412-Other sport and recreation constructions"}, "geometry": {"type": "Point", "coordinates": [-2.10133, 53.55041]}}, {"type": "Feature", "properties": {"t": "2412-Other sport and recreation constructions"}, "geometry": {"type": "Point", "coordinates": [-2.09984, 53.55042]}}, {"type": "Feature", "properties": {"t": "2412-Other sport and recreation constructions"}, "geometry": {"type": "Point", "coordinates": [-2.10104, 53.55046]}}, {"type": "Feature", "properties": {"t": "2412-Other sport and recreation constructions"}, "geometry": {"type": "Point", "coordinates": [-2.10089, 53.55048]}}, {"type": "Feature", "properties": {"t": "2412-Other sport and recreation constructions"}, "geometry": {"type": "Point", "coordinates": [-2.10068, 53.55048]}}, {"type": "Feature", "properties": {"t": "2412-Other sport and recreation constructions"}, "geometry": {"type": "Point", "coordinates": [-2.10137, 53.55049]}}, {"type": "Feature", "properties": {"t": "2412-Other sport and recreation constructions"}, "geometry": {"type": "Point", "coordinates": [-2.09971, 53.5505]}}, {"type": "Feature", "properties": {"t": "2412-Other sport and recreation constructions"}, "geometry": {"type": "Point", "coordinates": [-2.10032, 53.55051]}}, {"type": "Feature", "properties": {"t": "2412-Other sport and recreation constructions"}, "geometry": {"type": "Point", "coordinates": [-2.10292, 53.55053]}}, {"type": "Feature", "properties": {"t": "2412-Other sport and recreation constructions"}, "geometry": {"type": "Point", "coordinates": [-2.10044, 53.55054]}}, {"type": "Feature", "properties": {"t": "2412-Other sport and recreation constructions"}, "geometry": {"type": "Point", "coordinates": [-2.10069, 53.55055]}}, {"type": "Feature", "properties": {"t": "2412-Other sport and recreation constructions"}, "geometry": {"type": "Point", "coordinates": [-2.10139, 53.55055]}}, {"type": "Feature", "properties": {"t": "2412-Other sport and recreation constructions"}, "geometry": {"type": "Point", "coordinates": [-2.10092, 53.55056]}}, {"type": "Feature", "properties": {"t": "2412-Other sport and recreation constructions"}, "geometry": {"type": "Point", "coordinates": [-2.10046, 53.55058]}}, {"type": "Feature", "properties": {"t": "2412-Other sport and recreation constructions"}, "geometry": {"type": "Point", "coordinates": [-2.10071, 53.55059]}}, {"type": "Feature", "properties": {"t": "2412-Other sport and recreation constructions"}, "geometry": {"type": "Point", "coordinates": [-2.10013, 53.55059]}}, {"type": "Feature", "properties": {"t": "2412-Other sport and recreation constructions"}, "geometry": {"type": "Point", "coordinates": [-2.1008, 53.55063]}}, {"type": "Feature", "properties": {"t": "2412-Other sport and recreation constructions"}, "geometry": {"type": "Point", "coordinates": [-2.09993, 53.55065]}}, {"type": "Feature", "properties": {"t": "2412-Other sport and recreation constructions"}, "geometry": {"type": "Point", "coordinates": [-2.10052, 53.55065]}}, {"type": "Feature", "properties": {"t": "2412-Other sport and recreation constructions"}, "geometry": {"type": "Point", "coordinates": [-2.1002, 53.55066]}}, {"type": "Feature", "properties": {"t": "2412-Other sport and recreation constructions"}, "geometry": {"type": "Point", "coordinates": [-2.10054, 53.55069]}}, {"type": "Feature", "properties": {"t": "2412-Other sport and recreation constructions"}, "geometry": {"type": "Point", "coordinates": [-2.10144, 53.55068]}}, {"type": "Feature", "properties": {"t": "2412-Other sport and recreation constructions"}, "geometry": {"type": "Point", "coordinates": [-2.10095, 53.5507]}}, {"type": "Feature", "properties": {"t": "2412-Other sport and recreation constructions"}, "geometry": {"type": "Point", "coordinates": [-2.1012, 53.55071]}}, {"type": "Feature", "properties": {"t": "2412-Other sport and recreation constructions"}, "geometry": {"type": "Point", "coordinates": [-2.10113, 53.55071]}}, {"type": "Feature", "properties": {"t": "2412-Other sport and recreation constructions"}, "geometry": {"type": "Point", "coordinates": [-2.10024, 53.55071]}}, {"type": "Feature", "properties": {"t": "2412-Other sport and recreation constructions"}, "geometry": {"type": "Point", "coordinates": [-2.09999, 53.55072]}}, {"type": "Feature", "properties": {"t": "2412-Other sport and recreation constructions"}, "geometry": {"type": "Point", "coordinates": [-2.10086, 53.55073]}}, {"type": "Feature", "properties": {"t": "2412-Other sport and recreation constructions"}, "geometry": {"type": "Point", "coordinates": [-2.10062, 53.55075]}}, {"type": "Feature", "properties": {"t": "2412-Other sport and recreation constructions"}, "geometry": {"type": "Point", "coordinates": [-2.10028, 53.55077]}}, {"type": "Feature", "properties": {"t": "2412-Other sport and recreation constructions"}, "geometry": {"type": "Point", "coordinates": [-2.10003, 53.55078]}}, {"type": "Feature", "properties": {"t": "2412-Other sport and recreation constructions"}, "geometry": {"type": "Point", "coordinates": [-2.10136, 53.55079]}}, {"type": "Feature", "properties": {"t": "2412-Other sport and recreation constructions"}, "geometry": {"type": "Point", "coordinates": [-2.10064, 53.55079]}}, {"type": "Feature", "properties": {"t": "2412-Other sport and recreation constructions"}, "geometry": {"type": "Point", "coordinates": [-2.10033, 53.55082]}}, {"type": "Feature", "properties": {"t": "2412-Other sport and recreation constructions"}, "geometry": {"type": "Point", "coordinates": [-2.10119, 53.55083]}}, {"type": "Feature", "properties": {"t": "2412-Other sport and recreation constructions"}, "geometry": {"type": "Point", "coordinates": [-2.09949, 53.55083]}}, {"type": "Feature", "properties": {"t": "2412-Other sport and recreation constructions"}, "geometry": {"type": "Point", "coordinates": [-2.10966, 53.5445]}}, {"type": "Feature", "properties": {"t": "2412-Other sport and recreation constructions"}, "geometry": {"type": "Point", "coordinates": [-2.10907, 53.54451]}}, {"type": "Feature", "properties": {"t": "2412-Other sport and recreation constructions"}, "geometry": {"type": "Point", "coordinates": [-2.10966, 53.54454]}}, {"type": "Feature", "properties": {"t": "2412-Other sport and recreation constructions"}, "geometry": {"type": "Point", "coordinates": [-2.10898, 53.54457]}}, {"type": "Feature", "properties": {"t": "2412-Other sport and recreation constructions"}, "geometry": {"type": "Point", "coordinates": [-2.10966, 53.54459]}}, {"type": "Feature", "properties": {"t": "2412-Other sport and recreation constructions"}, "geometry": {"type": "Point", "coordinates": [-2.10898, 53.54461]}}, {"type": "Feature", "properties": {"t": "2412-Other sport and recreation constructions"}, "geometry": {"type": "Point", "coordinates": [-2.10961, 53.54466]}}, {"type": "Feature", "properties": {"t": "2412-Other sport and recreation constructions"}, "geometry": {"type": "Point", "coordinates": [-2.10902, 53.54467]}}, {"type": "Feature", "properties": {"t": "2412-Other sport and recreation constructions"}, "geometry": {"type": "Point", "coordinates": [-2.10892, 53.54467]}}, {"type": "Feature", "properties": {"t": "2412-Other sport and recreation constructions"}, "geometry": {"type": "Point", "coordinates": [-2.10955, 53.54469]}}, {"type": "Feature", "properties": {"t": "2412-Other sport and recreation constructions"}, "geometry": {"type": "Point", "coordinates": [-2.10971, 53.54463]}}, {"type": "Feature", "properties": {"t": "2412-Other sport and recreation constructions"}, "geometry": {"type": "Point", "coordinates": [-2.11172, 53.54469]}}, {"type": "Feature", "properties": {"t": "2412-Other sport and recreation constructions"}, "geometry": {"type": "Point", "coordinates": [-2.11139, 53.54469]}}, {"type": "Feature", "properties": {"t": "2412-Other sport and recreation constructions"}, "geometry": {"type": "Point", "coordinates": [-2.11219, 53.54472]}}, {"type": "Feature", "properties": {"t": "2412-Other sport and recreation constructions"}, "geometry": {"type": "Point", "coordinates": [-2.11199, 53.54472]}}, {"type": "Feature", "properties": {"t": "2412-Other sport and recreation constructions"}, "geometry": {"type": "Point", "coordinates": [-2.11172, 53.54473]}}, {"type": "Feature", "properties": {"t": "2412-Other sport and recreation constructions"}, "geometry": {"type": "Point", "coordinates": [-2.10986, 53.54473]}}, {"type": "Feature", "properties": {"t": "2412-Other sport and recreation constructions"}, "geometry": {"type": "Point", "coordinates": [-2.1114, 53.54474]}}, {"type": "Feature", "properties": {"t": "2412-Other sport and recreation constructions"}, "geometry": {"type": "Point", "coordinates": [-2.11173, 53.54477]}}, {"type": "Feature", "properties": {"t": "2412-Other sport and recreation constructions"}, "geometry": {"type": "Point", "coordinates": [-2.10974, 53.54478]}}, {"type": "Feature", "properties": {"t": "2412-Other sport and recreation constructions"}, "geometry": {"type": "Point", "coordinates": [-2.11647, 53.54455]}}, {"type": "Feature", "properties": {"t": "2412-Other sport and recreation constructions"}, "geometry": {"type": "Point", "coordinates": [-2.1168, 53.54467]}}, {"type": "Feature", "properties": {"t": "2412-Other sport and recreation constructions"}, "geometry": {"type": "Point", "coordinates": [-2.11685, 53.54467]}}, {"type": "Feature", "properties": {"t": "2412-Other sport and recreation constructions"}, "geometry": {"type": "Point", "coordinates": [-2.11694, 53.54468]}}, {"type": "Feature", "properties": {"t": "2412-Other sport and recreation constructions"}, "geometry": {"type": "Point", "coordinates": [-2.11584, 53.54476]}}, {"type": "Feature", "properties": {"t": "2412-Other sport and recreation constructions"}, "geometry": {"type": "Point", "coordinates": [-2.11594, 53.54476]}}, {"type": "Feature", "properties": {"t": "2412-Other sport and recreation constructions"}, "geometry": {"type": "Point", "coordinates": [-2.11604, 53.54476]}}, {"type": "Feature", "properties": {"t": "2412-Other sport and recreation constructions"}, "geometry": {"type": "Point", "coordinates": [-2.11613, 53.54476]}}, {"type": "Feature", "properties": {"t": "2412-Other sport and recreation constructions"}, "geometry": {"type": "Point", "coordinates": [-2.11618, 53.54477]}}, {"type": "Feature", "properties": {"t": "2412-Other sport and recreation constructions"}, "geometry": {"type": "Point", "coordinates": [-2.11325, 53.54487]}}, {"type": "Feature", "properties": {"t": "2412-Other sport and recreation constructions"}, "geometry": {"type": "Point", "coordinates": [-2.1122, 53.54478]}}, {"type": "Feature", "properties": {"t": "2412-Other sport and recreation constructions"}, "geometry": {"type": "Point", "coordinates": [-2.1114, 53.54478]}}, {"type": "Feature", "properties": {"t": "2412-Other sport and recreation constructions"}, "geometry": {"type": "Point", "coordinates": [-2.11197, 53.54478]}}, {"type": "Feature", "properties": {"t": "2412-Other sport and recreation constructions"}, "geometry": {"type": "Point", "coordinates": [-2.10968, 53.5448]}}, {"type": "Feature", "properties": {"t": "2412-Other sport and recreation constructions"}, "geometry": {"type": "Point", "coordinates": [-2.1114, 53.54482]}}, {"type": "Feature", "properties": {"t": "2412-Other sport and recreation constructions"}, "geometry": {"type": "Point", "coordinates": [-2.11221, 53.54484]}}, {"type": "Feature", "properties": {"t": "2412-Other sport and recreation constructions"}, "geometry": {"type": "Point", "coordinates": [-2.11198, 53.54484]}}, {"type": "Feature", "properties": {"t": "2412-Other sport and recreation constructions"}, "geometry": {"type": "Point", "coordinates": [-2.11183, 53.54486]}}, {"type": "Feature", "properties": {"t": "2412-Other sport and recreation constructions"}, "geometry": {"type": "Point", "coordinates": [-2.1114, 53.54486]}}, {"type": "Feature", "properties": {"t": "2412-Other sport and recreation constructions"}, "geometry": {"type": "Point", "coordinates": [-2.11094, 53.54488]}}, {"type": "Feature", "properties": {"t": "2412-Other sport and recreation constructions"}, "geometry": {"type": "Point", "coordinates": [-2.11571, 53.54491]}}, {"type": "Feature", "properties": {"t": "2412-Other sport and recreation constructions"}, "geometry": {"type": "Point", "coordinates": [-2.11577, 53.54491]}}, {"type": "Feature", "properties": {"t": "2412-Other sport and recreation constructions"}, "geometry": {"type": "Point", "coordinates": [-2.11337, 53.5449]}}, {"type": "Feature", "properties": {"t": "2412-Other sport and recreation constructions"}, "geometry": {"type": "Point", "coordinates": [-2.11586, 53.54491]}}, {"type": "Feature", "properties": {"t": "2412-Other sport and recreation constructions"}, "geometry": {"type": "Point", "coordinates": [-2.11595, 53.54491]}}, {"type": "Feature", "properties": {"t": "2412-Other sport and recreation constructions"}, "geometry": {"type": "Point", "coordinates": [-2.11605, 53.54491]}}, {"type": "Feature", "properties": {"t": "2412-Other sport and recreation constructions"}, "geometry": {"type": "Point", "coordinates": [-2.11653, 53.54492]}}, {"type": "Feature", "properties": {"t": "2412-Other sport and recreation constructions"}, "geometry": {"type": "Point", "coordinates": [-2.11528, 53.54493]}}, {"type": "Feature", "properties": {"t": "2412-Other sport and recreation constructions"}, "geometry": {"type": "Point", "coordinates": [-2.11349, 53.54494]}}, {"type": "Feature", "properties": {"t": "2412-Other sport and recreation constructions"}, "geometry": {"type": "Point", "coordinates": [-2.11382, 53.54495]}}, {"type": "Feature", "properties": {"t": "2412-Other sport and recreation constructions"}, "geometry": {"type": "Point", "coordinates": [-2.11224, 53.5449]}}, {"type": "Feature", "properties": {"t": "2412-Other sport and recreation constructions"}, "geometry": {"type": "Point", "coordinates": [-2.11181, 53.54491]}}, {"type": "Feature", "properties": {"t": "2412-Other sport and recreation constructions"}, "geometry": {"type": "Point", "coordinates": [-2.11195, 53.54491]}}, {"type": "Feature", "properties": {"t": "2412-Other sport and recreation constructions"}, "geometry": {"type": "Point", "coordinates": [-2.11181, 53.54495]}}, {"type": "Feature", "properties": {"t": "2412-Other sport and recreation constructions"}, "geometry": {"type": "Point", "coordinates": [-2.11224, 53.54496]}}, {"type": "Feature", "properties": {"t": "2412-Other sport and recreation constructions"}, "geometry": {"type": "Point", "coordinates": [-2.11068, 53.54498]}}, {"type": "Feature", "properties": {"t": "2412-Other sport and recreation constructions"}, "geometry": {"type": "Point", "coordinates": [-2.11195, 53.54496]}}, {"type": "Feature", "properties": {"t": "2412-Other sport and recreation constructions"}, "geometry": {"type": "Point", "coordinates": [-2.11053, 53.54498]}}, {"type": "Feature", "properties": {"t": "2412-Other sport and recreation constructions"}, "geometry": {"type": "Point", "coordinates": [-2.11044, 53.54499]}}, {"type": "Feature", "properties": {"t": "2412-Other sport and recreation constructions"}, "geometry": {"type": "Point", "coordinates": [-2.11001, 53.545]}}, {"type": "Feature", "properties": {"t": "2412-Other sport and recreation constructions"}, "geometry": {"type": "Point", "coordinates": [-2.10906, 53.54471]}}, {"type": "Feature", "properties": {"t": "2412-Other sport and recreation constructions"}, "geometry": {"type": "Point", "coordinates": [-2.10911, 53.54475]}}, {"type": "Feature", "properties": {"t": "2412-Other sport and recreation constructions"}, "geometry": {"type": "Point", "coordinates": [-2.10938, 53.54476]}}, {"type": "Feature", "properties": {"t": "2412-Other sport and recreation constructions"}, "geometry": {"type": "Point", "coordinates": [-2.10932, 53.54478]}}, {"type": "Feature", "properties": {"t": "2412-Other sport and recreation constructions"}, "geometry": {"type": "Point", "coordinates": [-2.10915, 53.54481]}}, {"type": "Feature", "properties": {"t": "2412-Other sport and recreation constructions"}, "geometry": {"type": "Point", "coordinates": [-2.10928, 53.54484]}}, {"type": "Feature", "properties": {"t": "2412-Other sport and recreation constructions"}, "geometry": {"type": "Point", "coordinates": [-2.10695, 53.5449]}}, {"type": "Feature", "properties": {"t": "2412-Other sport and recreation constructions"}, "geometry": {"type": "Point", "coordinates": [-2.10908, 53.54493]}}, {"type": "Feature", "properties": {"t": "2412-Other sport and recreation constructions"}, "geometry": {"type": "Point", "coordinates": [-2.10928, 53.54496]}}, {"type": "Feature", "properties": {"t": "2412-Other sport and recreation constructions"}, "geometry": {"type": "Point", "coordinates": [-2.10963, 53.54519]}}, {"type": "Feature", "properties": {"t": "2412-Other sport and recreation constructions"}, "geometry": {"type": "Point", "coordinates": [-2.10993, 53.54497]}}, {"type": "Feature", "properties": {"t": "2412-Other sport and recreation constructions"}, "geometry": {"type": "Point", "coordinates": [-2.11079, 53.54502]}}, {"type": "Feature", "properties": {"t": "2412-Other sport and recreation constructions"}, "geometry": {"type": "Point", "coordinates": [-2.11181, 53.54499]}}, {"type": "Feature", "properties": {"t": "2412-Other sport and recreation constructions"}, "geometry": {"type": "Point", "coordinates": [-2.11087, 53.545]}}, {"type": "Feature", "properties": {"t": "2412-Other sport and recreation constructions"}, "geometry": {"type": "Point", "coordinates": [-2.11224, 53.545]}}, {"type": "Feature", "properties": {"t": "2412-Other sport and recreation constructions"}, "geometry": {"type": "Point", "coordinates": [-2.11034, 53.545]}}, {"type": "Feature", "properties": {"t": "2412-Other sport and recreation constructions"}, "geometry": {"type": "Point", "coordinates": [-2.11009, 53.545]}}, {"type": "Feature", "properties": {"t": "2412-Other sport and recreation constructions"}, "geometry": {"type": "Point", "coordinates": [-2.11196, 53.54501]}}, {"type": "Feature", "properties": {"t": "2412-Other sport and recreation constructions"}, "geometry": {"type": "Point", "coordinates": [-2.11181, 53.54503]}}, {"type": "Feature", "properties": {"t": "2412-Other sport and recreation constructions"}, "geometry": {"type": "Point", "coordinates": [-2.11224, 53.54506]}}, {"type": "Feature", "properties": {"t": "2412-Other sport and recreation constructions"}, "geometry": {"type": "Point", "coordinates": [-2.11316, 53.54495]}}, {"type": "Feature", "properties": {"t": "2412-Other sport and recreation constructions"}, "geometry": {"type": "Point", "coordinates": [-2.11527, 53.54496]}}, {"type": "Feature", "properties": {"t": "2412-Other sport and recreation constructions"}, "geometry": {"type": "Point", "coordinates": [-2.11359, 53.54498]}}, {"type": "Feature", "properties": {"t": "2412-Other sport and recreation constructions"}, "geometry": {"type": "Point", "coordinates": [-2.11653, 53.54498]}}, {"type": "Feature", "properties": {"t": "2412-Other sport and recreation constructions"}, "geometry": {"type": "Point", "coordinates": [-2.11327, 53.54499]}}, {"type": "Feature", "properties": {"t": "2412-Other sport and recreation constructions"}, "geometry": {"type": "Point", "coordinates": [-2.11527, 53.54502]}}, {"type": "Feature", "properties": {"t": "2412-Other sport and recreation constructions"}, "geometry": {"type": "Point", "coordinates": [-2.11338, 53.54503]}}, {"type": "Feature", "properties": {"t": "2412-Other sport and recreation constructions"}, "geometry": {"type": "Point", "coordinates": [-2.11653, 53.54503]}}, {"type": "Feature", "properties": {"t": "2412-Other sport and recreation constructions"}, "geometry": {"type": "Point", "coordinates": [-2.1135, 53.54507]}}, {"type": "Feature", "properties": {"t": "2412-Other sport and recreation constructions"}, "geometry": {"type": "Point", "coordinates": [-2.11331, 53.54508]}}, {"type": "Feature", "properties": {"t": "2412-Other sport and recreation constructions"}, "geometry": {"type": "Point", "coordinates": [-2.11196, 53.54506]}}, {"type": "Feature", "properties": {"t": "2412-Other sport and recreation constructions"}, "geometry": {"type": "Point", "coordinates": [-2.10986, 53.54507]}}, {"type": "Feature", "properties": {"t": "2412-Other sport and recreation constructions"}, "geometry": {"type": "Point", "coordinates": [-2.11059, 53.54506]}}, {"type": "Feature", "properties": {"t": "2412-Other sport and recreation constructions"}, "geometry": {"type": "Point", "coordinates": [-2.11181, 53.54508]}}, {"type": "Feature", "properties": {"t": "2412-Other sport and recreation constructions"}, "geometry": {"type": "Point", "coordinates": [-2.11149, 53.54508]}}, {"type": "Feature", "properties": {"t": "2412-Other sport and recreation constructions"}, "geometry": {"type": "Point", "coordinates": [-2.11095, 53.5451]}}, {"type": "Feature", "properties": {"t": "2412-Other sport and recreation constructions"}, "geometry": {"type": "Point", "coordinates": [-2.11224, 53.5451]}}, {"type": "Feature", "properties": {"t": "2412-Other sport and recreation constructions"}, "geometry": {"type": "Point", "coordinates": [-2.11196, 53.5451]}}, {"type": "Feature", "properties": {"t": "2412-Other sport and recreation constructions"}, "geometry": {"type": "Point", "coordinates": [-2.11069, 53.54511]}}, {"type": "Feature", "properties": {"t": "2412-Other sport and recreation constructions"}, "geometry": {"type": "Point", "coordinates": [-2.11054, 53.54513]}}, {"type": "Feature", "properties": {"t": "2412-Other sport and recreation constructions"}, "geometry": {"type": "Point", "coordinates": [-2.11399, 53.54509]}}, {"type": "Feature", "properties": {"t": "2412-Other sport and recreation constructions"}, "geometry": {"type": "Point", "coordinates": [-2.11343, 53.54512]}}, {"type": "Feature", "properties": {"t": "2412-Other sport and recreation constructions"}, "geometry": {"type": "Point", "coordinates": [-2.11354, 53.54516]}}, {"type": "Feature", "properties": {"t": "2412-Other sport and recreation constructions"}, "geometry": {"type": "Point", "coordinates": [-2.11322, 53.54517]}}, {"type": "Feature", "properties": {"t": "2412-Other sport and recreation constructions"}, "geometry": {"type": "Point", "coordinates": [-2.11513, 53.54519]}}, {"type": "Feature", "properties": {"t": "2412-Other sport and recreation constructions"}, "geometry": {"type": "Point", "coordinates": [-2.11366, 53.5452]}}, {"type": "Feature", "properties": {"t": "2412-Other sport and recreation constructions"}, "geometry": {"type": "Point", "coordinates": [-2.1152, 53.5452]}}, {"type": "Feature", "properties": {"t": "2412-Other sport and recreation constructions"}, "geometry": {"type": "Point", "coordinates": [-2.11527, 53.5452]}}, {"type": "Feature", "properties": {"t": "2412-Other sport and recreation constructions"}, "geometry": {"type": "Point", "coordinates": [-2.11535, 53.5452]}}, {"type": "Feature", "properties": {"t": "2412-Other sport and recreation constructions"}, "geometry": {"type": "Point", "coordinates": [-2.11543, 53.5452]}}, {"type": "Feature", "properties": {"t": "2412-Other sport and recreation constructions"}, "geometry": {"type": "Point", "coordinates": [-2.11182, 53.54512]}}, {"type": "Feature", "properties": {"t": "2412-Other sport and recreation constructions"}, "geometry": {"type": "Point", "coordinates": [-2.11149, 53.54513]}}, {"type": "Feature", "properties": {"t": "2412-Other sport and recreation constructions"}, "geometry": {"type": "Point", "coordinates": [-2.11095, 53.54514]}}, {"type": "Feature", "properties": {"t": "2412-Other sport and recreation constructions"}, "geometry": {"type": "Point", "coordinates": [-2.10985, 53.54514]}}, {"type": "Feature", "properties": {"t": "2412-Other sport and recreation constructions"}, "geometry": {"type": "Point", "coordinates": [-2.11225, 53.54515]}}, {"type": "Feature", "properties": {"t": "2412-Other sport and recreation constructions"}, "geometry": {"type": "Point", "coordinates": [-2.11068, 53.54515]}}, {"type": "Feature", "properties": {"t": "2412-Other sport and recreation constructions"}, "geometry": {"type": "Point", "coordinates": [-2.11196, 53.54515]}}, {"type": "Feature", "properties": {"t": "2412-Other sport and recreation constructions"}, "geometry": {"type": "Point", "coordinates": [-2.10971, 53.54515]}}, {"type": "Feature", "properties": {"t": "2412-Other sport and recreation constructions"}, "geometry": {"type": "Point", "coordinates": [-2.11182, 53.54517]}}, {"type": "Feature", "properties": {"t": "2412-Other sport and recreation constructions"}, "geometry": {"type": "Point", "coordinates": [-2.11149, 53.54517]}}, {"type": "Feature", "properties": {"t": "2412-Other sport and recreation constructions"}, "geometry": {"type": "Point", "coordinates": [-2.11053, 53.54517]}}, {"type": "Feature", "properties": {"t": "2412-Other sport and recreation constructions"}, "geometry": {"type": "Point", "coordinates": [-2.10984, 53.54519]}}, {"type": "Feature", "properties": {"t": "2412-Other sport and recreation constructions"}, "geometry": {"type": "Point", "coordinates": [-2.11095, 53.5452]}}, {"type": "Feature", "properties": {"t": "2412-Other sport and recreation constructions"}, "geometry": {"type": "Point", "coordinates": [-2.11225, 53.54519]}}, {"type": "Feature", "properties": {"t": "2412-Other sport and recreation constructions"}, "geometry": {"type": "Point", "coordinates": [-2.11197, 53.5452]}}, {"type": "Feature", "properties": {"t": "2412-Other sport and recreation constructions"}, "geometry": {"type": "Point", "coordinates": [-2.1107, 53.54521]}}, {"type": "Feature", "properties": {"t": "2412-Other sport and recreation constructions"}, "geometry": {"type": "Point", "coordinates": [-2.11182, 53.54521]}}, {"type": "Feature", "properties": {"t": "2412-Other sport and recreation constructions"}, "geometry": {"type": "Point", "coordinates": [-2.11149, 53.54522]}}, {"type": "Feature", "properties": {"t": "2412-Other sport and recreation constructions"}, "geometry": {"type": "Point", "coordinates": [-2.11057, 53.54525]}}, {"type": "Feature", "properties": {"t": "2412-Other sport and recreation constructions"}, "geometry": {"type": "Point", "coordinates": [-2.1115, 53.54526]}}, {"type": "Feature", "properties": {"t": "2412-Other sport and recreation constructions"}, "geometry": {"type": "Point", "coordinates": [-2.11551, 53.54521]}}, {"type": "Feature", "properties": {"t": "2412-Other sport and recreation constructions"}, "geometry": {"type": "Point", "coordinates": [-2.11333, 53.54521]}}, {"type": "Feature", "properties": {"t": "2412-Other sport and recreation constructions"}, "geometry": {"type": "Point", "coordinates": [-2.11609, 53.54523]}}, {"type": "Feature", "properties": {"t": "2412-Other sport and recreation constructions"}, "geometry": {"type": "Point", "coordinates": [-2.11617, 53.54523]}}, {"type": "Feature", "properties": {"t": "2412-Other sport and recreation constructions"}, "geometry": {"type": "Point", "coordinates": [-2.11624, 53.54523]}}, {"type": "Feature", "properties": {"t": "2412-Other sport and recreation constructions"}, "geometry": {"type": "Point", "coordinates": [-2.11632, 53.54523]}}, {"type": "Feature", "properties": {"t": "2412-Other sport and recreation constructions"}, "geometry": {"type": "Point", "coordinates": [-2.11377, 53.54523]}}, {"type": "Feature", "properties": {"t": "2412-Other sport and recreation constructions"}, "geometry": {"type": "Point", "coordinates": [-2.1164, 53.54523]}}, {"type": "Feature", "properties": {"t": "2412-Other sport and recreation constructions"}, "geometry": {"type": "Point", "coordinates": [-2.11648, 53.54524]}}, {"type": "Feature", "properties": {"t": "2412-Other sport and recreation constructions"}, "geometry": {"type": "Point", "coordinates": [-2.11656, 53.54524]}}, {"type": "Feature", "properties": {"t": "2412-Other sport and recreation constructions"}, "geometry": {"type": "Point", "coordinates": [-2.10986, 53.54525]}}, {"type": "Feature", "properties": {"t": "2412-Other sport and recreation constructions"}, "geometry": {"type": "Point", "coordinates": [-2.11197, 53.54527]}}, {"type": "Feature", "properties": {"t": "2412-Other sport and recreation constructions"}, "geometry": {"type": "Point", "coordinates": [-2.10974, 53.54527]}}, {"type": "Feature", "properties": {"t": "2412-Other sport and recreation constructions"}, "geometry": {"type": "Point", "coordinates": [-2.11182, 53.54527]}}, {"type": "Feature", "properties": {"t": "2412-Other sport and recreation constructions"}, "geometry": {"type": "Point", "coordinates": [-2.1107, 53.54528]}}, {"type": "Feature", "properties": {"t": "2412-Other sport and recreation constructions"}, "geometry": {"type": "Point", "coordinates": [-2.11095, 53.54529]}}, {"type": "Feature", "properties": {"t": "2412-Other sport and recreation constructions"}, "geometry": {"type": "Point", "coordinates": [-2.11168, 53.54529]}}, {"type": "Feature", "properties": {"t": "2412-Other sport and recreation constructions"}, "geometry": {"type": "Point", "coordinates": [-2.10978, 53.5453]}}, {"type": "Feature", "properties": {"t": "2412-Other sport and recreation constructions"}, "geometry": {"type": "Point", "coordinates": [-2.1115, 53.5453]}}, {"type": "Feature", "properties": {"t": "2412-Other sport and recreation constructions"}, "geometry": {"type": "Point", "coordinates": [-2.11226, 53.54532]}}, {"type": "Feature", "properties": {"t": "2412-Other sport and recreation constructions"}, "geometry": {"type": "Point", "coordinates": [-2.11565, 53.54524]}}, {"type": "Feature", "properties": {"t": "2412-Other sport and recreation constructions"}, "geometry": {"type": "Point", "coordinates": [-2.1159, 53.54525]}}, {"type": "Feature", "properties": {"t": "2412-Other sport and recreation constructions"}, "geometry": {"type": "Point", "coordinates": [-2.11344, 53.54525]}}, {"type": "Feature", "properties": {"t": "2412-Other sport and recreation constructions"}, "geometry": {"type": "Point", "coordinates": [-2.11356, 53.54529]}}, {"type": "Feature", "properties": {"t": "2412-Other sport and recreation constructions"}, "geometry": {"type": "Point", "coordinates": [-2.11564, 53.54529]}}, {"type": "Feature", "properties": {"t": "2412-Other sport and recreation constructions"}, "geometry": {"type": "Point", "coordinates": [-2.1159, 53.54529]}}, {"type": "Feature", "properties": {"t": "2412-Other sport and recreation constructions"}, "geometry": {"type": "Point", "coordinates": [-2.11404, 53.54531]}}, {"type": "Feature", "properties": {"t": "2412-Other sport and recreation constructions"}, "geometry": {"type": "Point", "coordinates": [-2.11512, 53.54533]}}, {"type": "Feature", "properties": {"t": "2412-Other sport and recreation constructions"}, "geometry": {"type": "Point", "coordinates": [-2.11368, 53.54533]}}, {"type": "Feature", "properties": {"t": "2412-Other sport and recreation constructions"}, "geometry": {"type": "Point", "coordinates": [-2.11519, 53.54533]}}, {"type": "Feature", "properties": {"t": "2412-Other sport and recreation constructions"}, "geometry": {"type": "Point", "coordinates": [-2.11526, 53.54533]}}, {"type": "Feature", "properties": {"t": "2412-Other sport and recreation constructions"}, "geometry": {"type": "Point", "coordinates": [-2.11349, 53.54533]}}, {"type": "Feature", "properties": {"t": "2412-Other sport and recreation constructions"}, "geometry": {"type": "Point", "coordinates": [-2.11534, 53.54533]}}, {"type": "Feature", "properties": {"t": "2412-Other sport and recreation constructions"}, "geometry": {"type": "Point", "coordinates": [-2.11542, 53.54533]}}, {"type": "Feature", "properties": {"t": "2412-Other sport and recreation constructions"}, "geometry": {"type": "Point", "coordinates": [-2.11564, 53.54534]}}, {"type": "Feature", "properties": {"t": "2412-Other sport and recreation constructions"}, "geometry": {"type": "Point", "coordinates": [-2.1155, 53.54534]}}, {"type": "Feature", "properties": {"t": "2412-Other sport and recreation constructions"}, "geometry": {"type": "Point", "coordinates": [-2.1159, 53.54534]}}, {"type": "Feature", "properties": {"t": "2412-Other sport and recreation constructions"}, "geometry": {"type": "Point", "coordinates": [-2.11608, 53.54536]}}, {"type": "Feature", "properties": {"t": "2412-Other sport and recreation constructions"}, "geometry": {"type": "Point", "coordinates": [-2.11616, 53.54536]}}, {"type": "Feature", "properties": {"t": "2412-Other sport and recreation constructions"}, "geometry": {"type": "Point", "coordinates": [-2.11624, 53.54536]}}, {"type": "Feature", "properties": {"t": "2412-Other sport and recreation constructions"}, "geometry": {"type": "Point", "coordinates": [-2.11096, 53.54533]}}, {"type": "Feature", "properties": {"t": "2412-Other sport and recreation constructions"}, "geometry": {"type": "Point", "coordinates": [-2.11197, 53.54533]}}, {"type": "Feature", "properties": {"t": "2412-Other sport and recreation constructions"}, "geometry": {"type": "Point", "coordinates": [-2.11059, 53.54534]}}, {"type": "Feature", "properties": {"t": "2412-Other sport and recreation constructions"}, "geometry": {"type": "Point", "coordinates": [-2.10983, 53.54534]}}, {"type": "Feature", "properties": {"t": "2412-Other sport and recreation constructions"}, "geometry": {"type": "Point", "coordinates": [-2.1104, 53.54534]}}, {"type": "Feature", "properties": {"t": "2412-Other sport and recreation constructions"}, "geometry": {"type": "Point", "coordinates": [-2.1115, 53.54535]}}, {"type": "Feature", "properties": {"t": "2412-Other sport and recreation constructions"}, "geometry": {"type": "Point", "coordinates": [-2.11096, 53.54537]}}, {"type": "Feature", "properties": {"t": "2412-Other sport and recreation constructions"}, "geometry": {"type": "Point", "coordinates": [-2.11197, 53.54538]}}, {"type": "Feature", "properties": {"t": "2412-Other sport and recreation constructions"}, "geometry": {"type": "Point", "coordinates": [-2.11059, 53.54538]}}, {"type": "Feature", "properties": {"t": "2412-Other sport and recreation constructions"}, "geometry": {"type": "Point", "coordinates": [-2.11228, 53.54539]}}, {"type": "Feature", "properties": {"t": "2412-Other sport and recreation constructions"}, "geometry": {"type": "Point", "coordinates": [-2.11631, 53.54537]}}, {"type": "Feature", "properties": {"t": "2412-Other sport and recreation constructions"}, "geometry": {"type": "Point", "coordinates": [-2.11639, 53.54537]}}, {"type": "Feature", "properties": {"t": "2412-Other sport and recreation constructions"}, "geometry": {"type": "Point", "coordinates": [-2.11647, 53.54537]}}, {"type": "Feature", "properties": {"t": "2412-Other sport and recreation constructions"}, "geometry": {"type": "Point", "coordinates": [-2.1136, 53.54537]}}, {"type": "Feature", "properties": {"t": "2412-Other sport and recreation constructions"}, "geometry": {"type": "Point", "coordinates": [-2.11655, 53.54537]}}, {"type": "Feature", "properties": {"t": "2412-Other sport and recreation constructions"}, "geometry": {"type": "Point", "coordinates": [-2.11564, 53.54538]}}, {"type": "Feature", "properties": {"t": "2412-Other sport and recreation constructions"}, "geometry": {"type": "Point", "coordinates": [-2.11589, 53.54539]}}, {"type": "Feature", "properties": {"t": "2412-Other sport and recreation constructions"}, "geometry": {"type": "Point", "coordinates": [-2.11372, 53.54541]}}, {"type": "Feature", "properties": {"t": "2412-Other sport and recreation constructions"}, "geometry": {"type": "Point", "coordinates": [-2.11339, 53.54542]}}, {"type": "Feature", "properties": {"t": "2412-Other sport and recreation constructions"}, "geometry": {"type": "Point", "coordinates": [-2.11564, 53.54543]}}, {"type": "Feature", "properties": {"t": "2412-Other sport and recreation constructions"}, "geometry": {"type": "Point", "coordinates": [-2.1115, 53.54539]}}, {"type": "Feature", "properties": {"t": "2412-Other sport and recreation constructions"}, "geometry": {"type": "Point", "coordinates": [-2.10991, 53.54539]}}, {"type": "Feature", "properties": {"t": "2412-Other sport and recreation constructions"}, "geometry": {"type": "Point", "coordinates": [-2.11008, 53.54541]}}, {"type": "Feature", "properties": {"t": "2412-Other sport and recreation constructions"}, "geometry": {"type": "Point", "coordinates": [-2.11227, 53.5454]}}, {"type": "Feature", "properties": {"t": "2412-Other sport and recreation constructions"}, "geometry": {"type": "Point", "coordinates": [-2.11035, 53.54543]}}, {"type": "Feature", "properties": {"t": "2412-Other sport and recreation constructions"}, "geometry": {"type": "Point", "coordinates": [-2.11096, 53.54543]}}, {"type": "Feature", "properties": {"t": "2412-Other sport and recreation constructions"}, "geometry": {"type": "Point", "coordinates": [-2.11198, 53.54543]}}, {"type": "Feature", "properties": {"t": "2412-Other sport and recreation constructions"}, "geometry": {"type": "Point", "coordinates": [-2.11061, 53.54544]}}, {"type": "Feature", "properties": {"t": "2412-Other sport and recreation constructions"}, "geometry": {"type": "Point", "coordinates": [-2.11146, 53.54546]}}, {"type": "Feature", "properties": {"t": "2412-Other sport and recreation constructions"}, "geometry": {"type": "Point", "coordinates": [-2.11097, 53.54551]}}, {"type": "Feature", "properties": {"t": "2412-Other sport and recreation constructions"}, "geometry": {"type": "Point", "coordinates": [-2.11589, 53.54543]}}, {"type": "Feature", "properties": {"t": "2412-Other sport and recreation constructions"}, "geometry": {"type": "Point", "coordinates": [-2.11537, 53.54544]}}, {"type": "Feature", "properties": {"t": "2412-Other sport and recreation constructions"}, "geometry": {"type": "Point", "coordinates": [-2.11383, 53.54545]}}, {"type": "Feature", "properties": {"t": "2412-Other sport and recreation constructions"}, "geometry": {"type": "Point", "coordinates": [-2.11626, 53.54545]}}, {"type": "Feature", "properties": {"t": "2412-Other sport and recreation constructions"}, "geometry": {"type": "Point", "coordinates": [-2.1135, 53.54546]}}, {"type": "Feature", "properties": {"t": "2412-Other sport and recreation constructions"}, "geometry": {"type": "Point", "coordinates": [-2.11652, 53.54546]}}, {"type": "Feature", "properties": {"t": "2412-Other sport and recreation constructions"}, "geometry": {"type": "Point", "coordinates": [-2.11563, 53.54547]}}, {"type": "Feature", "properties": {"t": "2412-Other sport and recreation constructions"}, "geometry": {"type": "Point", "coordinates": [-2.11588, 53.54548]}}, {"type": "Feature", "properties": {"t": "2412-Other sport and recreation constructions"}, "geometry": {"type": "Point", "coordinates": [-2.11451, 53.54548]}}, {"type": "Feature", "properties": {"t": "2412-Other sport and recreation constructions"}, "geometry": {"type": "Point", "coordinates": [-2.11362, 53.5455]}}, {"type": "Feature", "properties": {"t": "2412-Other sport and recreation constructions"}, "geometry": {"type": "Point", "coordinates": [-2.10954, 53.54521]}}, {"type": "Feature", "properties": {"t": "2412-Other sport and recreation constructions"}, "geometry": {"type": "Point", "coordinates": [-2.10948, 53.54524]}}, {"type": "Feature", "properties": {"t": "2412-Other sport and recreation constructions"}, "geometry": {"type": "Point", "coordinates": [-2.10798, 53.54544]}}, {"type": "Feature", "properties": {"t": "2412-Other sport and recreation constructions"}, "geometry": {"type": "Point", "coordinates": [-2.10963, 53.54559]}}, {"type": "Feature", "properties": {"t": "2412-Other sport and recreation constructions"}, "geometry": {"type": "Point", "coordinates": [-2.10968, 53.54563]}}, {"type": "Feature", "properties": {"t": "2412-Other sport and recreation constructions"}, "geometry": {"type": "Point", "coordinates": [-2.10944, 53.54565]}}, {"type": "Feature", "properties": {"t": "2412-Other sport and recreation constructions"}, "geometry": {"type": "Point", "coordinates": [-2.1095, 53.5457]}}, {"type": "Feature", "properties": {"t": "2412-Other sport and recreation constructions"}, "geometry": {"type": "Point", "coordinates": [-2.10814, 53.54569]}}, {"type": "Feature", "properties": {"t": "2412-Other sport and recreation constructions"}, "geometry": {"type": "Point", "coordinates": [-2.10934, 53.54571]}}, {"type": "Feature", "properties": {"t": "2412-Other sport and recreation constructions"}, "geometry": {"type": "Point", "coordinates": [-2.10956, 53.54573]}}, {"type": "Feature", "properties": {"t": "2412-Other sport and recreation constructions"}, "geometry": {"type": "Point", "coordinates": [-2.11625, 53.5455]}}, {"type": "Feature", "properties": {"t": "2412-Other sport and recreation constructions"}, "geometry": {"type": "Point", "coordinates": [-2.11651, 53.54551]}}, {"type": "Feature", "properties": {"t": "2412-Other sport and recreation constructions"}, "geometry": {"type": "Point", "coordinates": [-2.11563, 53.54552]}}, {"type": "Feature", "properties": {"t": "2412-Other sport and recreation constructions"}, "geometry": {"type": "Point", "coordinates": [-2.11588, 53.54553]}}, {"type": "Feature", "properties": {"t": "2412-Other sport and recreation constructions"}, "geometry": {"type": "Point", "coordinates": [-2.11374, 53.54553]}}, {"type": "Feature", "properties": {"t": "2412-Other sport and recreation constructions"}, "geometry": {"type": "Point", "coordinates": [-2.11357, 53.54555]}}, {"type": "Feature", "properties": {"t": "2412-Other sport and recreation constructions"}, "geometry": {"type": "Point", "coordinates": [-2.11625, 53.54555]}}, {"type": "Feature", "properties": {"t": "2412-Other sport and recreation constructions"}, "geometry": {"type": "Point", "coordinates": [-2.11651, 53.54556]}}, {"type": "Feature", "properties": {"t": "2412-Other sport and recreation constructions"}, "geometry": {"type": "Point", "coordinates": [-2.11563, 53.54557]}}, {"type": "Feature", "properties": {"t": "2412-Other sport and recreation constructions"}, "geometry": {"type": "Point", "coordinates": [-2.11587, 53.54557]}}, {"type": "Feature", "properties": {"t": "2412-Other sport and recreation constructions"}, "geometry": {"type": "Point", "coordinates": [-2.1112, 53.54551]}}, {"type": "Feature", "properties": {"t": "2412-Other sport and recreation constructions"}, "geometry": {"type": "Point", "coordinates": [-2.1098, 53.54552]}}, {"type": "Feature", "properties": {"t": "2412-Other sport and recreation constructions"}, "geometry": {"type": "Point", "coordinates": [-2.11271, 53.54552]}}, {"type": "Feature", "properties": {"t": "2412-Other sport and recreation constructions"}, "geometry": {"type": "Point", "coordinates": [-2.11252, 53.54552]}}, {"type": "Feature", "properties": {"t": "2412-Other sport and recreation constructions"}, "geometry": {"type": "Point", "coordinates": [-2.11175, 53.54553]}}, {"type": "Feature", "properties": {"t": "2412-Other sport and recreation constructions"}, "geometry": {"type": "Point", "coordinates": [-2.11143, 53.54553]}}, {"type": "Feature", "properties": {"t": "2412-Other sport and recreation constructions"}, "geometry": {"type": "Point", "coordinates": [-2.11075, 53.54553]}}, {"type": "Feature", "properties": {"t": "2412-Other sport and recreation constructions"}, "geometry": {"type": "Point", "coordinates": [-2.10999, 53.54552]}}, {"type": "Feature", "properties": {"t": "2412-Other sport and recreation constructions"}, "geometry": {"type": "Point", "coordinates": [-2.11157, 53.54553]}}, {"type": "Feature", "properties": {"t": "2412-Other sport and recreation constructions"}, "geometry": {"type": "Point", "coordinates": [-2.11034, 53.54554]}}, {"type": "Feature", "properties": {"t": "2412-Other sport and recreation constructions"}, "geometry": {"type": "Point", "coordinates": [-2.11018, 53.54555]}}, {"type": "Feature", "properties": {"t": "2412-Other sport and recreation constructions"}, "geometry": {"type": "Point", "coordinates": [-2.11053, 53.54554]}}, {"type": "Feature", "properties": {"t": "2412-Other sport and recreation constructions"}, "geometry": {"type": "Point", "coordinates": [-2.11275, 53.54559]}}, {"type": "Feature", "properties": {"t": "2412-Other sport and recreation constructions"}, "geometry": {"type": "Point", "coordinates": [-2.11251, 53.5456]}}, {"type": "Feature", "properties": {"t": "2412-Other sport and recreation constructions"}, "geometry": {"type": "Point", "coordinates": [-2.11284, 53.54561]}}, {"type": "Feature", "properties": {"t": "2412-Other sport and recreation constructions"}, "geometry": {"type": "Point", "coordinates": [-2.11275, 53.54564]}}, {"type": "Feature", "properties": {"t": "2412-Other sport and recreation constructions"}, "geometry": {"type": "Point", "coordinates": [-2.11143, 53.54564]}}, {"type": "Feature", "properties": {"t": "2412-Other sport and recreation constructions"}, "geometry": {"type": "Point", "coordinates": [-2.11252, 53.54564]}}, {"type": "Feature", "properties": {"t": "2412-Other sport and recreation constructions"}, "geometry": {"type": "Point", "coordinates": [-2.11076, 53.54565]}}, {"type": "Feature", "properties": {"t": "2412-Other sport and recreation constructions"}, "geometry": {"type": "Point", "coordinates": [-2.11285, 53.54566]}}, {"type": "Feature", "properties": {"t": "2412-Other sport and recreation constructions"}, "geometry": {"type": "Point", "coordinates": [-2.11624, 53.54559]}}, {"type": "Feature", "properties": {"t": "2412-Other sport and recreation constructions"}, "geometry": {"type": "Point", "coordinates": [-2.11368, 53.54559]}}, {"type": "Feature", "properties": {"t": "2412-Other sport and recreation constructions"}, "geometry": {"type": "Point", "coordinates": [-2.11416, 53.54559]}}, {"type": "Feature", "properties": {"t": "2412-Other sport and recreation constructions"}, "geometry": {"type": "Point", "coordinates": [-2.1165, 53.5456]}}, {"type": "Feature", "properties": {"t": "2412-Other sport and recreation constructions"}, "geometry": {"type": "Point", "coordinates": [-2.11562, 53.54561]}}, {"type": "Feature", "properties": {"t": "2412-Other sport and recreation constructions"}, "geometry": {"type": "Point", "coordinates": [-2.11583, 53.54563]}}, {"type": "Feature", "properties": {"t": "2412-Other sport and recreation constructions"}, "geometry": {"type": "Point", "coordinates": [-2.1138, 53.54563]}}, {"type": "Feature", "properties": {"t": "2412-Other sport and recreation constructions"}, "geometry": {"type": "Point", "coordinates": [-2.11347, 53.54564]}}, {"type": "Feature", "properties": {"t": "2412-Other sport and recreation constructions"}, "geometry": {"type": "Point", "coordinates": [-2.11634, 53.54566]}}, {"type": "Feature", "properties": {"t": "2412-Other sport and recreation constructions"}, "geometry": {"type": "Point", "coordinates": [-2.11391, 53.54567]}}, {"type": "Feature", "properties": {"t": "2412-Other sport and recreation constructions"}, "geometry": {"type": "Point", "coordinates": [-2.10972, 53.54566]}}, {"type": "Feature", "properties": {"t": "2412-Other sport and recreation constructions"}, "geometry": {"type": "Point", "coordinates": [-2.1112, 53.54566]}}, {"type": "Feature", "properties": {"t": "2412-Other sport and recreation constructions"}, "geometry": {"type": "Point", "coordinates": [-2.11172, 53.54567]}}, {"type": "Feature", "properties": {"t": "2412-Other sport and recreation constructions"}, "geometry": {"type": "Point", "coordinates": [-2.11098, 53.54567]}}, {"type": "Feature", "properties": {"t": "2412-Other sport and recreation constructions"}, "geometry": {"type": "Point", "coordinates": [-2.11003, 53.54567]}}, {"type": "Feature", "properties": {"t": "2412-Other sport and recreation constructions"}, "geometry": {"type": "Point", "coordinates": [-2.11161, 53.54567]}}, {"type": "Feature", "properties": {"t": "2412-Other sport and recreation constructions"}, "geometry": {"type": "Point", "coordinates": [-2.11049, 53.54567]}}, {"type": "Feature", "properties": {"t": "2412-Other sport and recreation constructions"}, "geometry": {"type": "Point", "coordinates": [-2.11276, 53.54569]}}, {"type": "Feature", "properties": {"t": "2412-Other sport and recreation constructions"}, "geometry": {"type": "Point", "coordinates": [-2.11252, 53.5457]}}, {"type": "Feature", "properties": {"t": "2412-Other sport and recreation constructions"}, "geometry": {"type": "Point", "coordinates": [-2.11031, 53.54569]}}, {"type": "Feature", "properties": {"t": "2412-Other sport and recreation constructions"}, "geometry": {"type": "Point", "coordinates": [-2.11359, 53.54568]}}, {"type": "Feature", "properties": {"t": "2412-Other sport and recreation constructions"}, "geometry": {"type": "Point", "coordinates": [-2.11556, 53.54568]}}, {"type": "Feature", "properties": {"t": "2412-Other sport and recreation constructions"}, "geometry": {"type": "Point", "coordinates": [-2.11563, 53.54569]}}, {"type": "Feature", "properties": {"t": "2412-Other sport and recreation constructions"}, "geometry": {"type": "Point", "coordinates": [-2.11571, 53.54569]}}, {"type": "Feature", "properties": {"t": "2412-Other sport and recreation constructions"}, "geometry": {"type": "Point", "coordinates": [-2.11659, 53.54569]}}, {"type": "Feature", "properties": {"t": "2412-Other sport and recreation constructions"}, "geometry": {"type": "Point", "coordinates": [-2.11578, 53.54569]}}, {"type": "Feature", "properties": {"t": "2412-Other sport and recreation constructions"}, "geometry": {"type": "Point", "coordinates": [-2.11586, 53.5457]}}, {"type": "Feature", "properties": {"t": "2412-Other sport and recreation constructions"}, "geometry": {"type": "Point", "coordinates": [-2.11594, 53.5457]}}, {"type": "Feature", "properties": {"t": "2412-Other sport and recreation constructions"}, "geometry": {"type": "Point", "coordinates": [-2.11601, 53.5457]}}, {"type": "Feature", "properties": {"t": "2412-Other sport and recreation constructions"}, "geometry": {"type": "Point", "coordinates": [-2.11403, 53.54571]}}, {"type": "Feature", "properties": {"t": "2412-Other sport and recreation constructions"}, "geometry": {"type": "Point", "coordinates": [-2.11021, 53.54569]}}, {"type": "Feature", "properties": {"t": "2412-Other sport and recreation constructions"}, "geometry": {"type": "Point", "coordinates": [-2.10977, 53.54571]}}, {"type": "Feature", "properties": {"t": "2412-Other sport and recreation constructions"}, "geometry": {"type": "Point", "coordinates": [-2.11285, 53.54571]}}, {"type": "Feature", "properties": {"t": "2412-Other sport and recreation constructions"}, "geometry": {"type": "Point", "coordinates": [-2.11276, 53.54574]}}, {"type": "Feature", "properties": {"t": "2412-Other sport and recreation constructions"}, "geometry": {"type": "Point", "coordinates": [-2.11252, 53.54573]}}, {"type": "Feature", "properties": {"t": "2412-Other sport and recreation constructions"}, "geometry": {"type": "Point", "coordinates": [-2.10981, 53.54574]}}, {"type": "Feature", "properties": {"t": "2412-Other sport and recreation constructions"}, "geometry": {"type": "Point", "coordinates": [-2.11285, 53.54575]}}, {"type": "Feature", "properties": {"t": "2412-Other sport and recreation constructions"}, "geometry": {"type": "Point", "coordinates": [-2.10985, 53.54577]}}, {"type": "Feature", "properties": {"t": "2412-Other sport and recreation constructions"}, "geometry": {"type": "Point", "coordinates": [-2.11276, 53.54579]}}, {"type": "Feature", "properties": {"t": "2412-Other sport and recreation constructions"}, "geometry": {"type": "Point", "coordinates": [-2.11252, 53.5458]}}, {"type": "Feature", "properties": {"t": "2412-Other sport and recreation constructions"}, "geometry": {"type": "Point", "coordinates": [-2.11609, 53.54571]}}, {"type": "Feature", "properties": {"t": "2412-Other sport and recreation constructions"}, "geometry": {"type": "Point", "coordinates": [-2.1137, 53.54572]}}, {"type": "Feature", "properties": {"t": "2412-Other sport and recreation constructions"}, "geometry": {"type": "Point", "coordinates": [-2.11658, 53.54574]}}, {"type": "Feature", "properties": {"t": "2412-Other sport and recreation constructions"}, "geometry": {"type": "Point", "coordinates": [-2.1143, 53.54575]}}, {"type": "Feature", "properties": {"t": "2412-Other sport and recreation constructions"}, "geometry": {"type": "Point", "coordinates": [-2.11633, 53.54576]}}, {"type": "Feature", "properties": {"t": "2412-Other sport and recreation constructions"}, "geometry": {"type": "Point", "coordinates": [-2.11382, 53.54576]}}, {"type": "Feature", "properties": {"t": "2412-Other sport and recreation constructions"}, "geometry": {"type": "Point", "coordinates": [-2.11621, 53.54576]}}, {"type": "Feature", "properties": {"t": "2412-Other sport and recreation constructions"}, "geometry": {"type": "Point", "coordinates": [-2.11394, 53.5458]}}, {"type": "Feature", "properties": {"t": "2412-Other sport and recreation constructions"}, "geometry": {"type": "Point", "coordinates": [-2.11521, 53.54581]}}, {"type": "Feature", "properties": {"t": "2412-Other sport and recreation constructions"}, "geometry": {"type": "Point", "coordinates": [-2.11554, 53.54582]}}, {"type": "Feature", "properties": {"t": "2412-Other sport and recreation constructions"}, "geometry": {"type": "Point", "coordinates": [-2.12193, 53.54533]}}, {"type": "Feature", "properties": {"t": "2412-Other sport and recreation constructions"}, "geometry": {"type": "Point", "coordinates": [-2.12115, 53.54534]}}, {"type": "Feature", "properties": {"t": "2412-Other sport and recreation constructions"}, "geometry": {"type": "Point", "coordinates": [-2.12209, 53.54535]}}, {"type": "Feature", "properties": {"t": "2412-Other sport and recreation constructions"}, "geometry": {"type": "Point", "coordinates": [-2.12233, 53.54536]}}, {"type": "Feature", "properties": {"t": "2412-Other sport and recreation constructions"}, "geometry": {"type": "Point", "coordinates": [-2.12252, 53.54537]}}, {"type": "Feature", "properties": {"t": "2412-Other sport and recreation constructions"}, "geometry": {"type": "Point", "coordinates": [-2.12053, 53.54538]}}, {"type": "Feature", "properties": {"t": "2412-Other sport and recreation constructions"}, "geometry": {"type": "Point", "coordinates": [-2.12079, 53.54539]}}, {"type": "Feature", "properties": {"t": "2412-Other sport and recreation constructions"}, "geometry": {"type": "Point", "coordinates": [-2.12212, 53.54539]}}, {"type": "Feature", "properties": {"t": "2412-Other sport and recreation constructions"}, "geometry": {"type": "Point", "coordinates": [-2.12191, 53.5454]}}, {"type": "Feature", "properties": {"t": "2412-Other sport and recreation constructions"}, "geometry": {"type": "Point", "coordinates": [-2.12233, 53.5454]}}, {"type": "Feature", "properties": {"t": "2412-Other sport and recreation constructions"}, "geometry": {"type": "Point", "coordinates": [-2.12252, 53.54541]}}, {"type": "Feature", "properties": {"t": "2412-Other sport and recreation constructions"}, "geometry": {"type": "Point", "coordinates": [-2.12212, 53.54542]}}, {"type": "Feature", "properties": {"t": "2412-Other sport and recreation constructions"}, "geometry": {"type": "Point", "coordinates": [-2.12159, 53.54543]}}, {"type": "Feature", "properties": {"t": "2412-Other sport and recreation constructions"}, "geometry": {"type": "Point", "coordinates": [-2.12233, 53.54544]}}, {"type": "Feature", "properties": {"t": "2412-Other sport and recreation constructions"}, "geometry": {"type": "Point", "coordinates": [-2.12052, 53.54545]}}, {"type": "Feature", "properties": {"t": "2412-Other sport and recreation constructions"}, "geometry": {"type": "Point", "coordinates": [-2.12251, 53.54545]}}, {"type": "Feature", "properties": {"t": "2412-Other sport and recreation constructions"}, "geometry": {"type": "Point", "coordinates": [-2.12079, 53.54545]}}, {"type": "Feature", "properties": {"t": "2412-Other sport and recreation constructions"}, "geometry": {"type": "Point", "coordinates": [-2.12188, 53.54547]}}, {"type": "Feature", "properties": {"t": "2412-Other sport and recreation constructions"}, "geometry": {"type": "Point", "coordinates": [-2.12212, 53.54547]}}, {"type": "Feature", "properties": {"t": "2412-Other sport and recreation constructions"}, "geometry": {"type": "Point", "coordinates": [-2.12232, 53.54548]}}, {"type": "Feature", "properties": {"t": "2412-Other sport and recreation constructions"}, "geometry": {"type": "Point", "coordinates": [-2.12278, 53.54546]}}, {"type": "Feature", "properties": {"t": "2412-Other sport and recreation constructions"}, "geometry": {"type": "Point", "coordinates": [-2.12279, 53.5455]}}, {"type": "Feature", "properties": {"t": "2412-Other sport and recreation constructions"}, "geometry": {"type": "Point", "coordinates": [-2.12282, 53.54553]}}, {"type": "Feature", "properties": {"t": "2412-Other sport and recreation constructions"}, "geometry": {"type": "Point", "coordinates": [-2.12295, 53.54555]}}, {"type": "Feature", "properties": {"t": "2412-Other sport and recreation constructions"}, "geometry": {"type": "Point", "coordinates": [-2.12283, 53.54558]}}, {"type": "Feature", "properties": {"t": "2412-Other sport and recreation constructions"}, "geometry": {"type": "Point", "coordinates": [-2.12295, 53.54561]}}, {"type": "Feature", "properties": {"t": "2412-Other sport and recreation constructions"}, "geometry": {"type": "Point", "coordinates": [-2.1228, 53.54562]}}, {"type": "Feature", "properties": {"t": "2412-Other sport and recreation constructions"}, "geometry": {"type": "Point", "coordinates": [-2.12295, 53.54563]}}, {"type": "Feature", "properties": {"t": "2412-Other sport and recreation constructions"}, "geometry": {"type": "Point", "coordinates": [-2.12279, 53.54566]}}, {"type": "Feature", "properties": {"t": "2412-Other sport and recreation constructions"}, "geometry": {"type": "Point", "coordinates": [-2.12251, 53.54549]}}, {"type": "Feature", "properties": {"t": "2412-Other sport and recreation constructions"}, "geometry": {"type": "Point", "coordinates": [-2.12051, 53.5455]}}, {"type": "Feature", "properties": {"t": "2412-Other sport and recreation constructions"}, "geometry": {"type": "Point", "coordinates": [-2.12079, 53.54551]}}, {"type": "Feature", "properties": {"t": "2412-Other sport and recreation constructions"}, "geometry": {"type": "Point", "coordinates": [-2.12101, 53.54552]}}, {"type": "Feature", "properties": {"t": "2412-Other sport and recreation constructions"}, "geometry": {"type": "Point", "coordinates": [-2.12211, 53.54551]}}, {"type": "Feature", "properties": {"t": "2412-Other sport and recreation constructions"}, "geometry": {"type": "Point", "coordinates": [-2.12232, 53.54552]}}, {"type": "Feature", "properties": {"t": "2412-Other sport and recreation constructions"}, "geometry": {"type": "Point", "coordinates": [-2.12251, 53.54553]}}, {"type": "Feature", "properties": {"t": "2412-Other sport and recreation constructions"}, "geometry": {"type": "Point", "coordinates": [-2.12109, 53.54553]}}, {"type": "Feature", "properties": {"t": "2412-Other sport and recreation constructions"}, "geometry": {"type": "Point", "coordinates": [-2.12118, 53.54554]}}, {"type": "Feature", "properties": {"t": "2412-Other sport and recreation constructions"}, "geometry": {"type": "Point", "coordinates": [-2.12133, 53.54554]}}, {"type": "Feature", "properties": {"t": "2412-Other sport and recreation constructions"}, "geometry": {"type": "Point", "coordinates": [-2.1221, 53.54555]}}, {"type": "Feature", "properties": {"t": "2412-Other sport and recreation constructions"}, "geometry": {"type": "Point", "coordinates": [-2.12078, 53.54555]}}, {"type": "Feature", "properties": {"t": "2412-Other sport and recreation constructions"}, "geometry": {"type": "Point", "coordinates": [-2.12231, 53.54556]}}, {"type": "Feature", "properties": {"t": "2412-Other sport and recreation constructions"}, "geometry": {"type": "Point", "coordinates": [-2.12251, 53.54557]}}, {"type": "Feature", "properties": {"t": "2412-Other sport and recreation constructions"}, "geometry": {"type": "Point", "coordinates": [-2.12053, 53.54557]}}, {"type": "Feature", "properties": {"t": "2412-Other sport and recreation constructions"}, "geometry": {"type": "Point", "coordinates": [-2.12209, 53.54559]}}, {"type": "Feature", "properties": {"t": "2412-Other sport and recreation constructions"}, "geometry": {"type": "Point", "coordinates": [-2.1208, 53.54561]}}, {"type": "Feature", "properties": {"t": "2412-Other sport and recreation constructions"}, "geometry": {"type": "Point", "coordinates": [-2.12231, 53.5456]}}, {"type": "Feature", "properties": {"t": "2412-Other sport and recreation constructions"}, "geometry": {"type": "Point", "coordinates": [-2.12166, 53.5456]}}, {"type": "Feature", "properties": {"t": "2412-Other sport and recreation constructions"}, "geometry": {"type": "Point", "coordinates": [-2.1225, 53.54561]}}, {"type": "Feature", "properties": {"t": "2412-Other sport and recreation constructions"}, "geometry": {"type": "Point", "coordinates": [-2.12211, 53.54564]}}, {"type": "Feature", "properties": {"t": "2412-Other sport and recreation constructions"}, "geometry": {"type": "Point", "coordinates": [-2.1225, 53.54565]}}, {"type": "Feature", "properties": {"t": "2412-Other sport and recreation constructions"}, "geometry": {"type": "Point", "coordinates": [-2.12131, 53.54567]}}, {"type": "Feature", "properties": {"t": "2412-Other sport and recreation constructions"}, "geometry": {"type": "Point", "coordinates": [-2.12095, 53.54567]}}, {"type": "Feature", "properties": {"t": "2412-Other sport and recreation constructions"}, "geometry": {"type": "Point", "coordinates": [-2.12231, 53.54566]}}, {"type": "Feature", "properties": {"t": "2412-Other sport and recreation constructions"}, "geometry": {"type": "Point", "coordinates": [-2.12169, 53.54568]}}, {"type": "Feature", "properties": {"t": "2412-Other sport and recreation constructions"}, "geometry": {"type": "Point", "coordinates": [-2.12108, 53.54568]}}, {"type": "Feature", "properties": {"t": "2412-Other sport and recreation constructions"}, "geometry": {"type": "Point", "coordinates": [-2.12117, 53.54569]}}, {"type": "Feature", "properties": {"t": "2412-Other sport and recreation constructions"}, "geometry": {"type": "Point", "coordinates": [-2.12213, 53.54569]}}, {"type": "Feature", "properties": {"t": "2412-Other sport and recreation constructions"}, "geometry": {"type": "Point", "coordinates": [-2.1225, 53.54569]}}, {"type": "Feature", "properties": {"t": "2412-Other sport and recreation constructions"}, "geometry": {"type": "Point", "coordinates": [-2.11908, 53.54547]}}, {"type": "Feature", "properties": {"t": "2412-Other sport and recreation constructions"}, "geometry": {"type": "Point", "coordinates": [-2.11919, 53.54547]}}, {"type": "Feature", "properties": {"t": "2412-Other sport and recreation constructions"}, "geometry": {"type": "Point", "coordinates": [-2.11929, 53.54547]}}, {"type": "Feature", "properties": {"t": "2412-Other sport and recreation constructions"}, "geometry": {"type": "Point", "coordinates": [-2.11938, 53.54548]}}, {"type": "Feature", "properties": {"t": "2412-Other sport and recreation constructions"}, "geometry": {"type": "Point", "coordinates": [-2.1193, 53.54571]}}, {"type": "Feature", "properties": {"t": "2412-Other sport and recreation constructions"}, "geometry": {"type": "Point", "coordinates": [-2.11939, 53.54572]}}, {"type": "Feature", "properties": {"t": "2412-Other sport and recreation constructions"}, "geometry": {"type": "Point", "coordinates": [-2.11949, 53.54572]}}, {"type": "Feature", "properties": {"t": "2412-Other sport and recreation constructions"}, "geometry": {"type": "Point", "coordinates": [-2.1194, 53.54594]}}, {"type": "Feature", "properties": {"t": "2412-Other sport and recreation constructions"}, "geometry": {"type": "Point", "coordinates": [-2.11951, 53.54598]}}, {"type": "Feature", "properties": {"t": "2412-Other sport and recreation constructions"}, "geometry": {"type": "Point", "coordinates": [-2.11866, 53.54599]}}, {"type": "Feature", "properties": {"t": "2412-Other sport and recreation constructions"}, "geometry": {"type": "Point", "coordinates": [-2.12172, 53.54573]}}, {"type": "Feature", "properties": {"t": "2412-Other sport and recreation constructions"}, "geometry": {"type": "Point", "coordinates": [-2.12228, 53.54573]}}, {"type": "Feature", "properties": {"t": "2412-Other sport and recreation constructions"}, "geometry": {"type": "Point", "coordinates": [-2.12249, 53.54574]}}, {"type": "Feature", "properties": {"t": "2412-Other sport and recreation constructions"}, "geometry": {"type": "Point", "coordinates": [-2.12205, 53.54574]}}, {"type": "Feature", "properties": {"t": "2412-Other sport and recreation constructions"}, "geometry": {"type": "Point", "coordinates": [-2.12171, 53.54577]}}, {"type": "Feature", "properties": {"t": "2412-Other sport and recreation constructions"}, "geometry": {"type": "Point", "coordinates": [-2.12203, 53.54579]}}, {"type": "Feature", "properties": {"t": "2412-Other sport and recreation constructions"}, "geometry": {"type": "Point", "coordinates": [-2.12224, 53.5458]}}, {"type": "Feature", "properties": {"t": "2412-Other sport and recreation constructions"}, "geometry": {"type": "Point", "coordinates": [-2.12171, 53.54581]}}, {"type": "Feature", "properties": {"t": "2412-Other sport and recreation constructions"}, "geometry": {"type": "Point", "coordinates": [-2.122, 53.54583]}}, {"type": "Feature", "properties": {"t": "2412-Other sport and recreation constructions"}, "geometry": {"type": "Point", "coordinates": [-2.12221, 53.54584]}}, {"type": "Feature", "properties": {"t": "2412-Other sport and recreation constructions"}, "geometry": {"type": "Point", "coordinates": [-2.12295, 53.54568]}}, {"type": "Feature", "properties": {"t": "2412-Other sport and recreation constructions"}, "geometry": {"type": "Point", "coordinates": [-2.12278, 53.5457]}}, {"type": "Feature", "properties": {"t": "2412-Other sport and recreation constructions"}, "geometry": {"type": "Point", "coordinates": [-2.12295, 53.54572]}}, {"type": "Feature", "properties": {"t": "2412-Other sport and recreation constructions"}, "geometry": {"type": "Point", "coordinates": [-2.12276, 53.54577]}}, {"type": "Feature", "properties": {"t": "2412-Other sport and recreation constructions"}, "geometry": {"type": "Point", "coordinates": [-2.12292, 53.54579]}}, {"type": "Feature", "properties": {"t": "2412-Other sport and recreation constructions"}, "geometry": {"type": "Point", "coordinates": [-2.12275, 53.54585]}}, {"type": "Feature", "properties": {"t": "2412-Other sport and recreation constructions"}, "geometry": {"type": "Point", "coordinates": [-2.1229, 53.54583]}}, {"type": "Feature", "properties": {"t": "2412-Other sport and recreation constructions"}, "geometry": {"type": "Point", "coordinates": [-2.12288, 53.54588]}}, {"type": "Feature", "properties": {"t": "2412-Other sport and recreation constructions"}, "geometry": {"type": "Point", "coordinates": [-2.12271, 53.54591]}}, {"type": "Feature", "properties": {"t": "2412-Other sport and recreation constructions"}, "geometry": {"type": "Point", "coordinates": [-2.12286, 53.54594]}}, {"type": "Feature", "properties": {"t": "2412-Other sport and recreation constructions"}, "geometry": {"type": "Point", "coordinates": [-2.12274, 53.546]}}, {"type": "Feature", "properties": {"t": "2412-Other sport and recreation constructions"}, "geometry": {"type": "Point", "coordinates": [-2.12288, 53.54601]}}, {"type": "Feature", "properties": {"t": "2412-Other sport and recreation constructions"}, "geometry": {"type": "Point", "coordinates": [-2.12284, 53.54608]}}, {"type": "Feature", "properties": {"t": "2412-Other sport and recreation constructions"}, "geometry": {"type": "Point", "coordinates": [-2.12283, 53.54614]}}, {"type": "Feature", "properties": {"t": "2412-Other sport and recreation constructions"}, "geometry": {"type": "Point", "coordinates": [-2.12281, 53.5462]}}, {"type": "Feature", "properties": {"t": "2412-Other sport and recreation constructions"}, "geometry": {"type": "Point", "coordinates": [-2.10945, 53.54574]}}, {"type": "Feature", "properties": {"t": "2412-Other sport and recreation constructions"}, "geometry": {"type": "Point", "coordinates": [-2.10959, 53.54576]}}, {"type": "Feature", "properties": {"t": "2412-Other sport and recreation constructions"}, "geometry": {"type": "Point", "coordinates": [-2.10948, 53.54578]}}, {"type": "Feature", "properties": {"t": "2412-Other sport and recreation constructions"}, "geometry": {"type": "Point", "coordinates": [-2.10964, 53.54581]}}, {"type": "Feature", "properties": {"t": "2412-Other sport and recreation constructions"}, "geometry": {"type": "Point", "coordinates": [-2.10951, 53.54582]}}, {"type": "Feature", "properties": {"t": "2412-Other sport and recreation constructions"}, "geometry": {"type": "Point", "coordinates": [-2.10967, 53.54584]}}, {"type": "Feature", "properties": {"t": "2412-Other sport and recreation constructions"}, "geometry": {"type": "Point", "coordinates": [-2.10955, 53.54585]}}, {"type": "Feature", "properties": {"t": "2412-Other sport and recreation constructions"}, "geometry": {"type": "Point", "coordinates": [-2.10957, 53.54587]}}, {"type": "Feature", "properties": {"t": "2412-Other sport and recreation constructions"}, "geometry": {"type": "Point", "coordinates": [-2.10905, 53.54588]}}, {"type": "Feature", "properties": {"t": "2412-Other sport and recreation constructions"}, "geometry": {"type": "Point", "coordinates": [-2.10907, 53.54591]}}, {"type": "Feature", "properties": {"t": "2412-Other sport and recreation constructions"}, "geometry": {"type": "Point", "coordinates": [-2.11286, 53.5458]}}, {"type": "Feature", "properties": {"t": "2412-Other sport and recreation constructions"}, "geometry": {"type": "Point", "coordinates": [-2.10989, 53.54581]}}, {"type": "Feature", "properties": {"t": "2412-Other sport and recreation constructions"}, "geometry": {"type": "Point", "coordinates": [-2.11146, 53.54581]}}, {"type": "Feature", "properties": {"t": "2412-Other sport and recreation constructions"}, "geometry": {"type": "Point", "coordinates": [-2.11137, 53.54581]}}, {"type": "Feature", "properties": {"t": "2412-Other sport and recreation constructions"}, "geometry": {"type": "Point", "coordinates": [-2.11276, 53.54584]}}, {"type": "Feature", "properties": {"t": "2412-Other sport and recreation constructions"}, "geometry": {"type": "Point", "coordinates": [-2.11286, 53.54584]}}, {"type": "Feature", "properties": {"t": "2412-Other sport and recreation constructions"}, "geometry": {"type": "Point", "coordinates": [-2.10994, 53.54584]}}, {"type": "Feature", "properties": {"t": "2412-Other sport and recreation constructions"}, "geometry": {"type": "Point", "coordinates": [-2.11252, 53.54583]}}, {"type": "Feature", "properties": {"t": "2412-Other sport and recreation constructions"}, "geometry": {"type": "Point", "coordinates": [-2.11146, 53.54586]}}, {"type": "Feature", "properties": {"t": "2412-Other sport and recreation constructions"}, "geometry": {"type": "Point", "coordinates": [-2.11138, 53.54586]}}, {"type": "Feature", "properties": {"t": "2412-Other sport and recreation constructions"}, "geometry": {"type": "Point", "coordinates": [-2.11561, 53.54582]}}, {"type": "Feature", "properties": {"t": "2412-Other sport and recreation constructions"}, "geometry": {"type": "Point", "coordinates": [-2.11569, 53.54582]}}, {"type": "Feature", "properties": {"t": "2412-Other sport and recreation constructions"}, "geometry": {"type": "Point", "coordinates": [-2.11577, 53.54583]}}, {"type": "Feature", "properties": {"t": "2412-Other sport and recreation constructions"}, "geometry": {"type": "Point", "coordinates": [-2.11584, 53.54583]}}, {"type": "Feature", "properties": {"t": "2412-Other sport and recreation constructions"}, "geometry": {"type": "Point", "coordinates": [-2.11592, 53.54583]}}, {"type": "Feature", "properties": {"t": "2412-Other sport and recreation constructions"}, "geometry": {"type": "Point", "coordinates": [-2.11599, 53.54584]}}, {"type": "Feature", "properties": {"t": "2412-Other sport and recreation constructions"}, "geometry": {"type": "Point", "coordinates": [-2.11607, 53.54584]}}, {"type": "Feature", "properties": {"t": "2412-Other sport and recreation constructions"}, "geometry": {"type": "Point", "coordinates": [-2.11658, 53.54584]}}, {"type": "Feature", "properties": {"t": "2412-Other sport and recreation constructions"}, "geometry": {"type": "Point", "coordinates": [-2.11615, 53.54584]}}, {"type": "Feature", "properties": {"t": "2412-Other sport and recreation constructions"}, "geometry": {"type": "Point", "coordinates": [-2.11355, 53.54585]}}, {"type": "Feature", "properties": {"t": "2412-Other sport and recreation constructions"}, "geometry": {"type": "Point", "coordinates": [-2.10972, 53.54588]}}, {"type": "Feature", "properties": {"t": "2412-Other sport and recreation constructions"}, "geometry": {"type": "Point", "coordinates": [-2.11276, 53.5459]}}, {"type": "Feature", "properties": {"t": "2412-Other sport and recreation constructions"}, "geometry": {"type": "Point", "coordinates": [-2.11253, 53.54591]}}, {"type": "Feature", "properties": {"t": "2412-Other sport and recreation constructions"}, "geometry": {"type": "Point", "coordinates": [-2.10974, 53.54591]}}, {"type": "Feature", "properties": {"t": "2412-Other sport and recreation constructions"}, "geometry": {"type": "Point", "coordinates": [-2.11147, 53.54591]}}, {"type": "Feature", "properties": {"t": "2412-Other sport and recreation constructions"}, "geometry": {"type": "Point", "coordinates": [-2.11138, 53.54593]}}, {"type": "Feature", "properties": {"t": "2412-Other sport and recreation constructions"}, "geometry": {"type": "Point", "coordinates": [-2.11114, 53.54595]}}, {"type": "Feature", "properties": {"t": "2412-Other sport and recreation constructions"}, "geometry": {"type": "Point", "coordinates": [-2.1117, 53.54595]}}, {"type": "Feature", "properties": {"t": "2412-Other sport and recreation constructions"}, "geometry": {"type": "Point", "coordinates": [-2.11277, 53.54596]}}, {"type": "Feature", "properties": {"t": "2412-Other sport and recreation constructions"}, "geometry": {"type": "Point", "coordinates": [-2.11254, 53.54596]}}, {"type": "Feature", "properties": {"t": "2412-Other sport and recreation constructions"}, "geometry": {"type": "Point", "coordinates": [-2.1164, 53.54587]}}, {"type": "Feature", "properties": {"t": "2412-Other sport and recreation constructions"}, "geometry": {"type": "Point", "coordinates": [-2.11521, 53.54587]}}, {"type": "Feature", "properties": {"t": "2412-Other sport and recreation constructions"}, "geometry": {"type": "Point", "coordinates": [-2.11364, 53.54588]}}, {"type": "Feature", "properties": {"t": "2412-Other sport and recreation constructions"}, "geometry": {"type": "Point", "coordinates": [-2.11286, 53.54589]}}, {"type": "Feature", "properties": {"t": "2412-Other sport and recreation constructions"}, "geometry": {"type": "Point", "coordinates": [-2.11372, 53.5459]}}, {"type": "Feature", "properties": {"t": "2412-Other sport and recreation constructions"}, "geometry": {"type": "Point", "coordinates": [-2.11509, 53.5459]}}, {"type": "Feature", "properties": {"t": "2412-Other sport and recreation constructions"}, "geometry": {"type": "Point", "coordinates": [-2.1155, 53.54591]}}, {"type": "Feature", "properties": {"t": "2412-Other sport and recreation constructions"}, "geometry": {"type": "Point", "coordinates": [-2.11573, 53.54592]}}, {"type": "Feature", "properties": {"t": "2412-Other sport and recreation constructions"}, "geometry": {"type": "Point", "coordinates": [-2.1138, 53.54593]}}, {"type": "Feature", "properties": {"t": "2412-Other sport and recreation constructions"}, "geometry": {"type": "Point", "coordinates": [-2.11689, 53.54594]}}, {"type": "Feature", "properties": {"t": "2412-Other sport and recreation constructions"}, "geometry": {"type": "Point", "coordinates": [-2.11286, 53.54595]}}, {"type": "Feature", "properties": {"t": "2412-Other sport and recreation constructions"}, "geometry": {"type": "Point", "coordinates": [-2.11389, 53.54596]}}, {"type": "Feature", "properties": {"t": "2412-Other sport and recreation constructions"}, "geometry": {"type": "Point", "coordinates": [-2.1155, 53.54596]}}, {"type": "Feature", "properties": {"t": "2412-Other sport and recreation constructions"}, "geometry": {"type": "Point", "coordinates": [-2.11573, 53.54597]}}, {"type": "Feature", "properties": {"t": "2412-Other sport and recreation constructions"}, "geometry": {"type": "Point", "coordinates": [-2.11432, 53.54599]}}, {"type": "Feature", "properties": {"t": "2412-Other sport and recreation constructions"}, "geometry": {"type": "Point", "coordinates": [-2.11287, 53.54599]}}, {"type": "Feature", "properties": {"t": "2412-Other sport and recreation constructions"}, "geometry": {"type": "Point", "coordinates": [-2.11511, 53.546]}}, {"type": "Feature", "properties": {"t": "2412-Other sport and recreation constructions"}, "geometry": {"type": "Point", "coordinates": [-2.11549, 53.54601]}}, {"type": "Feature", "properties": {"t": "2412-Other sport and recreation constructions"}, "geometry": {"type": "Point", "coordinates": [-2.11521, 53.54601]}}, {"type": "Feature", "properties": {"t": "2412-Other sport and recreation constructions"}, "geometry": {"type": "Point", "coordinates": [-2.11572, 53.54602]}}, {"type": "Feature", "properties": {"t": "2412-Other sport and recreation constructions"}, "geometry": {"type": "Point", "coordinates": [-2.11148, 53.54597]}}, {"type": "Feature", "properties": {"t": "2412-Other sport and recreation constructions"}, "geometry": {"type": "Point", "coordinates": [-2.11138, 53.54599]}}, {"type": "Feature", "properties": {"t": "2412-Other sport and recreation constructions"}, "geometry": {"type": "Point", "coordinates": [-2.10968, 53.54599]}}, {"type": "Feature", "properties": {"t": "2412-Other sport and recreation constructions"}, "geometry": {"type": "Point", "coordinates": [-2.11277, 53.54601]}}, {"type": "Feature", "properties": {"t": "2412-Other sport and recreation constructions"}, "geometry": {"type": "Point", "coordinates": [-2.11254, 53.54602]}}, {"type": "Feature", "properties": {"t": "2412-Other sport and recreation constructions"}, "geometry": {"type": "Point", "coordinates": [-2.11148, 53.54604]}}, {"type": "Feature", "properties": {"t": "2412-Other sport and recreation constructions"}, "geometry": {"type": "Point", "coordinates": [-2.11138, 53.54604]}}, {"type": "Feature", "properties": {"t": "2412-Other sport and recreation constructions"}, "geometry": {"type": "Point", "coordinates": [-2.11277, 53.54606]}}, {"type": "Feature", "properties": {"t": "2412-Other sport and recreation constructions"}, "geometry": {"type": "Point", "coordinates": [-2.11254, 53.54606]}}, {"type": "Feature", "properties": {"t": "2412-Other sport and recreation constructions"}, "geometry": {"type": "Point", "coordinates": [-2.11148, 53.54609]}}, {"type": "Feature", "properties": {"t": "2412-Other sport and recreation constructions"}, "geometry": {"type": "Point", "coordinates": [-2.11287, 53.54604]}}, {"type": "Feature", "properties": {"t": "2412-Other sport and recreation constructions"}, "geometry": {"type": "Point", "coordinates": [-2.11588, 53.54604]}}, {"type": "Feature", "properties": {"t": "2412-Other sport and recreation constructions"}, "geometry": {"type": "Point", "coordinates": [-2.11596, 53.54604]}}, {"type": "Feature", "properties": {"t": "2412-Other sport and recreation constructions"}, "geometry": {"type": "Point", "coordinates": [-2.11603, 53.54604]}}, {"type": "Feature", "properties": {"t": "2412-Other sport and recreation constructions"}, "geometry": {"type": "Point", "coordinates": [-2.11611, 53.54605]}}, {"type": "Feature", "properties": {"t": "2412-Other sport and recreation constructions"}, "geometry": {"type": "Point", "coordinates": [-2.11618, 53.54605]}}, {"type": "Feature", "properties": {"t": "2412-Other sport and recreation constructions"}, "geometry": {"type": "Point", "coordinates": [-2.11548, 53.54605]}}, {"type": "Feature", "properties": {"t": "2412-Other sport and recreation constructions"}, "geometry": {"type": "Point", "coordinates": [-2.11626, 53.54605]}}, {"type": "Feature", "properties": {"t": "2412-Other sport and recreation constructions"}, "geometry": {"type": "Point", "coordinates": [-2.11634, 53.54606]}}, {"type": "Feature", "properties": {"t": "2412-Other sport and recreation constructions"}, "geometry": {"type": "Point", "coordinates": [-2.11572, 53.54606]}}, {"type": "Feature", "properties": {"t": "2412-Other sport and recreation constructions"}, "geometry": {"type": "Point", "coordinates": [-2.11641, 53.54606]}}, {"type": "Feature", "properties": {"t": "2412-Other sport and recreation constructions"}, "geometry": {"type": "Point", "coordinates": [-2.1165, 53.54607]}}, {"type": "Feature", "properties": {"t": "2412-Other sport and recreation constructions"}, "geometry": {"type": "Point", "coordinates": [-2.11533, 53.54607]}}, {"type": "Feature", "properties": {"t": "2412-Other sport and recreation constructions"}, "geometry": {"type": "Point", "coordinates": [-2.11287, 53.54608]}}, {"type": "Feature", "properties": {"t": "2412-Other sport and recreation constructions"}, "geometry": {"type": "Point", "coordinates": [-2.11548, 53.5461]}}, {"type": "Feature", "properties": {"t": "2412-Other sport and recreation constructions"}, "geometry": {"type": "Point", "coordinates": [-2.11571, 53.54611]}}, {"type": "Feature", "properties": {"t": "2412-Other sport and recreation constructions"}, "geometry": {"type": "Point", "coordinates": [-2.11583, 53.54613]}}, {"type": "Feature", "properties": {"t": "2412-Other sport and recreation constructions"}, "geometry": {"type": "Point", "coordinates": [-2.11287, 53.54613]}}, {"type": "Feature", "properties": {"t": "2412-Other sport and recreation constructions"}, "geometry": {"type": "Point", "coordinates": [-2.11547, 53.54614]}}, {"type": "Feature", "properties": {"t": "2412-Other sport and recreation constructions"}, "geometry": {"type": "Point", "coordinates": [-2.11571, 53.54615]}}, {"type": "Feature", "properties": {"t": "2412-Other sport and recreation constructions"}, "geometry": {"type": "Point", "coordinates": [-2.11875, 53.54599]}}, {"type": "Feature", "properties": {"t": "2412-Other sport and recreation constructions"}, "geometry": {"type": "Point", "coordinates": [-2.11939, 53.54599]}}, {"type": "Feature", "properties": {"t": "2412-Other sport and recreation constructions"}, "geometry": {"type": "Point", "coordinates": [-2.11885, 53.54599]}}, {"type": "Feature", "properties": {"t": "2412-Other sport and recreation constructions"}, "geometry": {"type": "Point", "coordinates": [-2.11894, 53.546]}}, {"type": "Feature", "properties": {"t": "2412-Other sport and recreation constructions"}, "geometry": {"type": "Point", "coordinates": [-2.11904, 53.546]}}, {"type": "Feature", "properties": {"t": "2412-Other sport and recreation constructions"}, "geometry": {"type": "Point", "coordinates": [-2.11938, 53.54605]}}, {"type": "Feature", "properties": {"t": "2412-Other sport and recreation constructions"}, "geometry": {"type": "Point", "coordinates": [-2.11702, 53.54616]}}, {"type": "Feature", "properties": {"t": "2412-Other sport and recreation constructions"}, "geometry": {"type": "Point", "coordinates": [-2.11877, 53.54622]}}, {"type": "Feature", "properties": {"t": "2412-Other sport and recreation constructions"}, "geometry": {"type": "Point", "coordinates": [-2.11886, 53.54623]}}, {"type": "Feature", "properties": {"t": "2412-Other sport and recreation constructions"}, "geometry": {"type": "Point", "coordinates": [-2.11893, 53.54623]}}, {"type": "Feature", "properties": {"t": "2412-Other sport and recreation constructions"}, "geometry": {"type": "Point", "coordinates": [-2.11139, 53.54609]}}, {"type": "Feature", "properties": {"t": "2412-Other sport and recreation constructions"}, "geometry": {"type": "Point", "coordinates": [-2.11278, 53.54611]}}, {"type": "Feature", "properties": {"t": "2412-Other sport and recreation constructions"}, "geometry": {"type": "Point", "coordinates": [-2.11255, 53.54612]}}, {"type": "Feature", "properties": {"t": "2412-Other sport and recreation constructions"}, "geometry": {"type": "Point", "coordinates": [-2.11148, 53.54614]}}, {"type": "Feature", "properties": {"t": "2412-Other sport and recreation constructions"}, "geometry": {"type": "Point", "coordinates": [-2.11139, 53.54614]}}, {"type": "Feature", "properties": {"t": "2412-Other sport and recreation constructions"}, "geometry": {"type": "Point", "coordinates": [-2.11275, 53.54618]}}, {"type": "Feature", "properties": {"t": "2412-Other sport and recreation constructions"}, "geometry": {"type": "Point", "coordinates": [-2.11254, 53.54617]}}, {"type": "Feature", "properties": {"t": "2412-Other sport and recreation constructions"}, "geometry": {"type": "Point", "coordinates": [-2.11149, 53.54618]}}, {"type": "Feature", "properties": {"t": "2412-Other sport and recreation constructions"}, "geometry": {"type": "Point", "coordinates": [-2.11139, 53.54619]}}, {"type": "Feature", "properties": {"t": "2412-Other sport and recreation constructions"}, "geometry": {"type": "Point", "coordinates": [-2.10975, 53.54621]}}, {"type": "Feature", "properties": {"t": "2412-Other sport and recreation constructions"}, "geometry": {"type": "Point", "coordinates": [-2.11288, 53.54617]}}, {"type": "Feature", "properties": {"t": "2412-Other sport and recreation constructions"}, "geometry": {"type": "Point", "coordinates": [-2.11616, 53.5462]}}, {"type": "Feature", "properties": {"t": "2412-Other sport and recreation constructions"}, "geometry": {"type": "Point", "coordinates": [-2.11624, 53.5462]}}, {"type": "Feature", "properties": {"t": "2412-Other sport and recreation constructions"}, "geometry": {"type": "Point", "coordinates": [-2.11288, 53.54621]}}, {"type": "Feature", "properties": {"t": "2412-Other sport and recreation constructions"}, "geometry": {"type": "Point", "coordinates": [-2.11288, 53.54626]}}, {"type": "Feature", "properties": {"t": "2412-Other sport and recreation constructions"}, "geometry": {"type": "Point", "coordinates": [-2.11288, 53.5463]}}, {"type": "Feature", "properties": {"t": "2412-Other sport and recreation constructions"}, "geometry": {"type": "Point", "coordinates": [-2.11531, 53.54634]}}, {"type": "Feature", "properties": {"t": "2412-Other sport and recreation constructions"}, "geometry": {"type": "Point", "coordinates": [-2.11296, 53.54637]}}, {"type": "Feature", "properties": {"t": "2412-Other sport and recreation constructions"}, "geometry": {"type": "Point", "coordinates": [-2.11675, 53.54638]}}, {"type": "Feature", "properties": {"t": "2412-Other sport and recreation constructions"}, "geometry": {"type": "Point", "coordinates": [-2.11692, 53.5464]}}, {"type": "Feature", "properties": {"t": "2412-Other sport and recreation constructions"}, "geometry": {"type": "Point", "coordinates": [-2.11149, 53.54623]}}, {"type": "Feature", "properties": {"t": "2412-Other sport and recreation constructions"}, "geometry": {"type": "Point", "coordinates": [-2.11139, 53.54623]}}, {"type": "Feature", "properties": {"t": "2412-Other sport and recreation constructions"}, "geometry": {"type": "Point", "coordinates": [-2.11277, 53.54624]}}, {"type": "Feature", "properties": {"t": "2412-Other sport and recreation constructions"}, "geometry": {"type": "Point", "coordinates": [-2.11256, 53.54625]}}, {"type": "Feature", "properties": {"t": "2412-Other sport and recreation constructions"}, "geometry": {"type": "Point", "coordinates": [-2.10979, 53.54626]}}, {"type": "Feature", "properties": {"t": "2412-Other sport and recreation constructions"}, "geometry": {"type": "Point", "coordinates": [-2.1128, 53.5463]}}, {"type": "Feature", "properties": {"t": "2412-Other sport and recreation constructions"}, "geometry": {"type": "Point", "coordinates": [-2.11256, 53.5463]}}, {"type": "Feature", "properties": {"t": "2412-Other sport and recreation constructions"}, "geometry": {"type": "Point", "coordinates": [-2.10984, 53.54631]}}, {"type": "Feature", "properties": {"t": "2412-Other sport and recreation constructions"}, "geometry": {"type": "Point", "coordinates": [-2.11281, 53.54635]}}, {"type": "Feature", "properties": {"t": "2412-Other sport and recreation constructions"}, "geometry": {"type": "Point", "coordinates": [-2.11257, 53.54636]}}, {"type": "Feature", "properties": {"t": "2412-Other sport and recreation constructions"}, "geometry": {"type": "Point", "coordinates": [-2.1195, 53.54637]}}, {"type": "Feature", "properties": {"t": "2412-Other sport and recreation constructions"}, "geometry": {"type": "Point", "coordinates": [-2.11772, 53.5464]}}, {"type": "Feature", "properties": {"t": "2412-Other sport and recreation constructions"}, "geometry": {"type": "Point", "coordinates": [-2.11779, 53.5464]}}, {"type": "Feature", "properties": {"t": "2412-Other sport and recreation constructions"}, "geometry": {"type": "Point", "coordinates": [-2.11786, 53.54641]}}, {"type": "Feature", "properties": {"t": "2412-Other sport and recreation constructions"}, "geometry": {"type": "Point", "coordinates": [-2.11793, 53.54641]}}, {"type": "Feature", "properties": {"t": "2412-Other sport and recreation constructions"}, "geometry": {"type": "Point", "coordinates": [-2.118, 53.54641]}}, {"type": "Feature", "properties": {"t": "2412-Other sport and recreation constructions"}, "geometry": {"type": "Point", "coordinates": [-2.11807, 53.54642]}}, {"type": "Feature", "properties": {"t": "2412-Other sport and recreation constructions"}, "geometry": {"type": "Point", "coordinates": [-2.11813, 53.54642]}}, {"type": "Feature", "properties": {"t": "2412-Other sport and recreation constructions"}, "geometry": {"type": "Point", "coordinates": [-2.1182, 53.54642]}}, {"type": "Feature", "properties": {"t": "2412-Other sport and recreation constructions"}, "geometry": {"type": "Point", "coordinates": [-2.11827, 53.54643]}}, {"type": "Feature", "properties": {"t": "2412-Other sport and recreation constructions"}, "geometry": {"type": "Point", "coordinates": [-2.10989, 53.54636]}}, {"type": "Feature", "properties": {"t": "2412-Other sport and recreation constructions"}, "geometry": {"type": "Point", "coordinates": [-2.11187, 53.54637]}}, {"type": "Feature", "properties": {"t": "2412-Other sport and recreation constructions"}, "geometry": {"type": "Point", "coordinates": [-2.11107, 53.54638]}}, {"type": "Feature", "properties": {"t": "2412-Other sport and recreation constructions"}, "geometry": {"type": "Point", "coordinates": [-2.11257, 53.5464]}}, {"type": "Feature", "properties": {"t": "2412-Other sport and recreation constructions"}, "geometry": {"type": "Point", "coordinates": [-2.11112, 53.54641]}}, {"type": "Feature", "properties": {"t": "2412-Other sport and recreation constructions"}, "geometry": {"type": "Point", "coordinates": [-2.11191, 53.54644]}}, {"type": "Feature", "properties": {"t": "2412-Other sport and recreation constructions"}, "geometry": {"type": "Point", "coordinates": [-2.11117, 53.54644]}}, {"type": "Feature", "properties": {"t": "2412-Other sport and recreation constructions"}, "geometry": {"type": "Point", "coordinates": [-2.10997, 53.54645]}}, {"type": "Feature", "properties": {"t": "2412-Other sport and recreation constructions"}, "geometry": {"type": "Point", "coordinates": [-2.11257, 53.54646]}}, {"type": "Feature", "properties": {"t": "2412-Other sport and recreation constructions"}, "geometry": {"type": "Point", "coordinates": [-2.11123, 53.54646]}}, {"type": "Feature", "properties": {"t": "2412-Other sport and recreation constructions"}, "geometry": {"type": "Point", "coordinates": [-2.11834, 53.54643]}}, {"type": "Feature", "properties": {"t": "2412-Other sport and recreation constructions"}, "geometry": {"type": "Point", "coordinates": [-2.11841, 53.54643]}}, {"type": "Feature", "properties": {"t": "2412-Other sport and recreation constructions"}, "geometry": {"type": "Point", "coordinates": [-2.11848, 53.54644]}}, {"type": "Feature", "properties": {"t": "2412-Other sport and recreation constructions"}, "geometry": {"type": "Point", "coordinates": [-2.11855, 53.54644]}}, {"type": "Feature", "properties": {"t": "2412-Other sport and recreation constructions"}, "geometry": {"type": "Point", "coordinates": [-2.11862, 53.54645]}}, {"type": "Feature", "properties": {"t": "2412-Other sport and recreation constructions"}, "geometry": {"type": "Point", "coordinates": [-2.11869, 53.54645]}}, {"type": "Feature", "properties": {"t": "2412-Other sport and recreation constructions"}, "geometry": {"type": "Point", "coordinates": [-2.11711, 53.54641]}}, {"type": "Feature", "properties": {"t": "2412-Other sport and recreation constructions"}, "geometry": {"type": "Point", "coordinates": [-2.11901, 53.54646]}}, {"type": "Feature", "properties": {"t": "2412-Other sport and recreation constructions"}, "geometry": {"type": "Point", "coordinates": [-2.11909, 53.54647]}}, {"type": "Feature", "properties": {"t": "2412-Other sport and recreation constructions"}, "geometry": {"type": "Point", "coordinates": [-2.11916, 53.54647]}}, {"type": "Feature", "properties": {"t": "2412-Other sport and recreation constructions"}, "geometry": {"type": "Point", "coordinates": [-2.1153, 53.5464]}}, {"type": "Feature", "properties": {"t": "2412-Other sport and recreation constructions"}, "geometry": {"type": "Point", "coordinates": [-2.11287, 53.5464]}}, {"type": "Feature", "properties": {"t": "2412-Other sport and recreation constructions"}, "geometry": {"type": "Point", "coordinates": [-2.11288, 53.54645]}}, {"type": "Feature", "properties": {"t": "2412-Other sport and recreation constructions"}, "geometry": {"type": "Point", "coordinates": [-2.11529, 53.54645]}}, {"type": "Feature", "properties": {"t": "2412-Other sport and recreation constructions"}, "geometry": {"type": "Point", "coordinates": [-2.11553, 53.54646]}}, {"type": "Feature", "properties": {"t": "2412-Other sport and recreation constructions"}, "geometry": {"type": "Point", "coordinates": [-2.11563, 53.54647]}}, {"type": "Feature", "properties": {"t": "2412-Other sport and recreation constructions"}, "geometry": {"type": "Point", "coordinates": [-2.11573, 53.54647]}}, {"type": "Feature", "properties": {"t": "2412-Other sport and recreation constructions"}, "geometry": {"type": "Point", "coordinates": [-2.11578, 53.54648]}}, {"type": "Feature", "properties": {"t": "2412-Other sport and recreation constructions"}, "geometry": {"type": "Point", "coordinates": [-2.11529, 53.54651]}}, {"type": "Feature", "properties": {"t": "2412-Other sport and recreation constructions"}, "geometry": {"type": "Point", "coordinates": [-2.11631, 53.54657]}}, {"type": "Feature", "properties": {"t": "2412-Other sport and recreation constructions"}, "geometry": {"type": "Point", "coordinates": [-2.11923, 53.54647]}}, {"type": "Feature", "properties": {"t": "2412-Other sport and recreation constructions"}, "geometry": {"type": "Point", "coordinates": [-2.1193, 53.54647]}}, {"type": "Feature", "properties": {"t": "2412-Other sport and recreation constructions"}, "geometry": {"type": "Point", "coordinates": [-2.11938, 53.54648]}}, {"type": "Feature", "properties": {"t": "2412-Other sport and recreation constructions"}, "geometry": {"type": "Point", "coordinates": [-2.11945, 53.54648]}}, {"type": "Feature", "properties": {"t": "2412-Other sport and recreation constructions"}, "geometry": {"type": "Point", "coordinates": [-2.11953, 53.54648]}}, {"type": "Feature", "properties": {"t": "2412-Other sport and recreation constructions"}, "geometry": {"type": "Point", "coordinates": [-2.1177, 53.54652]}}, {"type": "Feature", "properties": {"t": "2412-Other sport and recreation constructions"}, "geometry": {"type": "Point", "coordinates": [-2.11785, 53.54653]}}, {"type": "Feature", "properties": {"t": "2412-Other sport and recreation constructions"}, "geometry": {"type": "Point", "coordinates": [-2.11791, 53.54653]}}, {"type": "Feature", "properties": {"t": "2412-Other sport and recreation constructions"}, "geometry": {"type": "Point", "coordinates": [-2.11798, 53.54653]}}, {"type": "Feature", "properties": {"t": "2412-Other sport and recreation constructions"}, "geometry": {"type": "Point", "coordinates": [-2.11778, 53.54654]}}, {"type": "Feature", "properties": {"t": "2412-Other sport and recreation constructions"}, "geometry": {"type": "Point", "coordinates": [-2.11128, 53.54649]}}, {"type": "Feature", "properties": {"t": "2412-Other sport and recreation constructions"}, "geometry": {"type": "Point", "coordinates": [-2.11192, 53.54649]}}, {"type": "Feature", "properties": {"t": "2412-Other sport and recreation constructions"}, "geometry": {"type": "Point", "coordinates": [-2.11002, 53.5465]}}, {"type": "Feature", "properties": {"t": "2412-Other sport and recreation constructions"}, "geometry": {"type": "Point", "coordinates": [-2.11284, 53.5465]}}, {"type": "Feature", "properties": {"t": "2412-Other sport and recreation constructions"}, "geometry": {"type": "Point", "coordinates": [-2.11257, 53.5465]}}, {"type": "Feature", "properties": {"t": "2412-Other sport and recreation constructions"}, "geometry": {"type": "Point", "coordinates": [-2.11132, 53.54652]}}, {"type": "Feature", "properties": {"t": "2412-Other sport and recreation constructions"}, "geometry": {"type": "Point", "coordinates": [-2.11192, 53.54654]}}, {"type": "Feature", "properties": {"t": "2412-Other sport and recreation constructions"}, "geometry": {"type": "Point", "coordinates": [-2.11137, 53.54655]}}, {"type": "Feature", "properties": {"t": "2412-Other sport and recreation constructions"}, "geometry": {"type": "Point", "coordinates": [-2.11006, 53.54655]}}, {"type": "Feature", "properties": {"t": "2412-Other sport and recreation constructions"}, "geometry": {"type": "Point", "coordinates": [-2.11278, 53.54656]}}, {"type": "Feature", "properties": {"t": "2412-Other sport and recreation constructions"}, "geometry": {"type": "Point", "coordinates": [-2.11805, 53.54654]}}, {"type": "Feature", "properties": {"t": "2412-Other sport and recreation constructions"}, "geometry": {"type": "Point", "coordinates": [-2.11819, 53.54654]}}, {"type": "Feature", "properties": {"t": "2412-Other sport and recreation constructions"}, "geometry": {"type": "Point", "coordinates": [-2.11825, 53.54655]}}, {"type": "Feature", "properties": {"t": "2412-Other sport and recreation constructions"}, "geometry": {"type": "Point", "coordinates": [-2.11834, 53.54655]}}, {"type": "Feature", "properties": {"t": "2412-Other sport and recreation constructions"}, "geometry": {"type": "Point", "coordinates": [-2.11839, 53.54655]}}, {"type": "Feature", "properties": {"t": "2412-Other sport and recreation constructions"}, "geometry": {"type": "Point", "coordinates": [-2.11846, 53.54656]}}, {"type": "Feature", "properties": {"t": "2412-Other sport and recreation constructions"}, "geometry": {"type": "Point", "coordinates": [-2.11813, 53.54656]}}, {"type": "Feature", "properties": {"t": "2412-Other sport and recreation constructions"}, "geometry": {"type": "Point", "coordinates": [-2.11854, 53.54657]}}, {"type": "Feature", "properties": {"t": "2412-Other sport and recreation constructions"}, "geometry": {"type": "Point", "coordinates": [-2.11858, 53.54656]}}, {"type": "Feature", "properties": {"t": "2412-Other sport and recreation constructions"}, "geometry": {"type": "Point", "coordinates": [-2.119, 53.54658]}}, {"type": "Feature", "properties": {"t": "2412-Other sport and recreation constructions"}, "geometry": {"type": "Point", "coordinates": [-2.11257, 53.54657]}}, {"type": "Feature", "properties": {"t": "2412-Other sport and recreation constructions"}, "geometry": {"type": "Point", "coordinates": [-2.11142, 53.54657]}}, {"type": "Feature", "properties": {"t": "2412-Other sport and recreation constructions"}, "geometry": {"type": "Point", "coordinates": [-2.11166, 53.54659]}}, {"type": "Feature", "properties": {"t": "2412-Other sport and recreation constructions"}, "geometry": {"type": "Point", "coordinates": [-2.11011, 53.5466]}}, {"type": "Feature", "properties": {"t": "2412-Other sport and recreation constructions"}, "geometry": {"type": "Point", "coordinates": [-2.11148, 53.5466]}}, {"type": "Feature", "properties": {"t": "2412-Other sport and recreation constructions"}, "geometry": {"type": "Point", "coordinates": [-2.11189, 53.54661]}}, {"type": "Feature", "properties": {"t": "2412-Other sport and recreation constructions"}, "geometry": {"type": "Point", "coordinates": [-2.11152, 53.54663]}}, {"type": "Feature", "properties": {"t": "2412-Other sport and recreation constructions"}, "geometry": {"type": "Point", "coordinates": [-2.11016, 53.54665]}}, {"type": "Feature", "properties": {"t": "2412-Other sport and recreation constructions"}, "geometry": {"type": "Point", "coordinates": [-2.11158, 53.54666]}}, {"type": "Feature", "properties": {"t": "2412-Other sport and recreation constructions"}, "geometry": {"type": "Point", "coordinates": [-2.11163, 53.54668]}}, {"type": "Feature", "properties": {"t": "2412-Other sport and recreation constructions"}, "geometry": {"type": "Point", "coordinates": [-2.11643, 53.54658]}}, {"type": "Feature", "properties": {"t": "2412-Other sport and recreation constructions"}, "geometry": {"type": "Point", "coordinates": [-2.11528, 53.54657]}}, {"type": "Feature", "properties": {"t": "2412-Other sport and recreation constructions"}, "geometry": {"type": "Point", "coordinates": [-2.11649, 53.54659]}}, {"type": "Feature", "properties": {"t": "2412-Other sport and recreation constructions"}, "geometry": {"type": "Point", "coordinates": [-2.11675, 53.54659]}}, {"type": "Feature", "properties": {"t": "2412-Other sport and recreation constructions"}, "geometry": {"type": "Point", "coordinates": [-2.11528, 53.5466]}}, {"type": "Feature", "properties": {"t": "2412-Other sport and recreation constructions"}, "geometry": {"type": "Point", "coordinates": [-2.11407, 53.54667]}}, {"type": "Feature", "properties": {"t": "2412-Other sport and recreation constructions"}, "geometry": {"type": "Point", "coordinates": [-2.11622, 53.54669]}}, {"type": "Feature", "properties": {"t": "2412-Other sport and recreation constructions"}, "geometry": {"type": "Point", "coordinates": [-2.11404, 53.5467]}}, {"type": "Feature", "properties": {"t": "2412-Other sport and recreation constructions"}, "geometry": {"type": "Point", "coordinates": [-2.11386, 53.5467]}}, {"type": "Feature", "properties": {"t": "2412-Other sport and recreation constructions"}, "geometry": {"type": "Point", "coordinates": [-2.11706, 53.54671]}}, {"type": "Feature", "properties": {"t": "2412-Other sport and recreation constructions"}, "geometry": {"type": "Point", "coordinates": [-2.11678, 53.54672]}}, {"type": "Feature", "properties": {"t": "2412-Other sport and recreation constructions"}, "geometry": {"type": "Point", "coordinates": [-2.11651, 53.54673]}}, {"type": "Feature", "properties": {"t": "2412-Other sport and recreation constructions"}, "geometry": {"type": "Point", "coordinates": [-2.1139, 53.54673]}}, {"type": "Feature", "properties": {"t": "2412-Other sport and recreation constructions"}, "geometry": {"type": "Point", "coordinates": [-2.11402, 53.54674]}}, {"type": "Feature", "properties": {"t": "2412-Other sport and recreation constructions"}, "geometry": {"type": "Point", "coordinates": [-2.11531, 53.54675]}}, {"type": "Feature", "properties": {"t": "2412-Other sport and recreation constructions"}, "geometry": {"type": "Point", "coordinates": [-2.1154, 53.54676]}}, {"type": "Feature", "properties": {"t": "2412-Other sport and recreation constructions"}, "geometry": {"type": "Point", "coordinates": [-2.1155, 53.54676]}}, {"type": "Feature", "properties": {"t": "2412-Other sport and recreation constructions"}, "geometry": {"type": "Point", "coordinates": [-2.11559, 53.54677]}}, {"type": "Feature", "properties": {"t": "2412-Other sport and recreation constructions"}, "geometry": {"type": "Point", "coordinates": [-2.11619, 53.54677]}}, {"type": "Feature", "properties": {"t": "2412-Other sport and recreation constructions"}, "geometry": {"type": "Point", "coordinates": [-2.11569, 53.54677]}}, {"type": "Feature", "properties": {"t": "2412-Other sport and recreation constructions"}, "geometry": {"type": "Point", "coordinates": [-2.11907, 53.54659]}}, {"type": "Feature", "properties": {"t": "2412-Other sport and recreation constructions"}, "geometry": {"type": "Point", "coordinates": [-2.11915, 53.54659]}}, {"type": "Feature", "properties": {"t": "2412-Other sport and recreation constructions"}, "geometry": {"type": "Point", "coordinates": [-2.11921, 53.5466]}}, {"type": "Feature", "properties": {"t": "2412-Other sport and recreation constructions"}, "geometry": {"type": "Point", "coordinates": [-2.11929, 53.5466]}}, {"type": "Feature", "properties": {"t": "2412-Other sport and recreation constructions"}, "geometry": {"type": "Point", "coordinates": [-2.11937, 53.5466]}}, {"type": "Feature", "properties": {"t": "2412-Other sport and recreation constructions"}, "geometry": {"type": "Point", "coordinates": [-2.11944, 53.5466]}}, {"type": "Feature", "properties": {"t": "2412-Other sport and recreation constructions"}, "geometry": {"type": "Point", "coordinates": [-2.11953, 53.54661]}}, {"type": "Feature", "properties": {"t": "2412-Other sport and recreation constructions"}, "geometry": {"type": "Point", "coordinates": [-2.11707, 53.54678]}}, {"type": "Feature", "properties": {"t": "2412-Other sport and recreation constructions"}, "geometry": {"type": "Point", "coordinates": [-2.11706, 53.54683]}}, {"type": "Feature", "properties": {"t": "2412-Other sport and recreation constructions"}, "geometry": {"type": "Point", "coordinates": [-2.11706, 53.547]}}, {"type": "Feature", "properties": {"t": "2412-Other sport and recreation constructions"}, "geometry": {"type": "Point", "coordinates": [-2.11168, 53.54671]}}, {"type": "Feature", "properties": {"t": "2412-Other sport and recreation constructions"}, "geometry": {"type": "Point", "coordinates": [-2.11173, 53.54674]}}, {"type": "Feature", "properties": {"t": "2412-Other sport and recreation constructions"}, "geometry": {"type": "Point", "coordinates": [-2.11179, 53.54676]}}, {"type": "Feature", "properties": {"t": "2412-Other sport and recreation constructions"}, "geometry": {"type": "Point", "coordinates": [-2.11186, 53.54681]}}, {"type": "Feature", "properties": {"t": "2412-Other sport and recreation constructions"}, "geometry": {"type": "Point", "coordinates": [-2.11193, 53.54684]}}, {"type": "Feature", "properties": {"t": "2412-Other sport and recreation constructions"}, "geometry": {"type": "Point", "coordinates": [-2.11197, 53.54686]}}, {"type": "Feature", "properties": {"t": "2412-Other sport and recreation constructions"}, "geometry": {"type": "Point", "coordinates": [-2.11254, 53.54689]}}, {"type": "Feature", "properties": {"t": "2412-Other sport and recreation constructions"}, "geometry": {"type": "Point", "coordinates": [-2.11202, 53.5469]}}, {"type": "Feature", "properties": {"t": "2412-Other sport and recreation constructions"}, "geometry": {"type": "Point", "coordinates": [-2.11208, 53.54692]}}, {"type": "Feature", "properties": {"t": "2412-Other sport and recreation constructions"}, "geometry": {"type": "Point", "coordinates": [-2.11259, 53.54692]}}, {"type": "Feature", "properties": {"t": "2412-Other sport and recreation constructions"}, "geometry": {"type": "Point", "coordinates": [-2.11574, 53.54677]}}, {"type": "Feature", "properties": {"t": "2412-Other sport and recreation constructions"}, "geometry": {"type": "Point", "coordinates": [-2.11677, 53.54678]}}, {"type": "Feature", "properties": {"t": "2412-Other sport and recreation constructions"}, "geometry": {"type": "Point", "coordinates": [-2.114, 53.54678]}}, {"type": "Feature", "properties": {"t": "2412-Other sport and recreation constructions"}, "geometry": {"type": "Point", "coordinates": [-2.1164, 53.54682]}}, {"type": "Feature", "properties": {"t": "2412-Other sport and recreation constructions"}, "geometry": {"type": "Point", "coordinates": [-2.11435, 53.54686]}}, {"type": "Feature", "properties": {"t": "2412-Other sport and recreation constructions"}, "geometry": {"type": "Point", "coordinates": [-2.11449, 53.54688]}}, {"type": "Feature", "properties": {"t": "2412-Other sport and recreation constructions"}, "geometry": {"type": "Point", "coordinates": [-2.11431, 53.54693]}}, {"type": "Feature", "properties": {"t": "2412-Other sport and recreation constructions"}, "geometry": {"type": "Point", "coordinates": [-2.11643, 53.54693]}}, {"type": "Feature", "properties": {"t": "2412-Other sport and recreation constructions"}, "geometry": {"type": "Point", "coordinates": [-2.11661, 53.54694]}}, {"type": "Feature", "properties": {"t": "2412-Other sport and recreation constructions"}, "geometry": {"type": "Point", "coordinates": [-2.11445, 53.54695]}}, {"type": "Feature", "properties": {"t": "2412-Other sport and recreation constructions"}, "geometry": {"type": "Point", "coordinates": [-2.11265, 53.54695]}}, {"type": "Feature", "properties": {"t": "2412-Other sport and recreation constructions"}, "geometry": {"type": "Point", "coordinates": [-2.11216, 53.54698]}}, {"type": "Feature", "properties": {"t": "2412-Other sport and recreation constructions"}, "geometry": {"type": "Point", "coordinates": [-2.1121, 53.54698]}}, {"type": "Feature", "properties": {"t": "2412-Other sport and recreation constructions"}, "geometry": {"type": "Point", "coordinates": [-2.1127, 53.54698]}}, {"type": "Feature", "properties": {"t": "2412-Other sport and recreation constructions"}, "geometry": {"type": "Point", "coordinates": [-2.11222, 53.547]}}, {"type": "Feature", "properties": {"t": "2412-Other sport and recreation constructions"}, "geometry": {"type": "Point", "coordinates": [-2.11275, 53.54701]}}, {"type": "Feature", "properties": {"t": "2412-Other sport and recreation constructions"}, "geometry": {"type": "Point", "coordinates": [-2.11226, 53.54703]}}, {"type": "Feature", "properties": {"t": "2412-Other sport and recreation constructions"}, "geometry": {"type": "Point", "coordinates": [-2.11282, 53.54705]}}, {"type": "Feature", "properties": {"t": "2412-Other sport and recreation constructions"}, "geometry": {"type": "Point", "coordinates": [-2.11232, 53.54706]}}, {"type": "Feature", "properties": {"t": "2412-Other sport and recreation constructions"}, "geometry": {"type": "Point", "coordinates": [-2.11236, 53.54708]}}, {"type": "Feature", "properties": {"t": "2412-Other sport and recreation constructions"}, "geometry": {"type": "Point", "coordinates": [-2.11691, 53.54696]}}, {"type": "Feature", "properties": {"t": "2412-Other sport and recreation constructions"}, "geometry": {"type": "Point", "coordinates": [-2.11427, 53.54699]}}, {"type": "Feature", "properties": {"t": "2412-Other sport and recreation constructions"}, "geometry": {"type": "Point", "coordinates": [-2.11346, 53.54701]}}, {"type": "Feature", "properties": {"t": "2412-Other sport and recreation constructions"}, "geometry": {"type": "Point", "coordinates": [-2.11441, 53.54702]}}, {"type": "Feature", "properties": {"t": "2412-Other sport and recreation constructions"}, "geometry": {"type": "Point", "coordinates": [-2.11654, 53.54703]}}, {"type": "Feature", "properties": {"t": "2412-Other sport and recreation constructions"}, "geometry": {"type": "Point", "coordinates": [-2.11354, 53.54706]}}, {"type": "Feature", "properties": {"t": "2412-Other sport and recreation constructions"}, "geometry": {"type": "Point", "coordinates": [-2.11423, 53.54707]}}, {"type": "Feature", "properties": {"t": "2412-Other sport and recreation constructions"}, "geometry": {"type": "Point", "coordinates": [-2.1169, 53.54706]}}, {"type": "Feature", "properties": {"t": "2412-Other sport and recreation constructions"}, "geometry": {"type": "Point", "coordinates": [-2.11668, 53.5471]}}, {"type": "Feature", "properties": {"t": "2412-Other sport and recreation constructions"}, "geometry": {"type": "Point", "coordinates": [-2.11289, 53.54709]}}, {"type": "Feature", "properties": {"t": "2412-Other sport and recreation constructions"}, "geometry": {"type": "Point", "coordinates": [-2.11362, 53.5471]}}, {"type": "Feature", "properties": {"t": "2412-Other sport and recreation constructions"}, "geometry": {"type": "Point", "coordinates": [-2.11678, 53.5471]}}, {"type": "Feature", "properties": {"t": "2412-Other sport and recreation constructions"}, "geometry": {"type": "Point", "coordinates": [-2.11327, 53.54711]}}, {"type": "Feature", "properties": {"t": "2412-Other sport and recreation constructions"}, "geometry": {"type": "Point", "coordinates": [-2.11295, 53.54712]}}, {"type": "Feature", "properties": {"t": "2412-Other sport and recreation constructions"}, "geometry": {"type": "Point", "coordinates": [-2.1137, 53.54714]}}, {"type": "Feature", "properties": {"t": "2412-Other sport and recreation constructions"}, "geometry": {"type": "Point", "coordinates": [-2.113, 53.54715]}}, {"type": "Feature", "properties": {"t": "2412-Other sport and recreation constructions"}, "geometry": {"type": "Point", "coordinates": [-2.11339, 53.54717]}}, {"type": "Feature", "properties": {"t": "2412-Other sport and recreation constructions"}, "geometry": {"type": "Point", "coordinates": [-2.11306, 53.54718]}}, {"type": "Feature", "properties": {"t": "2412-Other sport and recreation constructions"}, "geometry": {"type": "Point", "coordinates": [-2.11379, 53.54719]}}, {"type": "Feature", "properties": {"t": "2412-Other sport and recreation constructions"}, "geometry": {"type": "Point", "coordinates": [-2.11344, 53.5472]}}, {"type": "Feature", "properties": {"t": "2412-Other sport and recreation constructions"}, "geometry": {"type": "Point", "coordinates": [-2.11153, 53.5471]}}, {"type": "Feature", "properties": {"t": "2412-Other sport and recreation constructions"}, "geometry": {"type": "Point", "coordinates": [-2.11242, 53.54711]}}, {"type": "Feature", "properties": {"t": "2412-Other sport and recreation constructions"}, "geometry": {"type": "Point", "coordinates": [-2.11157, 53.54713]}}, {"type": "Feature", "properties": {"t": "2412-Other sport and recreation constructions"}, "geometry": {"type": "Point", "coordinates": [-2.11246, 53.54714]}}, {"type": "Feature", "properties": {"t": "2412-Other sport and recreation constructions"}, "geometry": {"type": "Point", "coordinates": [-2.11163, 53.54716]}}, {"type": "Feature", "properties": {"t": "2412-Other sport and recreation constructions"}, "geometry": {"type": "Point", "coordinates": [-2.11144, 53.54716]}}, {"type": "Feature", "properties": {"t": "2412-Other sport and recreation constructions"}, "geometry": {"type": "Point", "coordinates": [-2.11252, 53.54717]}}, {"type": "Feature", "properties": {"t": "2412-Other sport and recreation constructions"}, "geometry": {"type": "Point", "coordinates": [-2.11168, 53.54718]}}, {"type": "Feature", "properties": {"t": "2412-Other sport and recreation constructions"}, "geometry": {"type": "Point", "coordinates": [-2.1115, 53.54719]}}, {"type": "Feature", "properties": {"t": "2412-Other sport and recreation constructions"}, "geometry": {"type": "Point", "coordinates": [-2.11256, 53.54719]}}, {"type": "Feature", "properties": {"t": "2412-Other sport and recreation constructions"}, "geometry": {"type": "Point", "coordinates": [-2.11899, 53.54623]}}, {"type": "Feature", "properties": {"t": "2412-Other sport and recreation constructions"}, "geometry": {"type": "Point", "coordinates": [-2.11906, 53.54624]}}, {"type": "Feature", "properties": {"t": "2412-Other sport and recreation constructions"}, "geometry": {"type": "Point", "coordinates": [-2.11912, 53.54624]}}, {"type": "Feature", "properties": {"t": "2412-Other sport and recreation constructions"}, "geometry": {"type": "Point", "coordinates": [-2.11918, 53.54624]}}, {"type": "Feature", "properties": {"t": "2412-Other sport and recreation constructions"}, "geometry": {"type": "Point", "coordinates": [-2.11924, 53.54625]}}, {"type": "Feature", "properties": {"t": "2412-Other sport and recreation constructions"}, "geometry": {"type": "Point", "coordinates": [-2.11931, 53.54625]}}, {"type": "Feature", "properties": {"t": "2412-Other sport and recreation constructions"}, "geometry": {"type": "Point", "coordinates": [-2.11937, 53.54626]}}, {"type": "Feature", "properties": {"t": "2412-Other sport and recreation constructions"}, "geometry": {"type": "Point", "coordinates": [-2.11943, 53.54626]}}, {"type": "Feature", "properties": {"t": "2412-Other sport and recreation constructions"}, "geometry": {"type": "Point", "coordinates": [-2.11949, 53.54626]}}, {"type": "Feature", "properties": {"t": "2412-Other sport and recreation constructions"}, "geometry": {"type": "Point", "coordinates": [-2.11879, 53.54634]}}, {"type": "Feature", "properties": {"t": "2412-Other sport and recreation constructions"}, "geometry": {"type": "Point", "coordinates": [-2.11885, 53.54634]}}, {"type": "Feature", "properties": {"t": "2412-Other sport and recreation constructions"}, "geometry": {"type": "Point", "coordinates": [-2.11892, 53.54634]}}, {"type": "Feature", "properties": {"t": "2412-Other sport and recreation constructions"}, "geometry": {"type": "Point", "coordinates": [-2.11898, 53.54635]}}, {"type": "Feature", "properties": {"t": "2412-Other sport and recreation constructions"}, "geometry": {"type": "Point", "coordinates": [-2.11905, 53.54635]}}, {"type": "Feature", "properties": {"t": "2412-Other sport and recreation constructions"}, "geometry": {"type": "Point", "coordinates": [-2.11911, 53.54635]}}, {"type": "Feature", "properties": {"t": "2412-Other sport and recreation constructions"}, "geometry": {"type": "Point", "coordinates": [-2.11917, 53.54636]}}, {"type": "Feature", "properties": {"t": "2412-Other sport and recreation constructions"}, "geometry": {"type": "Point", "coordinates": [-2.11924, 53.54636]}}, {"type": "Feature", "properties": {"t": "2412-Other sport and recreation constructions"}, "geometry": {"type": "Point", "coordinates": [-2.1193, 53.54636]}}, {"type": "Feature", "properties": {"t": "2412-Other sport and recreation constructions"}, "geometry": {"type": "Point", "coordinates": [-2.11937, 53.54636]}}, {"type": "Feature", "properties": {"t": "2412-Other sport and recreation constructions"}, "geometry": {"type": "Point", "coordinates": [-2.11943, 53.54637]}}, {"type": "Feature", "properties": {"t": "2412-Other sport and recreation constructions"}, "geometry": {"type": "Point", "coordinates": [-2.12273, 53.54628]}}, {"type": "Feature", "properties": {"t": "2412-Other sport and recreation constructions"}, "geometry": {"type": "Point", "coordinates": [-2.12248, 53.54585]}}, {"type": "Feature", "properties": {"t": "2412-Other sport and recreation constructions"}, "geometry": {"type": "Point", "coordinates": [-2.1217, 53.54585]}}, {"type": "Feature", "properties": {"t": "2412-Other sport and recreation constructions"}, "geometry": {"type": "Point", "coordinates": [-2.12197, 53.54587]}}, {"type": "Feature", "properties": {"t": "2412-Other sport and recreation constructions"}, "geometry": {"type": "Point", "coordinates": [-2.1217, 53.54587]}}, {"type": "Feature", "properties": {"t": "2412-Other sport and recreation constructions"}, "geometry": {"type": "Point", "coordinates": [-2.12219, 53.54589]}}, {"type": "Feature", "properties": {"t": "2412-Other sport and recreation constructions"}, "geometry": {"type": "Point", "coordinates": [-2.12216, 53.54593]}}, {"type": "Feature", "properties": {"t": "2412-Other sport and recreation constructions"}, "geometry": {"type": "Point", "coordinates": [-2.12246, 53.54597]}}, {"type": "Feature", "properties": {"t": "2412-Other sport and recreation constructions"}, "geometry": {"type": "Point", "coordinates": [-2.12251, 53.54612]}}, {"type": "Feature", "properties": {"t": "2412-Other sport and recreation constructions"}, "geometry": {"type": "Point", "coordinates": [-2.12133, 53.56123]}}, {"type": "Feature", "properties": {"t": "2411-Sports grounds"}, "geometry": {"type": "Point", "coordinates": [-2.12261, 53.56222]}}, {"type": "Feature", "properties": {"t": "2412-Other sport and recreation constructions"}, "geometry": {"type": "Point", "coordinates": [-2.11967, 53.55076]}}, {"type": "Feature", "properties": {"t": "2412-Other sport and recreation constructions"}, "geometry": {"type": "Point", "coordinates": [-2.11784, 53.56395]}}, {"type": "Feature", "properties": {"t": "2412-Other sport and recreation constructions"}, "geometry": {"type": "Point", "coordinates": [-2.11795, 53.564]}}, {"type": "Feature", "properties": {"t": "2412-Other sport and recreation constructions"}, "geometry": {"type": "Point", "coordinates": [-2.11761, 53.56402]}}, {"type": "Feature", "properties": {"t": "2412-Other sport and recreation constructions"}, "geometry": {"type": "Point", "coordinates": [-2.11754, 53.56408]}}, {"type": "Feature", "properties": {"t": "2412-Other sport and recreation constructions"}, "geometry": {"type": "Point", "coordinates": [-2.1184, 53.56416]}}, {"type": "Feature", "properties": {"t": "2412-Other sport and recreation constructions"}, "geometry": {"type": "Point", "coordinates": [-2.11808, 53.56421]}}, {"type": "Feature", "properties": {"t": "2412-Other sport and recreation constructions"}, "geometry": {"type": "Point", "coordinates": [-2.11857, 53.56423]}}, {"type": "Feature", "properties": {"t": "2412-Other sport and recreation constructions"}, "geometry": {"type": "Point", "coordinates": [-2.11832, 53.56423]}}, {"type": "Feature", "properties": {"t": "2412-Other sport and recreation constructions"}, "geometry": {"type": "Point", "coordinates": [-2.11826, 53.56428]}}, {"type": "Feature", "properties": {"t": "2412-Other sport and recreation constructions"}, "geometry": {"type": "Point", "coordinates": [-2.12301, 53.56407]}}, {"type": "Feature", "properties": {"t": "2412-Other sport and recreation constructions"}, "geometry": {"type": "Point", "coordinates": [-2.12097, 53.56371]}}, {"type": "Feature", "properties": {"t": "2412-Other sport and recreation constructions"}, "geometry": {"type": "Point", "coordinates": [-2.12078, 53.56375]}}, {"type": "Feature", "properties": {"t": "2412-Other sport and recreation constructions"}, "geometry": {"type": "Point", "coordinates": [-2.12116, 53.56382]}}, {"type": "Feature", "properties": {"t": "2412-Other sport and recreation constructions"}, "geometry": {"type": "Point", "coordinates": [-2.12102, 53.56393]}}, {"type": "Feature", "properties": {"t": "2412-Other sport and recreation constructions"}, "geometry": {"type": "Point", "coordinates": [-2.12021, 53.56449]}}, {"type": "Feature", "properties": {"t": "2412-Other sport and recreation constructions"}, "geometry": {"type": "Point", "coordinates": [-2.12052, 53.56459]}}, {"type": "Feature", "properties": {"t": "2412-Other sport and recreation constructions"}, "geometry": {"type": "Point", "coordinates": [-2.12061, 53.56463]}}, {"type": "Feature", "properties": {"t": "2412-Other sport and recreation constructions"}, "geometry": {"type": "Point", "coordinates": [-2.12215, 53.56463]}}, {"type": "Feature", "properties": {"t": "2412-Other sport and recreation constructions"}, "geometry": {"type": "Point", "coordinates": [-2.12026, 53.56465]}}, {"type": "Feature", "properties": {"t": "2412-Other sport and recreation constructions"}, "geometry": {"type": "Point", "coordinates": [-2.12217, 53.56468]}}, {"type": "Feature", "properties": {"t": "2412-Other sport and recreation constructions"}, "geometry": {"type": "Point", "coordinates": [-2.118, 53.56428]}}, {"type": "Feature", "properties": {"t": "2412-Other sport and recreation constructions"}, "geometry": {"type": "Point", "coordinates": [-2.11873, 53.56429]}}, {"type": "Feature", "properties": {"t": "2412-Other sport and recreation constructions"}, "geometry": {"type": "Point", "coordinates": [-2.11849, 53.56429]}}, {"type": "Feature", "properties": {"t": "2412-Other sport and recreation constructions"}, "geometry": {"type": "Point", "coordinates": [-2.11842, 53.56435]}}, {"type": "Feature", "properties": {"t": "2412-Other sport and recreation constructions"}, "geometry": {"type": "Point", "coordinates": [-2.1189, 53.56436]}}, {"type": "Feature", "properties": {"t": "2412-Other sport and recreation constructions"}, "geometry": {"type": "Point", "coordinates": [-2.11859, 53.56442]}}, {"type": "Feature", "properties": {"t": "2412-Other sport and recreation constructions"}, "geometry": {"type": "Point", "coordinates": [-2.11882, 53.56443]}}, {"type": "Feature", "properties": {"t": "2412-Other sport and recreation constructions"}, "geometry": {"type": "Point", "coordinates": [-2.12003, 53.56448]}}, {"type": "Feature", "properties": {"t": "2412-Other sport and recreation constructions"}, "geometry": {"type": "Point", "coordinates": [-2.11876, 53.56449]}}, {"type": "Feature", "properties": {"t": "2412-Other sport and recreation constructions"}, "geometry": {"type": "Point", "coordinates": [-2.11851, 53.56449]}}, {"type": "Feature", "properties": {"t": "2412-Other sport and recreation constructions"}, "geometry": {"type": "Point", "coordinates": [-2.11995, 53.5645]}}, {"type": "Feature", "properties": {"t": "2412-Other sport and recreation constructions"}, "geometry": {"type": "Point", "coordinates": [-2.1193, 53.56452]}}, {"type": "Feature", "properties": {"t": "2412-Other sport and recreation constructions"}, "geometry": {"type": "Point", "coordinates": [-2.11892, 53.56455]}}, {"type": "Feature", "properties": {"t": "2412-Other sport and recreation constructions"}, "geometry": {"type": "Point", "coordinates": [-2.11868, 53.56456]}}, {"type": "Feature", "properties": {"t": "2412-Other sport and recreation constructions"}, "geometry": {"type": "Point", "coordinates": [-2.11924, 53.56457]}}, {"type": "Feature", "properties": {"t": "2412-Other sport and recreation constructions"}, "geometry": {"type": "Point", "coordinates": [-2.11949, 53.56458]}}, {"type": "Feature", "properties": {"t": "2412-Other sport and recreation constructions"}, "geometry": {"type": "Point", "coordinates": [-2.11986, 53.56459]}}, {"type": "Feature", "properties": {"t": "2412-Other sport and recreation constructions"}, "geometry": {"type": "Point", "coordinates": [-2.12014, 53.56459]}}, {"type": "Feature", "properties": {"t": "2412-Other sport and recreation constructions"}, "geometry": {"type": "Point", "coordinates": [-2.11861, 53.56461]}}, {"type": "Feature", "properties": {"t": "2412-Other sport and recreation constructions"}, "geometry": {"type": "Point", "coordinates": [-2.11884, 53.56463]}}, {"type": "Feature", "properties": {"t": "2412-Other sport and recreation constructions"}, "geometry": {"type": "Point", "coordinates": [-2.11943, 53.56463]}}, {"type": "Feature", "properties": {"t": "2412-Other sport and recreation constructions"}, "geometry": {"type": "Point", "coordinates": [-2.11967, 53.56463]}}, {"type": "Feature", "properties": {"t": "2412-Other sport and recreation constructions"}, "geometry": {"type": "Point", "coordinates": [-2.11961, 53.56469]}}, {"type": "Feature", "properties": {"t": "2412-Other sport and recreation constructions"}, "geometry": {"type": "Point", "coordinates": [-2.11986, 53.56471]}}, {"type": "Feature", "properties": {"t": "2412-Other sport and recreation constructions"}, "geometry": {"type": "Point", "coordinates": [-2.11855, 53.56471]}}, {"type": "Feature", "properties": {"t": "2412-Other sport and recreation constructions"}, "geometry": {"type": "Point", "coordinates": [-2.11824, 53.56472]}}, {"type": "Feature", "properties": {"t": "2412-Other sport and recreation constructions"}, "geometry": {"type": "Point", "coordinates": [-2.12014, 53.56474]}}, {"type": "Feature", "properties": {"t": "2412-Other sport and recreation constructions"}, "geometry": {"type": "Point", "coordinates": [-2.11982, 53.56477]}}, {"type": "Feature", "properties": {"t": "2412-Other sport and recreation constructions"}, "geometry": {"type": "Point", "coordinates": [-2.11867, 53.56476]}}, {"type": "Feature", "properties": {"t": "2412-Other sport and recreation constructions"}, "geometry": {"type": "Point", "coordinates": [-2.11835, 53.56477]}}, {"type": "Feature", "properties": {"t": "2412-Other sport and recreation constructions"}, "geometry": {"type": "Point", "coordinates": [-2.12073, 53.56468]}}, {"type": "Feature", "properties": {"t": "2412-Other sport and recreation constructions"}, "geometry": {"type": "Point", "coordinates": [-2.12035, 53.56468]}}, {"type": "Feature", "properties": {"t": "2412-Other sport and recreation constructions"}, "geometry": {"type": "Point", "coordinates": [-2.12164, 53.5647]}}, {"type": "Feature", "properties": {"t": "2412-Other sport and recreation constructions"}, "geometry": {"type": "Point", "coordinates": [-2.12219, 53.56471]}}, {"type": "Feature", "properties": {"t": "2412-Other sport and recreation constructions"}, "geometry": {"type": "Point", "coordinates": [-2.12082, 53.56472]}}, {"type": "Feature", "properties": {"t": "2412-Other sport and recreation constructions"}, "geometry": {"type": "Point", "coordinates": [-2.12166, 53.56473]}}, {"type": "Feature", "properties": {"t": "2412-Other sport and recreation constructions"}, "geometry": {"type": "Point", "coordinates": [-2.12222, 53.56475]}}, {"type": "Feature", "properties": {"t": "2412-Other sport and recreation constructions"}, "geometry": {"type": "Point", "coordinates": [-2.12168, 53.56476]}}, {"type": "Feature", "properties": {"t": "2412-Other sport and recreation constructions"}, "geometry": {"type": "Point", "coordinates": [-2.12154, 53.56477]}}, {"type": "Feature", "properties": {"t": "2412-Other sport and recreation constructions"}, "geometry": {"type": "Point", "coordinates": [-2.12023, 53.56478]}}, {"type": "Feature", "properties": {"t": "2412-Other sport and recreation constructions"}, "geometry": {"type": "Point", "coordinates": [-2.11844, 53.56481]}}, {"type": "Feature", "properties": {"t": "2412-Other sport and recreation constructions"}, "geometry": {"type": "Point", "coordinates": [-2.11812, 53.56482]}}, {"type": "Feature", "properties": {"t": "2412-Other sport and recreation constructions"}, "geometry": {"type": "Point", "coordinates": [-2.12002, 53.56484]}}, {"type": "Feature", "properties": {"t": "2412-Other sport and recreation constructions"}, "geometry": {"type": "Point", "coordinates": [-2.11856, 53.56486]}}, {"type": "Feature", "properties": {"t": "2412-Other sport and recreation constructions"}, "geometry": {"type": "Point", "coordinates": [-2.12012, 53.56488]}}, {"type": "Feature", "properties": {"t": "2412-Other sport and recreation constructions"}, "geometry": {"type": "Point", "coordinates": [-2.11822, 53.56488]}}, {"type": "Feature", "properties": {"t": "2412-Other sport and recreation constructions"}, "geometry": {"type": "Point", "coordinates": [-2.11832, 53.56492]}}, {"type": "Feature", "properties": {"t": "2412-Other sport and recreation constructions"}, "geometry": {"type": "Point", "coordinates": [-2.118, 53.56493]}}, {"type": "Feature", "properties": {"t": "2412-Other sport and recreation constructions"}, "geometry": {"type": "Point", "coordinates": [-2.11896, 53.56494]}}, {"type": "Feature", "properties": {"t": "2412-Other sport and recreation constructions"}, "geometry": {"type": "Point", "coordinates": [-2.11949, 53.56496]}}, {"type": "Feature", "properties": {"t": "2412-Other sport and recreation constructions"}, "geometry": {"type": "Point", "coordinates": [-2.12039, 53.56479]}}, {"type": "Feature", "properties": {"t": "2412-Other sport and recreation constructions"}, "geometry": {"type": "Point", "coordinates": [-2.1217, 53.5648]}}, {"type": "Feature", "properties": {"t": "2412-Other sport and recreation constructions"}, "geometry": {"type": "Point", "coordinates": [-2.12158, 53.5648]}}, {"type": "Feature", "properties": {"t": "2412-Other sport and recreation constructions"}, "geometry": {"type": "Point", "coordinates": [-2.12159, 53.56484]}}, {"type": "Feature", "properties": {"t": "2412-Other sport and recreation constructions"}, "geometry": {"type": "Point", "coordinates": [-2.12162, 53.56487]}}, {"type": "Feature", "properties": {"t": "2412-Other sport and recreation constructions"}, "geometry": {"type": "Point", "coordinates": [-2.12026, 53.56488]}}, {"type": "Feature", "properties": {"t": "2412-Other sport and recreation constructions"}, "geometry": {"type": "Point", "coordinates": [-2.12162, 53.56492]}}, {"type": "Feature", "properties": {"t": "2412-Other sport and recreation constructions"}, "geometry": {"type": "Point", "coordinates": [-2.12028, 53.56503]}}, {"type": "Feature", "properties": {"t": "2412-Other sport and recreation constructions"}, "geometry": {"type": "Point", "coordinates": [-2.12123, 53.56505]}}, {"type": "Feature", "properties": {"t": "2412-Other sport and recreation constructions"}, "geometry": {"type": "Point", "coordinates": [-2.12109, 53.56522]}}, {"type": "Feature", "properties": {"t": "2412-Other sport and recreation constructions"}, "geometry": {"type": "Point", "coordinates": [-2.08736, 53.54957]}}, {"type": "Feature", "properties": {"t": "2412-Other sport and recreation constructions"}, "geometry": {"type": "Point", "coordinates": [-2.08847, 53.54959]}}, {"type": "Feature", "properties": {"t": "2412-Other sport and recreation constructions"}, "geometry": {"type": "Point", "coordinates": [-2.08631, 53.54959]}}, {"type": "Feature", "properties": {"t": "2412-Other sport and recreation constructions"}, "geometry": {"type": "Point", "coordinates": [-2.08641, 53.54962]}}, {"type": "Feature", "properties": {"t": "2412-Other sport and recreation constructions"}, "geometry": {"type": "Point", "coordinates": [-2.08756, 53.54962]}}, {"type": "Feature", "properties": {"t": "2412-Other sport and recreation constructions"}, "geometry": {"type": "Point", "coordinates": [-2.08852, 53.54962]}}, {"type": "Feature", "properties": {"t": "2412-Other sport and recreation constructions"}, "geometry": {"type": "Point", "coordinates": [-2.08832, 53.54963]}}, {"type": "Feature", "properties": {"t": "2412-Other sport and recreation constructions"}, "geometry": {"type": "Point", "coordinates": [-2.08732, 53.54963]}}, {"type": "Feature", "properties": {"t": "2412-Other sport and recreation constructions"}, "geometry": {"type": "Point", "coordinates": [-2.0865, 53.54964]}}, {"type": "Feature", "properties": {"t": "2412-Other sport and recreation constructions"}, "geometry": {"type": "Point", "coordinates": [-2.08857, 53.54966]}}, {"type": "Feature", "properties": {"t": "2412-Other sport and recreation constructions"}, "geometry": {"type": "Point", "coordinates": [-2.08833, 53.54967]}}, {"type": "Feature", "properties": {"t": "2412-Other sport and recreation constructions"}, "geometry": {"type": "Point", "coordinates": [-2.08861, 53.54969]}}, {"type": "Feature", "properties": {"t": "2412-Other sport and recreation constructions"}, "geometry": {"type": "Point", "coordinates": [-2.08752, 53.54969]}}, {"type": "Feature", "properties": {"t": "2412-Other sport and recreation constructions"}, "geometry": {"type": "Point", "coordinates": [-2.08839, 53.54969]}}, {"type": "Feature", "properties": {"t": "2412-Other sport and recreation constructions"}, "geometry": {"type": "Point", "coordinates": [-2.08661, 53.54968]}}, {"type": "Feature", "properties": {"t": "2412-Other sport and recreation constructions"}, "geometry": {"type": "Point", "coordinates": [-2.08865, 53.54972]}}, {"type": "Feature", "properties": {"t": "2412-Other sport and recreation constructions"}, "geometry": {"type": "Point", "coordinates": [-2.08727, 53.54971]}}, {"type": "Feature", "properties": {"t": "2412-Other sport and recreation constructions"}, "geometry": {"type": "Point", "coordinates": [-2.08843, 53.54972]}}, {"type": "Feature", "properties": {"t": "2412-Other sport and recreation constructions"}, "geometry": {"type": "Point", "coordinates": [-2.08633, 53.54973]}}, {"type": "Feature", "properties": {"t": "2412-Other sport and recreation constructions"}, "geometry": {"type": "Point", "coordinates": [-2.08869, 53.54975]}}, {"type": "Feature", "properties": {"t": "2412-Other sport and recreation constructions"}, "geometry": {"type": "Point", "coordinates": [-2.08642, 53.54975]}}, {"type": "Feature", "properties": {"t": "2412-Other sport and recreation constructions"}, "geometry": {"type": "Point", "coordinates": [-2.08848, 53.54975]}}, {"type": "Feature", "properties": {"t": "2412-Other sport and recreation constructions"}, "geometry": {"type": "Point", "coordinates": [-2.08748, 53.54977]}}, {"type": "Feature", "properties": {"t": "2412-Other sport and recreation constructions"}, "geometry": {"type": "Point", "coordinates": [-2.08723, 53.54978]}}, {"type": "Feature", "properties": {"t": "2412-Other sport and recreation constructions"}, "geometry": {"type": "Point", "coordinates": [-2.08873, 53.54977]}}, {"type": "Feature", "properties": {"t": "2412-Other sport and recreation constructions"}, "geometry": {"type": "Point", "coordinates": [-2.08653, 53.54978]}}, {"type": "Feature", "properties": {"t": "2412-Other sport and recreation constructions"}, "geometry": {"type": "Point", "coordinates": [-2.08852, 53.54978]}}, {"type": "Feature", "properties": {"t": "2412-Other sport and recreation constructions"}, "geometry": {"type": "Point", "coordinates": [-2.08877, 53.5498]}}, {"type": "Feature", "properties": {"t": "2412-Other sport and recreation constructions"}, "geometry": {"type": "Point", "coordinates": [-2.08856, 53.54981]}}, {"type": "Feature", "properties": {"t": "2412-Other sport and recreation constructions"}, "geometry": {"type": "Point", "coordinates": [-2.08628, 53.54981]}}, {"type": "Feature", "properties": {"t": "2412-Other sport and recreation constructions"}, "geometry": {"type": "Point", "coordinates": [-2.08881, 53.54983]}}, {"type": "Feature", "properties": {"t": "2412-Other sport and recreation constructions"}, "geometry": {"type": "Point", "coordinates": [-2.08743, 53.54984]}}, {"type": "Feature", "properties": {"t": "2412-Other sport and recreation constructions"}, "geometry": {"type": "Point", "coordinates": [-2.08861, 53.54984]}}, {"type": "Feature", "properties": {"t": "2412-Other sport and recreation constructions"}, "geometry": {"type": "Point", "coordinates": [-2.08638, 53.54985]}}, {"type": "Feature", "properties": {"t": "2412-Other sport and recreation constructions"}, "geometry": {"type": "Point", "coordinates": [-2.08717, 53.54984]}}, {"type": "Feature", "properties": {"t": "2412-Other sport and recreation constructions"}, "geometry": {"type": "Point", "coordinates": [-2.08865, 53.54987]}}, {"type": "Feature", "properties": {"t": "2412-Other sport and recreation constructions"}, "geometry": {"type": "Point", "coordinates": [-2.08648, 53.54988]}}, {"type": "Feature", "properties": {"t": "2412-Other sport and recreation constructions"}, "geometry": {"type": "Point", "coordinates": [-2.08738, 53.5499]}}, {"type": "Feature", "properties": {"t": "2412-Other sport and recreation constructions"}, "geometry": {"type": "Point", "coordinates": [-2.08658, 53.5499]}}, {"type": "Feature", "properties": {"t": "2412-Other sport and recreation constructions"}, "geometry": {"type": "Point", "coordinates": [-2.08869, 53.5499]}}, {"type": "Feature", "properties": {"t": "2412-Other sport and recreation constructions"}, "geometry": {"type": "Point", "coordinates": [-2.08712, 53.54991]}}, {"type": "Feature", "properties": {"t": "2412-Other sport and recreation constructions"}, "geometry": {"type": "Point", "coordinates": [-2.08668, 53.54993]}}, {"type": "Feature", "properties": {"t": "2412-Other sport and recreation constructions"}, "geometry": {"type": "Point", "coordinates": [-2.08678, 53.54995]}}, {"type": "Feature", "properties": {"t": "2412-Other sport and recreation constructions"}, "geometry": {"type": "Point", "coordinates": [-2.0863, 53.54996]}}, {"type": "Feature", "properties": {"t": "2412-Other sport and recreation constructions"}, "geometry": {"type": "Point", "coordinates": [-2.08688, 53.54997]}}, {"type": "Feature", "properties": {"t": "2412-Other sport and recreation constructions"}, "geometry": {"type": "Point", "coordinates": [-2.08733, 53.54997]}}, {"type": "Feature", "properties": {"t": "2412-Other sport and recreation constructions"}, "geometry": {"type": "Point", "coordinates": [-2.0864, 53.54998]}}, {"type": "Feature", "properties": {"t": "2412-Other sport and recreation constructions"}, "geometry": {"type": "Point", "coordinates": [-2.0871, 53.54999]}}, {"type": "Feature", "properties": {"t": "2412-Other sport and recreation constructions"}, "geometry": {"type": "Point", "coordinates": [-2.08701, 53.55002]}}, {"type": "Feature", "properties": {"t": "2412-Other sport and recreation constructions"}, "geometry": {"type": "Point", "coordinates": [-2.08649, 53.55001]}}, {"type": "Feature", "properties": {"t": "2412-Other sport and recreation constructions"}, "geometry": {"type": "Point", "coordinates": [-2.08619, 53.54979]}}, {"type": "Feature", "properties": {"t": "2412-Other sport and recreation constructions"}, "geometry": {"type": "Point", "coordinates": [-2.08595, 53.54983]}}, {"type": "Feature", "properties": {"t": "2412-Other sport and recreation constructions"}, "geometry": {"type": "Point", "coordinates": [-2.08611, 53.5499]}}, {"type": "Feature", "properties": {"t": "2412-Other sport and recreation constructions"}, "geometry": {"type": "Point", "coordinates": [-2.0862, 53.54993]}}, {"type": "Feature", "properties": {"t": "2412-Other sport and recreation constructions"}, "geometry": {"type": "Point", "coordinates": [-2.08614, 53.55025]}}, {"type": "Feature", "properties": {"t": "2412-Other sport and recreation constructions"}, "geometry": {"type": "Point", "coordinates": [-2.08622, 53.55039]}}, {"type": "Feature", "properties": {"t": "2412-Other sport and recreation constructions"}, "geometry": {"type": "Point", "coordinates": [-2.08615, 53.55039]}}, {"type": "Feature", "properties": {"t": "2412-Other sport and recreation constructions"}, "geometry": {"type": "Point", "coordinates": [-2.08609, 53.55039]}}, {"type": "Feature", "properties": {"t": "2411-Sports grounds"}, "geometry": {"type": "Point", "coordinates": [-2.08146, 53.5504]}}, {"type": "Feature", "properties": {"t": "2412-Other sport and recreation constructions"}, "geometry": {"type": "Point", "coordinates": [-2.086, 53.5504]}}, {"type": "Feature", "properties": {"t": "2412-Other sport and recreation constructions"}, "geometry": {"type": "Point", "coordinates": [-2.08659, 53.55004]}}, {"type": "Feature", "properties": {"t": "2412-Other sport and recreation constructions"}, "geometry": {"type": "Point", "coordinates": [-2.08728, 53.55004]}}, {"type": "Feature", "properties": {"t": "2412-Other sport and recreation constructions"}, "geometry": {"type": "Point", "coordinates": [-2.08669, 53.55007]}}, {"type": "Feature", "properties": {"t": "2412-Other sport and recreation constructions"}, "geometry": {"type": "Point", "coordinates": [-2.08679, 53.55009]}}, {"type": "Feature", "properties": {"t": "2412-Other sport and recreation constructions"}, "geometry": {"type": "Point", "coordinates": [-2.08709, 53.55015]}}, {"type": "Feature", "properties": {"t": "2412-Other sport and recreation constructions"}, "geometry": {"type": "Point", "coordinates": [-2.0869, 53.55032]}}, {"type": "Feature", "properties": {"t": "2412-Other sport and recreation constructions"}, "geometry": {"type": "Point", "coordinates": [-2.08715, 53.55036]}}, {"type": "Feature", "properties": {"t": "2412-Other sport and recreation constructions"}, "geometry": {"type": "Point", "coordinates": [-2.0869, 53.55036]}}, {"type": "Feature", "properties": {"t": "2412-Other sport and recreation constructions"}, "geometry": {"type": "Point", "coordinates": [-2.08687, 53.55038]}}, {"type": "Feature", "properties": {"t": "2412-Other sport and recreation constructions"}, "geometry": {"type": "Point", "coordinates": [-2.0865, 53.55038]}}, {"type": "Feature", "properties": {"t": "2412-Other sport and recreation constructions"}, "geometry": {"type": "Point", "coordinates": [-2.08643, 53.55038]}}, {"type": "Feature", "properties": {"t": "2412-Other sport and recreation constructions"}, "geometry": {"type": "Point", "coordinates": [-2.08636, 53.55039]}}, {"type": "Feature", "properties": {"t": "2412-Other sport and recreation constructions"}, "geometry": {"type": "Point", "coordinates": [-2.08629, 53.55039]}}, {"type": "Feature", "properties": {"t": "2412-Other sport and recreation constructions"}, "geometry": {"type": "Point", "coordinates": [-2.08664, 53.55038]}}, {"type": "Feature", "properties": {"t": "2412-Other sport and recreation constructions"}, "geometry": {"type": "Point", "coordinates": [-2.08712, 53.5504]}}, {"type": "Feature", "properties": {"t": "2412-Other sport and recreation constructions"}, "geometry": {"type": "Point", "coordinates": [-2.08735, 53.55041]}}, {"type": "Feature", "properties": {"t": "2412-Other sport and recreation constructions"}, "geometry": {"type": "Point", "coordinates": [-2.08684, 53.55041]}}, {"type": "Feature", "properties": {"t": "2412-Other sport and recreation constructions"}, "geometry": {"type": "Point", "coordinates": [-2.08709, 53.55044]}}, {"type": "Feature", "properties": {"t": "2412-Other sport and recreation constructions"}, "geometry": {"type": "Point", "coordinates": [-2.08681, 53.55044]}}, {"type": "Feature", "properties": {"t": "2412-Other sport and recreation constructions"}, "geometry": {"type": "Point", "coordinates": [-2.08732, 53.55044]}}, {"type": "Feature", "properties": {"t": "2412-Other sport and recreation constructions"}, "geometry": {"type": "Point", "coordinates": [-2.08754, 53.55045]}}, {"type": "Feature", "properties": {"t": "2412-Other sport and recreation constructions"}, "geometry": {"type": "Point", "coordinates": [-2.08706, 53.55047]}}, {"type": "Feature", "properties": {"t": "2412-Other sport and recreation constructions"}, "geometry": {"type": "Point", "coordinates": [-2.08663, 53.55048]}}, {"type": "Feature", "properties": {"t": "2412-Other sport and recreation constructions"}, "geometry": {"type": "Point", "coordinates": [-2.0868, 53.55048]}}, {"type": "Feature", "properties": {"t": "2412-Other sport and recreation constructions"}, "geometry": {"type": "Point", "coordinates": [-2.08729, 53.55048]}}, {"type": "Feature", "properties": {"t": "2412-Other sport and recreation constructions"}, "geometry": {"type": "Point", "coordinates": [-2.08751, 53.55049]}}, {"type": "Feature", "properties": {"t": "2412-Other sport and recreation constructions"}, "geometry": {"type": "Point", "coordinates": [-2.08652, 53.5505]}}, {"type": "Feature", "properties": {"t": "2412-Other sport and recreation constructions"}, "geometry": {"type": "Point", "coordinates": [-2.08704, 53.5505]}}, {"type": "Feature", "properties": {"t": "2412-Other sport and recreation constructions"}, "geometry": {"type": "Point", "coordinates": [-2.08645, 53.5505]}}, {"type": "Feature", "properties": {"t": "2412-Other sport and recreation constructions"}, "geometry": {"type": "Point", "coordinates": [-2.08638, 53.55051]}}, {"type": "Feature", "properties": {"t": "2412-Other sport and recreation constructions"}, "geometry": {"type": "Point", "coordinates": [-2.08631, 53.55051]}}, {"type": "Feature", "properties": {"t": "2412-Other sport and recreation constructions"}, "geometry": {"type": "Point", "coordinates": [-2.08678, 53.55051]}}, {"type": "Feature", "properties": {"t": "2412-Other sport and recreation constructions"}, "geometry": {"type": "Point", "coordinates": [-2.08727, 53.55052]}}, {"type": "Feature", "properties": {"t": "2412-Other sport and recreation constructions"}, "geometry": {"type": "Point", "coordinates": [-2.08748, 53.55053]}}, {"type": "Feature", "properties": {"t": "2412-Other sport and recreation constructions"}, "geometry": {"type": "Point", "coordinates": [-2.08701, 53.55054]}}, {"type": "Feature", "properties": {"t": "2412-Other sport and recreation constructions"}, "geometry": {"type": "Point", "coordinates": [-2.08724, 53.55055]}}, {"type": "Feature", "properties": {"t": "2412-Other sport and recreation constructions"}, "geometry": {"type": "Point", "coordinates": [-2.08745, 53.55056]}}, {"type": "Feature", "properties": {"t": "2412-Other sport and recreation constructions"}, "geometry": {"type": "Point", "coordinates": [-2.08698, 53.55057]}}, {"type": "Feature", "properties": {"t": "2412-Other sport and recreation constructions"}, "geometry": {"type": "Point", "coordinates": [-2.08721, 53.55059]}}, {"type": "Feature", "properties": {"t": "2412-Other sport and recreation constructions"}, "geometry": {"type": "Point", "coordinates": [-2.08744, 53.5506]}}, {"type": "Feature", "properties": {"t": "2412-Other sport and recreation constructions"}, "geometry": {"type": "Point", "coordinates": [-2.08623, 53.55051]}}, {"type": "Feature", "properties": {"t": "2412-Other sport and recreation constructions"}, "geometry": {"type": "Point", "coordinates": [-2.08616, 53.55051]}}, {"type": "Feature", "properties": {"t": "2412-Other sport and recreation constructions"}, "geometry": {"type": "Point", "coordinates": [-2.08609, 53.55051]}}, {"type": "Feature", "properties": {"t": "2412-Other sport and recreation constructions"}, "geometry": {"type": "Point", "coordinates": [-2.08602, 53.55052]}}, {"type": "Feature", "properties": {"t": "2412-Other sport and recreation constructions"}, "geometry": {"type": "Point", "coordinates": [-2.08009, 53.55058]}}, {"type": "Feature", "properties": {"t": "2412-Other sport and recreation constructions"}, "geometry": {"type": "Point", "coordinates": [-2.08253, 53.55089]}}, {"type": "Feature", "properties": {"t": "2411-Sports grounds"}, "geometry": {"type": "Point", "coordinates": [-2.08105, 53.55098]}}, {"type": "Feature", "properties": {"t": "2412-Other sport and recreation constructions"}, "geometry": {"type": "Point", "coordinates": [-2.08244, 53.55105]}}, {"type": "Feature", "properties": {"t": "2412-Other sport and recreation constructions"}, "geometry": {"type": "Point", "coordinates": [-2.08623, 53.55118]}}, {"type": "Feature", "properties": {"t": "2412-Other sport and recreation constructions"}, "geometry": {"type": "Point", "coordinates": [-2.0862, 53.55122]}}, {"type": "Feature", "properties": {"t": "2412-Other sport and recreation constructions"}, "geometry": {"type": "Point", "coordinates": [-2.08718, 53.55063]}}, {"type": "Feature", "properties": {"t": "2412-Other sport and recreation constructions"}, "geometry": {"type": "Point", "coordinates": [-2.0874, 53.55064]}}, {"type": "Feature", "properties": {"t": "2412-Other sport and recreation constructions"}, "geometry": {"type": "Point", "coordinates": [-2.08673, 53.55066]}}, {"type": "Feature", "properties": {"t": "2412-Other sport and recreation constructions"}, "geometry": {"type": "Point", "coordinates": [-2.08737, 53.55067]}}, {"type": "Feature", "properties": {"t": "2412-Other sport and recreation constructions"}, "geometry": {"type": "Point", "coordinates": [-2.08669, 53.55068]}}, {"type": "Feature", "properties": {"t": "2412-Other sport and recreation constructions"}, "geometry": {"type": "Point", "coordinates": [-2.08661, 53.55069]}}, {"type": "Feature", "properties": {"t": "2412-Other sport and recreation constructions"}, "geometry": {"type": "Point", "coordinates": [-2.08688, 53.5507]}}, {"type": "Feature", "properties": {"t": "2412-Other sport and recreation constructions"}, "geometry": {"type": "Point", "coordinates": [-2.08733, 53.55071]}}, {"type": "Feature", "properties": {"t": "2412-Other sport and recreation constructions"}, "geometry": {"type": "Point", "coordinates": [-2.08664, 53.55072]}}, {"type": "Feature", "properties": {"t": "2412-Other sport and recreation constructions"}, "geometry": {"type": "Point", "coordinates": [-2.08749, 53.55073]}}, {"type": "Feature", "properties": {"t": "2412-Other sport and recreation constructions"}, "geometry": {"type": "Point", "coordinates": [-2.08685, 53.55074]}}, {"type": "Feature", "properties": {"t": "2412-Other sport and recreation constructions"}, "geometry": {"type": "Point", "coordinates": [-2.08661, 53.55075]}}, {"type": "Feature", "properties": {"t": "2412-Other sport and recreation constructions"}, "geometry": {"type": "Point", "coordinates": [-2.08759, 53.55075]}}, {"type": "Feature", "properties": {"t": "2412-Other sport and recreation constructions"}, "geometry": {"type": "Point", "coordinates": [-2.08741, 53.55076]}}, {"type": "Feature", "properties": {"t": "2412-Other sport and recreation constructions"}, "geometry": {"type": "Point", "coordinates": [-2.08682, 53.55077]}}, {"type": "Feature", "properties": {"t": "2412-Other sport and recreation constructions"}, "geometry": {"type": "Point", "coordinates": [-2.08731, 53.55077]}}, {"type": "Feature", "properties": {"t": "2412-Other sport and recreation constructions"}, "geometry": {"type": "Point", "coordinates": [-2.08766, 53.55078]}}, {"type": "Feature", "properties": {"t": "2412-Other sport and recreation constructions"}, "geometry": {"type": "Point", "coordinates": [-2.0866, 53.55078]}}, {"type": "Feature", "properties": {"t": "2412-Other sport and recreation constructions"}, "geometry": {"type": "Point", "coordinates": [-2.08774, 53.5508]}}, {"type": "Feature", "properties": {"t": "2412-Other sport and recreation constructions"}, "geometry": {"type": "Point", "coordinates": [-2.08679, 53.5508]}}, {"type": "Feature", "properties": {"t": "2412-Other sport and recreation constructions"}, "geometry": {"type": "Point", "coordinates": [-2.08781, 53.55082]}}, {"type": "Feature", "properties": {"t": "2412-Other sport and recreation constructions"}, "geometry": {"type": "Point", "coordinates": [-2.08656, 53.55082]}}, {"type": "Feature", "properties": {"t": "2412-Other sport and recreation constructions"}, "geometry": {"type": "Point", "coordinates": [-2.08676, 53.55083]}}, {"type": "Feature", "properties": {"t": "2412-Other sport and recreation constructions"}, "geometry": {"type": "Point", "coordinates": [-2.08701, 53.55084]}}, {"type": "Feature", "properties": {"t": "2412-Other sport and recreation constructions"}, "geometry": {"type": "Point", "coordinates": [-2.08789, 53.55084]}}, {"type": "Feature", "properties": {"t": "2412-Other sport and recreation constructions"}, "geometry": {"type": "Point", "coordinates": [-2.08653, 53.55085]}}, {"type": "Feature", "properties": {"t": "2412-Other sport and recreation constructions"}, "geometry": {"type": "Point", "coordinates": [-2.08751, 53.55085]}}, {"type": "Feature", "properties": {"t": "2412-Other sport and recreation constructions"}, "geometry": {"type": "Point", "coordinates": [-2.08673, 53.55087]}}, {"type": "Feature", "properties": {"t": "2412-Other sport and recreation constructions"}, "geometry": {"type": "Point", "coordinates": [-2.08698, 53.55087]}}, {"type": "Feature", "properties": {"t": "2412-Other sport and recreation constructions"}, "geometry": {"type": "Point", "coordinates": [-2.08758, 53.55087]}}, {"type": "Feature", "properties": {"t": "2412-Other sport and recreation constructions"}, "geometry": {"type": "Point", "coordinates": [-2.0865, 53.55088]}}, {"type": "Feature", "properties": {"t": "2412-Other sport and recreation constructions"}, "geometry": {"type": "Point", "coordinates": [-2.08721, 53.55088]}}, {"type": "Feature", "properties": {"t": "2412-Other sport and recreation constructions"}, "geometry": {"type": "Point", "coordinates": [-2.08766, 53.55089]}}, {"type": "Feature", "properties": {"t": "2412-Other sport and recreation constructions"}, "geometry": {"type": "Point", "coordinates": [-2.08797, 53.55088]}}, {"type": "Feature", "properties": {"t": "2412-Other sport and recreation constructions"}, "geometry": {"type": "Point", "coordinates": [-2.08671, 53.5509]}}, {"type": "Feature", "properties": {"t": "2412-Other sport and recreation constructions"}, "geometry": {"type": "Point", "coordinates": [-2.08696, 53.55091]}}, {"type": "Feature", "properties": {"t": "2412-Other sport and recreation constructions"}, "geometry": {"type": "Point", "coordinates": [-2.08804, 53.5509]}}, {"type": "Feature", "properties": {"t": "2412-Other sport and recreation constructions"}, "geometry": {"type": "Point", "coordinates": [-2.08814, 53.55092]}}, {"type": "Feature", "properties": {"t": "2412-Other sport and recreation constructions"}, "geometry": {"type": "Point", "coordinates": [-2.08773, 53.55092]}}, {"type": "Feature", "properties": {"t": "2412-Other sport and recreation constructions"}, "geometry": {"type": "Point", "coordinates": [-2.08646, 53.55092]}}, {"type": "Feature", "properties": {"t": "2412-Other sport and recreation constructions"}, "geometry": {"type": "Point", "coordinates": [-2.08717, 53.55092]}}, {"type": "Feature", "properties": {"t": "2412-Other sport and recreation constructions"}, "geometry": {"type": "Point", "coordinates": [-2.08668, 53.55094]}}, {"type": "Feature", "properties": {"t": "2412-Other sport and recreation constructions"}, "geometry": {"type": "Point", "coordinates": [-2.08781, 53.55094]}}, {"type": "Feature", "properties": {"t": "2412-Other sport and recreation constructions"}, "geometry": {"type": "Point", "coordinates": [-2.08822, 53.55094]}}, {"type": "Feature", "properties": {"t": "2412-Other sport and recreation constructions"}, "geometry": {"type": "Point", "coordinates": [-2.08693, 53.55094]}}, {"type": "Feature", "properties": {"t": "2412-Other sport and recreation constructions"}, "geometry": {"type": "Point", "coordinates": [-2.08642, 53.55095]}}, {"type": "Feature", "properties": {"t": "2412-Other sport and recreation constructions"}, "geometry": {"type": "Point", "coordinates": [-2.08714, 53.55096]}}, {"type": "Feature", "properties": {"t": "2412-Other sport and recreation constructions"}, "geometry": {"type": "Point", "coordinates": [-2.08829, 53.55096]}}, {"type": "Feature", "properties": {"t": "2412-Other sport and recreation constructions"}, "geometry": {"type": "Point", "coordinates": [-2.08789, 53.55096]}}, {"type": "Feature", "properties": {"t": "2412-Other sport and recreation constructions"}, "geometry": {"type": "Point", "coordinates": [-2.08665, 53.55097]}}, {"type": "Feature", "properties": {"t": "2412-Other sport and recreation constructions"}, "geometry": {"type": "Point", "coordinates": [-2.0869, 53.55098]}}, {"type": "Feature", "properties": {"t": "2412-Other sport and recreation constructions"}, "geometry": {"type": "Point", "coordinates": [-2.08837, 53.55098]}}, {"type": "Feature", "properties": {"t": "2412-Other sport and recreation constructions"}, "geometry": {"type": "Point", "coordinates": [-2.08798, 53.55099]}}, {"type": "Feature", "properties": {"t": "2412-Other sport and recreation constructions"}, "geometry": {"type": "Point", "coordinates": [-2.08639, 53.55099]}}, {"type": "Feature", "properties": {"t": "2412-Other sport and recreation constructions"}, "geometry": {"type": "Point", "coordinates": [-2.08712, 53.55099]}}, {"type": "Feature", "properties": {"t": "2412-Other sport and recreation constructions"}, "geometry": {"type": "Point", "coordinates": [-2.08724, 53.55099]}}, {"type": "Feature", "properties": {"t": "2412-Other sport and recreation constructions"}, "geometry": {"type": "Point", "coordinates": [-2.08662, 53.55101]}}, {"type": "Feature", "properties": {"t": "2412-Other sport and recreation constructions"}, "geometry": {"type": "Point", "coordinates": [-2.08687, 53.55101]}}, {"type": "Feature", "properties": {"t": "2412-Other sport and recreation constructions"}, "geometry": {"type": "Point", "coordinates": [-2.0873, 53.55101]}}, {"type": "Feature", "properties": {"t": "2412-Other sport and recreation constructions"}, "geometry": {"type": "Point", "coordinates": [-2.08806, 53.55101]}}, {"type": "Feature", "properties": {"t": "2412-Other sport and recreation constructions"}, "geometry": {"type": "Point", "coordinates": [-2.08635, 53.55102]}}, {"type": "Feature", "properties": {"t": "2412-Other sport and recreation constructions"}, "geometry": {"type": "Point", "coordinates": [-2.08709, 53.55103]}}, {"type": "Feature", "properties": {"t": "2412-Other sport and recreation constructions"}, "geometry": {"type": "Point", "coordinates": [-2.08736, 53.55103]}}, {"type": "Feature", "properties": {"t": "2412-Other sport and recreation constructions"}, "geometry": {"type": "Point", "coordinates": [-2.08814, 53.55104]}}, {"type": "Feature", "properties": {"t": "2412-Other sport and recreation constructions"}, "geometry": {"type": "Point", "coordinates": [-2.08845, 53.55102]}}, {"type": "Feature", "properties": {"t": "2412-Other sport and recreation constructions"}, "geometry": {"type": "Point", "coordinates": [-2.08659, 53.55104]}}, {"type": "Feature", "properties": {"t": "2412-Other sport and recreation constructions"}, "geometry": {"type": "Point", "coordinates": [-2.08742, 53.55105]}}, {"type": "Feature", "properties": {"t": "2412-Other sport and recreation constructions"}, "geometry": {"type": "Point", "coordinates": [-2.08685, 53.55105]}}, {"type": "Feature", "properties": {"t": "2412-Other sport and recreation constructions"}, "geometry": {"type": "Point", "coordinates": [-2.08719, 53.55105]}}, {"type": "Feature", "properties": {"t": "2412-Other sport and recreation constructions"}, "geometry": {"type": "Point", "coordinates": [-2.08821, 53.55106]}}, {"type": "Feature", "properties": {"t": "2412-Other sport and recreation constructions"}, "geometry": {"type": "Point", "coordinates": [-2.08707, 53.55106]}}, {"type": "Feature", "properties": {"t": "2412-Other sport and recreation constructions"}, "geometry": {"type": "Point", "coordinates": [-2.08749, 53.55107]}}, {"type": "Feature", "properties": {"t": "2412-Other sport and recreation constructions"}, "geometry": {"type": "Point", "coordinates": [-2.08725, 53.55107]}}, {"type": "Feature", "properties": {"t": "2412-Other sport and recreation constructions"}, "geometry": {"type": "Point", "coordinates": [-2.08634, 53.55107]}}, {"type": "Feature", "properties": {"t": "2412-Other sport and recreation constructions"}, "geometry": {"type": "Point", "coordinates": [-2.08829, 53.55108]}}, {"type": "Feature", "properties": {"t": "2412-Other sport and recreation constructions"}, "geometry": {"type": "Point", "coordinates": [-2.08755, 53.55108]}}, {"type": "Feature", "properties": {"t": "2412-Other sport and recreation constructions"}, "geometry": {"type": "Point", "coordinates": [-2.08655, 53.55109]}}, {"type": "Feature", "properties": {"t": "2412-Other sport and recreation constructions"}, "geometry": {"type": "Point", "coordinates": [-2.08733, 53.5511]}}, {"type": "Feature", "properties": {"t": "2412-Other sport and recreation constructions"}, "geometry": {"type": "Point", "coordinates": [-2.08629, 53.5511]}}, {"type": "Feature", "properties": {"t": "2412-Other sport and recreation constructions"}, "geometry": {"type": "Point", "coordinates": [-2.08703, 53.5511]}}, {"type": "Feature", "properties": {"t": "2412-Other sport and recreation constructions"}, "geometry": {"type": "Point", "coordinates": [-2.08761, 53.5511]}}, {"type": "Feature", "properties": {"t": "2412-Other sport and recreation constructions"}, "geometry": {"type": "Point", "coordinates": [-2.08837, 53.5511]}}, {"type": "Feature", "properties": {"t": "2412-Other sport and recreation constructions"}, "geometry": {"type": "Point", "coordinates": [-2.08737, 53.55111]}}, {"type": "Feature", "properties": {"t": "2412-Other sport and recreation constructions"}, "geometry": {"type": "Point", "coordinates": [-2.08768, 53.55112]}}, {"type": "Feature", "properties": {"t": "2412-Other sport and recreation constructions"}, "geometry": {"type": "Point", "coordinates": [-2.08652, 53.55112]}}, {"type": "Feature", "properties": {"t": "2412-Other sport and recreation constructions"}, "geometry": {"type": "Point", "coordinates": [-2.08745, 53.55113]}}, {"type": "Feature", "properties": {"t": "2412-Other sport and recreation constructions"}, "geometry": {"type": "Point", "coordinates": [-2.0875, 53.55113]}}, {"type": "Feature", "properties": {"t": "2412-Other sport and recreation constructions"}, "geometry": {"type": "Point", "coordinates": [-2.08627, 53.55114]}}, {"type": "Feature", "properties": {"t": "2412-Other sport and recreation constructions"}, "geometry": {"type": "Point", "coordinates": [-2.08774, 53.55114]}}, {"type": "Feature", "properties": {"t": "2412-Other sport and recreation constructions"}, "geometry": {"type": "Point", "coordinates": [-2.08807, 53.55114]}}, {"type": "Feature", "properties": {"t": "2412-Other sport and recreation constructions"}, "geometry": {"type": "Point", "coordinates": [-2.10109, 53.55084]}}, {"type": "Feature", "properties": {"t": "2412-Other sport and recreation constructions"}, "geometry": {"type": "Point", "coordinates": [-2.10008, 53.55084]}}, {"type": "Feature", "properties": {"t": "2412-Other sport and recreation constructions"}, "geometry": {"type": "Point", "coordinates": [-2.10095, 53.55085]}}, {"type": "Feature", "properties": {"t": "2412-Other sport and recreation constructions"}, "geometry": {"type": "Point", "coordinates": [-2.1007, 53.55085]}}, {"type": "Feature", "properties": {"t": "2412-Other sport and recreation constructions"}, "geometry": {"type": "Point", "coordinates": [-2.10037, 53.55087]}}, {"type": "Feature", "properties": {"t": "2412-Other sport and recreation constructions"}, "geometry": {"type": "Point", "coordinates": [-2.10131, 53.55089]}}, {"type": "Feature", "properties": {"t": "2412-Other sport and recreation constructions"}, "geometry": {"type": "Point", "coordinates": [-2.10073, 53.55089]}}, {"type": "Feature", "properties": {"t": "2412-Other sport and recreation constructions"}, "geometry": {"type": "Point", "coordinates": [-2.10012, 53.55091]}}, {"type": "Feature", "properties": {"t": "2412-Other sport and recreation constructions"}, "geometry": {"type": "Point", "coordinates": [-2.10042, 53.55092]}}, {"type": "Feature", "properties": {"t": "2412-Other sport and recreation constructions"}, "geometry": {"type": "Point", "coordinates": [-2.09967, 53.55094]}}, {"type": "Feature", "properties": {"t": "2412-Other sport and recreation constructions"}, "geometry": {"type": "Point", "coordinates": [-2.10078, 53.55096]}}, {"type": "Feature", "properties": {"t": "2412-Other sport and recreation constructions"}, "geometry": {"type": "Point", "coordinates": [-2.10133, 53.55096]}}, {"type": "Feature", "properties": {"t": "2412-Other sport and recreation constructions"}, "geometry": {"type": "Point", "coordinates": [-2.10018, 53.55097]}}, {"type": "Feature", "properties": {"t": "2412-Other sport and recreation constructions"}, "geometry": {"type": "Point", "coordinates": [-2.10105, 53.55098]}}, {"type": "Feature", "properties": {"t": "2412-Other sport and recreation constructions"}, "geometry": {"type": "Point", "coordinates": [-2.10046, 53.55098]}}, {"type": "Feature", "properties": {"t": "2412-Other sport and recreation constructions"}, "geometry": {"type": "Point", "coordinates": [-2.09971, 53.55099]}}, {"type": "Feature", "properties": {"t": "2412-Other sport and recreation constructions"}, "geometry": {"type": "Point", "coordinates": [-2.10081, 53.551]}}, {"type": "Feature", "properties": {"t": "2412-Other sport and recreation constructions"}, "geometry": {"type": "Point", "coordinates": [-2.09944, 53.551]}}, {"type": "Feature", "properties": {"t": "2412-Other sport and recreation constructions"}, "geometry": {"type": "Point", "coordinates": [-2.10108, 53.55101]}}, {"type": "Feature", "properties": {"t": "2412-Other sport and recreation constructions"}, "geometry": {"type": "Point", "coordinates": [-2.10136, 53.55102]}}, {"type": "Feature", "properties": {"t": "2412-Other sport and recreation constructions"}, "geometry": {"type": "Point", "coordinates": [-2.099, 53.55102]}}, {"type": "Feature", "properties": {"t": "2412-Other sport and recreation constructions"}, "geometry": {"type": "Point", "coordinates": [-2.1005, 53.55103]}}, {"type": "Feature", "properties": {"t": "2412-Other sport and recreation constructions"}, "geometry": {"type": "Point", "coordinates": [-2.10022, 53.55104]}}, {"type": "Feature", "properties": {"t": "2412-Other sport and recreation constructions"}, "geometry": {"type": "Point", "coordinates": [-2.09975, 53.55104]}}, {"type": "Feature", "properties": {"t": "2412-Other sport and recreation constructions"}, "geometry": {"type": "Point", "coordinates": [-2.09947, 53.55106]}}, {"type": "Feature", "properties": {"t": "2412-Other sport and recreation constructions"}, "geometry": {"type": "Point", "coordinates": [-2.10086, 53.55107]}}, {"type": "Feature", "properties": {"t": "2412-Other sport and recreation constructions"}, "geometry": {"type": "Point", "coordinates": [-2.10143, 53.55108]}}, {"type": "Feature", "properties": {"t": "2412-Other sport and recreation constructions"}, "geometry": {"type": "Point", "coordinates": [-2.10054, 53.55108]}}, {"type": "Feature", "properties": {"t": "2412-Other sport and recreation constructions"}, "geometry": {"type": "Point", "coordinates": [-2.09951, 53.55109]}}, {"type": "Feature", "properties": {"t": "2412-Other sport and recreation constructions"}, "geometry": {"type": "Point", "coordinates": [-2.09978, 53.55109]}}, {"type": "Feature", "properties": {"t": "2412-Other sport and recreation constructions"}, "geometry": {"type": "Point", "coordinates": [-2.10113, 53.5511]}}, {"type": "Feature", "properties": {"t": "2412-Other sport and recreation constructions"}, "geometry": {"type": "Point", "coordinates": [-2.10089, 53.5511]}}, {"type": "Feature", "properties": {"t": "2412-Other sport and recreation constructions"}, "geometry": {"type": "Point", "coordinates": [-2.10027, 53.55111]}}, {"type": "Feature", "properties": {"t": "2412-Other sport and recreation constructions"}, "geometry": {"type": "Point", "coordinates": [-2.10145, 53.55113]}}, {"type": "Feature", "properties": {"t": "2412-Other sport and recreation constructions"}, "geometry": {"type": "Point", "coordinates": [-2.10058, 53.55114]}}, {"type": "Feature", "properties": {"t": "2412-Other sport and recreation constructions"}, "geometry": {"type": "Point", "coordinates": [-2.09982, 53.55114]}}, {"type": "Feature", "properties": {"t": "2412-Other sport and recreation constructions"}, "geometry": {"type": "Point", "coordinates": [-2.09953, 53.55116]}}, {"type": "Feature", "properties": {"t": "2412-Other sport and recreation constructions"}, "geometry": {"type": "Point", "coordinates": [-2.10032, 53.55117]}}, {"type": "Feature", "properties": {"t": "2412-Other sport and recreation constructions"}, "geometry": {"type": "Point", "coordinates": [-2.10095, 53.55117]}}, {"type": "Feature", "properties": {"t": "2412-Other sport and recreation constructions"}, "geometry": {"type": "Point", "coordinates": [-2.10151, 53.55118]}}, {"type": "Feature", "properties": {"t": "2412-Other sport and recreation constructions"}, "geometry": {"type": "Point", "coordinates": [-2.10062, 53.55119]}}, {"type": "Feature", "properties": {"t": "2412-Other sport and recreation constructions"}, "geometry": {"type": "Point", "coordinates": [-2.09986, 53.55119]}}, {"type": "Feature", "properties": {"t": "2412-Other sport and recreation constructions"}, "geometry": {"type": "Point", "coordinates": [-2.09957, 53.5512]}}, {"type": "Feature", "properties": {"t": "2412-Other sport and recreation constructions"}, "geometry": {"type": "Point", "coordinates": [-2.10122, 53.55121]}}, {"type": "Feature", "properties": {"t": "2412-Other sport and recreation constructions"}, "geometry": {"type": "Point", "coordinates": [-2.10097, 53.55121]}}, {"type": "Feature", "properties": {"t": "2412-Other sport and recreation constructions"}, "geometry": {"type": "Point", "coordinates": [-2.10153, 53.55123]}}, {"type": "Feature", "properties": {"t": "2412-Other sport and recreation constructions"}, "geometry": {"type": "Point", "coordinates": [-2.10036, 53.55123]}}, {"type": "Feature", "properties": {"t": "2412-Other sport and recreation constructions"}, "geometry": {"type": "Point", "coordinates": [-2.10124, 53.55123]}}, {"type": "Feature", "properties": {"t": "2412-Other sport and recreation constructions"}, "geometry": {"type": "Point", "coordinates": [-2.10066, 53.55124]}}, {"type": "Feature", "properties": {"t": "2412-Other sport and recreation constructions"}, "geometry": {"type": "Point", "coordinates": [-2.09991, 53.55125]}}, {"type": "Feature", "properties": {"t": "2412-Other sport and recreation constructions"}, "geometry": {"type": "Point", "coordinates": [-2.09964, 53.55126]}}, {"type": "Feature", "properties": {"t": "2412-Other sport and recreation constructions"}, "geometry": {"type": "Point", "coordinates": [-2.10102, 53.55128]}}, {"type": "Feature", "properties": {"t": "2412-Other sport and recreation constructions"}, "geometry": {"type": "Point", "coordinates": [-2.10041, 53.55129]}}, {"type": "Feature", "properties": {"t": "2412-Other sport and recreation constructions"}, "geometry": {"type": "Point", "coordinates": [-2.10071, 53.55129]}}, {"type": "Feature", "properties": {"t": "2412-Other sport and recreation constructions"}, "geometry": {"type": "Point", "coordinates": [-2.09972, 53.5513]}}, {"type": "Feature", "properties": {"t": "2412-Other sport and recreation constructions"}, "geometry": {"type": "Point", "coordinates": [-2.10154, 53.5513]}}, {"type": "Feature", "properties": {"t": "2412-Other sport and recreation constructions"}, "geometry": {"type": "Point", "coordinates": [-2.09995, 53.55131]}}, {"type": "Feature", "properties": {"t": "2412-Other sport and recreation constructions"}, "geometry": {"type": "Point", "coordinates": [-2.10104, 53.55132]}}, {"type": "Feature", "properties": {"t": "2412-Other sport and recreation constructions"}, "geometry": {"type": "Point", "coordinates": [-2.10128, 53.55132]}}, {"type": "Feature", "properties": {"t": "2412-Other sport and recreation constructions"}, "geometry": {"type": "Point", "coordinates": [-2.10074, 53.55135]}}, {"type": "Feature", "properties": {"t": "2412-Other sport and recreation constructions"}, "geometry": {"type": "Point", "coordinates": [-2.1013, 53.55135]}}, {"type": "Feature", "properties": {"t": "2412-Other sport and recreation constructions"}, "geometry": {"type": "Point", "coordinates": [-2.09998, 53.55135]}}, {"type": "Feature", "properties": {"t": "2412-Other sport and recreation constructions"}, "geometry": {"type": "Point", "coordinates": [-2.10155, 53.55136]}}, {"type": "Feature", "properties": {"t": "2412-Other sport and recreation constructions"}, "geometry": {"type": "Point", "coordinates": [-2.09973, 53.55137]}}, {"type": "Feature", "properties": {"t": "2412-Other sport and recreation constructions"}, "geometry": {"type": "Point", "coordinates": [-2.10047, 53.55137]}}, {"type": "Feature", "properties": {"t": "2412-Other sport and recreation constructions"}, "geometry": {"type": "Point", "coordinates": [-2.10107, 53.5514]}}, {"type": "Feature", "properties": {"t": "2412-Other sport and recreation constructions"}, "geometry": {"type": "Point", "coordinates": [-2.09977, 53.5514]}}, {"type": "Feature", "properties": {"t": "2412-Other sport and recreation constructions"}, "geometry": {"type": "Point", "coordinates": [-2.10077, 53.5514]}}, {"type": "Feature", "properties": {"t": "2412-Other sport and recreation constructions"}, "geometry": {"type": "Point", "coordinates": [-2.10157, 53.55143]}}, {"type": "Feature", "properties": {"t": "2412-Other sport and recreation constructions"}, "geometry": {"type": "Point", "coordinates": [-2.10133, 53.55144]}}, {"type": "Feature", "properties": {"t": "2412-Other sport and recreation constructions"}, "geometry": {"type": "Point", "coordinates": [-2.10109, 53.55144]}}, {"type": "Feature", "properties": {"t": "2412-Other sport and recreation constructions"}, "geometry": {"type": "Point", "coordinates": [-2.10053, 53.55145]}}, {"type": "Feature", "properties": {"t": "2412-Other sport and recreation constructions"}, "geometry": {"type": "Point", "coordinates": [-2.10078, 53.55147]}}, {"type": "Feature", "properties": {"t": "2412-Other sport and recreation constructions"}, "geometry": {"type": "Point", "coordinates": [-2.10134, 53.55146]}}, {"type": "Feature", "properties": {"t": "2412-Other sport and recreation constructions"}, "geometry": {"type": "Point", "coordinates": [-2.10155, 53.55149]}}, {"type": "Feature", "properties": {"t": "2412-Other sport and recreation constructions"}, "geometry": {"type": "Point", "coordinates": [-2.1001, 53.55149]}}, {"type": "Feature", "properties": {"t": "2412-Other sport and recreation constructions"}, "geometry": {"type": "Point", "coordinates": [-2.10034, 53.55151]}}, {"type": "Feature", "properties": {"t": "2412-Other sport and recreation constructions"}, "geometry": {"type": "Point", "coordinates": [-2.10083, 53.55152]}}, {"type": "Feature", "properties": {"t": "2412-Other sport and recreation constructions"}, "geometry": {"type": "Point", "coordinates": [-2.10111, 53.55152]}}, {"type": "Feature", "properties": {"t": "2412-Other sport and recreation constructions"}, "geometry": {"type": "Point", "coordinates": [-2.10014, 53.55153]}}, {"type": "Feature", "properties": {"t": "2412-Other sport and recreation constructions"}, "geometry": {"type": "Point", "coordinates": [-2.10058, 53.55153]}}, {"type": "Feature", "properties": {"t": "2412-Other sport and recreation constructions"}, "geometry": {"type": "Point", "coordinates": [-2.09988, 53.55155]}}, {"type": "Feature", "properties": {"t": "2412-Other sport and recreation constructions"}, "geometry": {"type": "Point", "coordinates": [-2.10113, 53.55156]}}, {"type": "Feature", "properties": {"t": "2412-Other sport and recreation constructions"}, "geometry": {"type": "Point", "coordinates": [-2.10086, 53.55157]}}, {"type": "Feature", "properties": {"t": "2412-Other sport and recreation constructions"}, "geometry": {"type": "Point", "coordinates": [-2.10017, 53.55158]}}, {"type": "Feature", "properties": {"t": "2412-Other sport and recreation constructions"}, "geometry": {"type": "Point", "coordinates": [-2.09991, 53.55159]}}, {"type": "Feature", "properties": {"t": "2412-Other sport and recreation constructions"}, "geometry": {"type": "Point", "coordinates": [-2.10064, 53.55161]}}, {"type": "Feature", "properties": {"t": "2412-Other sport and recreation constructions"}, "geometry": {"type": "Point", "coordinates": [-2.10117, 53.55163]}}, {"type": "Feature", "properties": {"t": "2412-Other sport and recreation constructions"}, "geometry": {"type": "Point", "coordinates": [-2.10015, 53.55163]}}, {"type": "Feature", "properties": {"t": "2412-Other sport and recreation constructions"}, "geometry": {"type": "Point", "coordinates": [-2.10089, 53.55163]}}, {"type": "Feature", "properties": {"t": "2412-Other sport and recreation constructions"}, "geometry": {"type": "Point", "coordinates": [-2.09997, 53.55164]}}, {"type": "Feature", "properties": {"t": "2412-Other sport and recreation constructions"}, "geometry": {"type": "Point", "coordinates": [-2.10148, 53.55166]}}, {"type": "Feature", "properties": {"t": "2412-Other sport and recreation constructions"}, "geometry": {"type": "Point", "coordinates": [-2.1012, 53.55167]}}, {"type": "Feature", "properties": {"t": "2412-Other sport and recreation constructions"}, "geometry": {"type": "Point", "coordinates": [-2.10025, 53.55168]}}, {"type": "Feature", "properties": {"t": "2412-Other sport and recreation constructions"}, "geometry": {"type": "Point", "coordinates": [-2.10069, 53.55168]}}, {"type": "Feature", "properties": {"t": "2412-Other sport and recreation constructions"}, "geometry": {"type": "Point", "coordinates": [-2.10092, 53.55169]}}, {"type": "Feature", "properties": {"t": "2412-Other sport and recreation constructions"}, "geometry": {"type": "Point", "coordinates": [-2.1, 53.55171]}}, {"type": "Feature", "properties": {"t": "2412-Other sport and recreation constructions"}, "geometry": {"type": "Point", "coordinates": [-2.10028, 53.55172]}}, {"type": "Feature", "properties": {"t": "2412-Other sport and recreation constructions"}, "geometry": {"type": "Point", "coordinates": [-2.10073, 53.55174]}}, {"type": "Feature", "properties": {"t": "2412-Other sport and recreation constructions"}, "geometry": {"type": "Point", "coordinates": [-2.10096, 53.55174]}}, {"type": "Feature", "properties": {"t": "2412-Other sport and recreation constructions"}, "geometry": {"type": "Point", "coordinates": [-1.99846, 53.55043]}}, {"type": "Feature", "properties": {"t": "2412-Other sport and recreation constructions"}, "geometry": {"type": "Point", "coordinates": [-1.99823, 53.55047]}}, {"type": "Feature", "properties": {"t": "2412-Other sport and recreation constructions"}, "geometry": {"type": "Point", "coordinates": [-1.99816, 53.55049]}}, {"type": "Feature", "properties": {"t": "2412-Other sport and recreation constructions"}, "geometry": {"type": "Point", "coordinates": [-1.99796, 53.55052]}}, {"type": "Feature", "properties": {"t": "2412-Other sport and recreation constructions"}, "geometry": {"type": "Point", "coordinates": [-1.99787, 53.55053]}}, {"type": "Feature", "properties": {"t": "2412-Other sport and recreation constructions"}, "geometry": {"type": "Point", "coordinates": [-1.9977, 53.55055]}}, {"type": "Feature", "properties": {"t": "2412-Other sport and recreation constructions"}, "geometry": {"type": "Point", "coordinates": [-1.99761, 53.55057]}}, {"type": "Feature", "properties": {"t": "2412-Other sport and recreation constructions"}, "geometry": {"type": "Point", "coordinates": [-2.00102, 53.5509]}}, {"type": "Feature", "properties": {"t": "2412-Other sport and recreation constructions"}, "geometry": {"type": "Point", "coordinates": [-1.99842, 53.552]}}, {"type": "Feature", "properties": {"t": "2412-Other sport and recreation constructions"}, "geometry": {"type": "Point", "coordinates": [-1.99558, 53.55205]}}, {"type": "Feature", "properties": {"t": "2412-Other sport and recreation constructions"}, "geometry": {"type": "Point", "coordinates": [-2.06179, 53.55206]}}, {"type": "Feature", "properties": {"t": "2412-Other sport and recreation constructions"}, "geometry": {"type": "Point", "coordinates": [-2.06186, 53.5521]}}, {"type": "Feature", "properties": {"t": "2412-Other sport and recreation constructions"}, "geometry": {"type": "Point", "coordinates": [-2.0619, 53.55225]}}, {"type": "Feature", "properties": {"t": "2412-Other sport and recreation constructions"}, "geometry": {"type": "Point", "coordinates": [-2.0198, 53.55242]}}, {"type": "Feature", "properties": {"t": "2412-Other sport and recreation constructions"}, "geometry": {"type": "Point", "coordinates": [-2.0618, 53.55247]}}, {"type": "Feature", "properties": {"t": "2412-Other sport and recreation constructions"}, "geometry": {"type": "Point", "coordinates": [-2.03647, 53.55252]}}, {"type": "Feature", "properties": {"t": "2412-Other sport and recreation constructions"}, "geometry": {"type": "Point", "coordinates": [-2.03634, 53.55254]}}, {"type": "Feature", "properties": {"t": "2412-Other sport and recreation constructions"}, "geometry": {"type": "Point", "coordinates": [-2.03679, 53.55255]}}, {"type": "Feature", "properties": {"t": "2412-Other sport and recreation constructions"}, "geometry": {"type": "Point", "coordinates": [-2.0363, 53.5526]}}, {"type": "Feature", "properties": {"t": "2412-Other sport and recreation constructions"}, "geometry": {"type": "Point", "coordinates": [-2.03519, 53.55272]}}, {"type": "Feature", "properties": {"t": "2412-Other sport and recreation constructions"}, "geometry": {"type": "Point", "coordinates": [-1.98795, 53.55208]}}, {"type": "Feature", "properties": {"t": "2411-Sports grounds"}, "geometry": {"type": "Point", "coordinates": [-1.98934, 53.55244]}}, {"type": "Feature", "properties": {"t": "2411-Sports grounds"}, "geometry": {"type": "Point", "coordinates": [-1.99756, 53.55246]}}, {"type": "Feature", "properties": {"t": "2411-Sports grounds"}, "geometry": {"type": "Point", "coordinates": [-1.99949, 53.5526]}}, {"type": "Feature", "properties": {"t": "2301-Constructions for mining or extraction"}, "geometry": {"type": "Point", "coordinates": [-1.80389, 53.55298]}}, {"type": "Feature", "properties": {"t": "2412-Other sport and recreation constructions"}, "geometry": {"type": "Point", "coordinates": [-1.99017, 53.55297]}}, {"type": "Feature", "properties": {"t": "2412-Other sport and recreation constructions"}, "geometry": {"type": "Point", "coordinates": [-1.98777, 53.55324]}}, {"type": "Feature", "properties": {"t": "2412-Other sport and recreation constructions"}, "geometry": {"type": "Point", "coordinates": [-2.00755, 53.55355]}}, {"type": "Feature", "properties": {"t": "2152-Dams"}, "geometry": {"type": "Point", "coordinates": [-1.82526, 53.55379]}}, {"type": "Feature", "properties": {"t": "2412-Other sport and recreation constructions"}, "geometry": {"type": "Point", "coordinates": [-2.035, 53.55275]}}, {"type": "Feature", "properties": {"t": "2412-Other sport and recreation constructions"}, "geometry": {"type": "Point", "coordinates": [-2.03467, 53.55286]}}, {"type": "Feature", "properties": {"t": "2412-Other sport and recreation constructions"}, "geometry": {"type": "Point", "coordinates": [-2.03249, 53.55283]}}, {"type": "Feature", "properties": {"t": "2412-Other sport and recreation constructions"}, "geometry": {"type": "Point", "coordinates": [-2.02211, 53.55298]}}, {"type": "Feature", "properties": {"t": "2412-Other sport and recreation constructions"}, "geometry": {"type": "Point", "coordinates": [-2.03377, 53.55304]}}, {"type": "Feature", "properties": {"t": "2412-Other sport and recreation constructions"}, "geometry": {"type": "Point", "coordinates": [-2.03281, 53.5531]}}, {"type": "Feature", "properties": {"t": "2412-Other sport and recreation constructions"}, "geometry": {"type": "Point", "coordinates": [-2.02187, 53.55317]}}, {"type": "Feature", "properties": {"t": "2412-Other sport and recreation constructions"}, "geometry": {"type": "Point", "coordinates": [-2.03414, 53.5532]}}, {"type": "Feature", "properties": {"t": "2412-Other sport and recreation constructions"}, "geometry": {"type": "Point", "coordinates": [-2.03232, 53.55335]}}, {"type": "Feature", "properties": {"t": "2411-Sports grounds"}, "geometry": {"type": "Point", "coordinates": [-2.01494, 53.55363]}}, {"type": "Feature", "properties": {"t": "2412-Other sport and recreation constructions"}, "geometry": {"type": "Point", "coordinates": [-2.04412, 53.55382]}}, {"type": "Feature", "properties": {"t": "2412-Other sport and recreation constructions"}, "geometry": {"type": "Point", "coordinates": [-2.04448, 53.55384]}}, {"type": "Feature", "properties": {"t": "2412-Other sport and recreation constructions"}, "geometry": {"type": "Point", "coordinates": [-2.04398, 53.55389]}}, {"type": "Feature", "properties": {"t": "2412-Other sport and recreation constructions"}, "geometry": {"type": "Point", "coordinates": [-2.02766, 53.55402]}}, {"type": "Feature", "properties": {"t": "2412-Other sport and recreation constructions"}, "geometry": {"type": "Point", "coordinates": [-2.03153, 53.55403]}}, {"type": "Feature", "properties": {"t": "2412-Other sport and recreation constructions"}, "geometry": {"type": "Point", "coordinates": [-2.02508, 53.55406]}}, {"type": "Feature", "properties": {"t": "2412-Other sport and recreation constructions"}, "geometry": {"type": "Point", "coordinates": [-2.03123, 53.55406]}}, {"type": "Feature", "properties": {"t": "2412-Other sport and recreation constructions"}, "geometry": {"type": "Point", "coordinates": [-2.02754, 53.55409]}}, {"type": "Feature", "properties": {"t": "2412-Other sport and recreation constructions"}, "geometry": {"type": "Point", "coordinates": [-2.03105, 53.55414]}}, {"type": "Feature", "properties": {"t": "2412-Other sport and recreation constructions"}, "geometry": {"type": "Point", "coordinates": [-2.02806, 53.55413]}}, {"type": "Feature", "properties": {"t": "2412-Other sport and recreation constructions"}, "geometry": {"type": "Point", "coordinates": [-2.02779, 53.55418]}}, {"type": "Feature", "properties": {"t": "2412-Other sport and recreation constructions"}, "geometry": {"type": "Point", "coordinates": [-2.02823, 53.5542]}}, {"type": "Feature", "properties": {"t": "2412-Other sport and recreation constructions"}, "geometry": {"type": "Point", "coordinates": [-2.02717, 53.55419]}}, {"type": "Feature", "properties": {"t": "2412-Other sport and recreation constructions"}, "geometry": {"type": "Point", "coordinates": [-2.02757, 53.55426]}}, {"type": "Feature", "properties": {"t": "2412-Other sport and recreation constructions"}, "geometry": {"type": "Point", "coordinates": [-2.03123, 53.55428]}}, {"type": "Feature", "properties": {"t": "2412-Other sport and recreation constructions"}, "geometry": {"type": "Point", "coordinates": [-2.0309, 53.55425]}}, {"type": "Feature", "properties": {"t": "2412-Other sport and recreation constructions"}, "geometry": {"type": "Point", "coordinates": [-2.02839, 53.5543]}}, {"type": "Feature", "properties": {"t": "2412-Other sport and recreation constructions"}, "geometry": {"type": "Point", "coordinates": [-2.02813, 53.55432]}}, {"type": "Feature", "properties": {"t": "2412-Other sport and recreation constructions"}, "geometry": {"type": "Point", "coordinates": [-2.02771, 53.55432]}}, {"type": "Feature", "properties": {"t": "2412-Other sport and recreation constructions"}, "geometry": {"type": "Point", "coordinates": [-2.03197, 53.55434]}}, {"type": "Feature", "properties": {"t": "2412-Other sport and recreation constructions"}, "geometry": {"type": "Point", "coordinates": [-2.03063, 53.5543]}}, {"type": "Feature", "properties": {"t": "2412-Other sport and recreation constructions"}, "geometry": {"type": "Point", "coordinates": [-2.02822, 53.55437]}}, {"type": "Feature", "properties": {"t": "2412-Other sport and recreation constructions"}, "geometry": {"type": "Point", "coordinates": [-2.03046, 53.55433]}}, {"type": "Feature", "properties": {"t": "2412-Other sport and recreation constructions"}, "geometry": {"type": "Point", "coordinates": [-2.02785, 53.55437]}}, {"type": "Feature", "properties": {"t": "2412-Other sport and recreation constructions"}, "geometry": {"type": "Point", "coordinates": [-2.02743, 53.55441]}}, {"type": "Feature", "properties": {"t": "2412-Other sport and recreation constructions"}, "geometry": {"type": "Point", "coordinates": [-2.03075, 53.55439]}}, {"type": "Feature", "properties": {"t": "2412-Other sport and recreation constructions"}, "geometry": {"type": "Point", "coordinates": [-2.03027, 53.55437]}}, {"type": "Feature", "properties": {"t": "2412-Other sport and recreation constructions"}, "geometry": {"type": "Point", "coordinates": [-2.03178, 53.55445]}}, {"type": "Feature", "properties": {"t": "2412-Other sport and recreation constructions"}, "geometry": {"type": "Point", "coordinates": [-2.03013, 53.55441]}}, {"type": "Feature", "properties": {"t": "2412-Other sport and recreation constructions"}, "geometry": {"type": "Point", "coordinates": [-2.02855, 53.55446]}}, {"type": "Feature", "properties": {"t": "2412-Other sport and recreation constructions"}, "geometry": {"type": "Point", "coordinates": [-2.03058, 53.55445]}}, {"type": "Feature", "properties": {"t": "2412-Other sport and recreation constructions"}, "geometry": {"type": "Point", "coordinates": [-2.02756, 53.55448]}}, {"type": "Feature", "properties": {"t": "2412-Other sport and recreation constructions"}, "geometry": {"type": "Point", "coordinates": [-2.02828, 53.55446]}}, {"type": "Feature", "properties": {"t": "2412-Other sport and recreation constructions"}, "geometry": {"type": "Point", "coordinates": [-2.03159, 53.55445]}}, {"type": "Feature", "properties": {"t": "2412-Other sport and recreation constructions"}, "geometry": {"type": "Point", "coordinates": [-2.03113, 53.55447]}}, {"type": "Feature", "properties": {"t": "2412-Other sport and recreation constructions"}, "geometry": {"type": "Point", "coordinates": [-2.02996, 53.55443]}}, {"type": "Feature", "properties": {"t": "2412-Other sport and recreation constructions"}, "geometry": {"type": "Point", "coordinates": [-2.02769, 53.55451]}}, {"type": "Feature", "properties": {"t": "2412-Other sport and recreation constructions"}, "geometry": {"type": "Point", "coordinates": [-2.03104, 53.55449]}}, {"type": "Feature", "properties": {"t": "2412-Other sport and recreation constructions"}, "geometry": {"type": "Point", "coordinates": [-2.03042, 53.55449]}}, {"type": "Feature", "properties": {"t": "2412-Other sport and recreation constructions"}, "geometry": {"type": "Point", "coordinates": [-2.02826, 53.55454]}}, {"type": "Feature", "properties": {"t": "2412-Other sport and recreation constructions"}, "geometry": {"type": "Point", "coordinates": [-2.03135, 53.55458]}}, {"type": "Feature", "properties": {"t": "2412-Other sport and recreation constructions"}, "geometry": {"type": "Point", "coordinates": [-2.02776, 53.55456]}}, {"type": "Feature", "properties": {"t": "2412-Other sport and recreation constructions"}, "geometry": {"type": "Point", "coordinates": [-2.02979, 53.55453]}}, {"type": "Feature", "properties": {"t": "2412-Other sport and recreation constructions"}, "geometry": {"type": "Point", "coordinates": [-2.028, 53.55458]}}, {"type": "Feature", "properties": {"t": "2412-Other sport and recreation constructions"}, "geometry": {"type": "Point", "coordinates": [-2.02857, 53.55458]}}, {"type": "Feature", "properties": {"t": "2412-Other sport and recreation constructions"}, "geometry": {"type": "Point", "coordinates": [-2.02951, 53.55455]}}, {"type": "Feature", "properties": {"t": "2412-Other sport and recreation constructions"}, "geometry": {"type": "Point", "coordinates": [-2.03007, 53.55459]}}, {"type": "Feature", "properties": {"t": "2412-Other sport and recreation constructions"}, "geometry": {"type": "Point", "coordinates": [-2.02932, 53.55461]}}, {"type": "Feature", "properties": {"t": "2412-Other sport and recreation constructions"}, "geometry": {"type": "Point", "coordinates": [-2.02915, 53.55465]}}, {"type": "Feature", "properties": {"t": "2412-Other sport and recreation constructions"}, "geometry": {"type": "Point", "coordinates": [-2.0277, 53.55469]}}, {"type": "Feature", "properties": {"t": "2412-Other sport and recreation constructions"}, "geometry": {"type": "Point", "coordinates": [-2.03187, 53.5547]}}, {"type": "Feature", "properties": {"t": "2412-Other sport and recreation constructions"}, "geometry": {"type": "Point", "coordinates": [-2.02899, 53.55468]}}, {"type": "Feature", "properties": {"t": "2412-Other sport and recreation constructions"}, "geometry": {"type": "Point", "coordinates": [-2.02883, 53.5547]}}, {"type": "Feature", "properties": {"t": "2412-Other sport and recreation constructions"}, "geometry": {"type": "Point", "coordinates": [-2.02787, 53.55477]}}, {"type": "Feature", "properties": {"t": "2412-Other sport and recreation constructions"}, "geometry": {"type": "Point", "coordinates": [-2.02865, 53.55476]}}, {"type": "Feature", "properties": {"t": "2412-Other sport and recreation constructions"}, "geometry": {"type": "Point", "coordinates": [-2.02932, 53.55482]}}, {"type": "Feature", "properties": {"t": "2412-Other sport and recreation constructions"}, "geometry": {"type": "Point", "coordinates": [-2.03119, 53.55485]}}, {"type": "Feature", "properties": {"t": "2412-Other sport and recreation constructions"}, "geometry": {"type": "Point", "coordinates": [-2.02913, 53.55487]}}, {"type": "Feature", "properties": {"t": "2412-Other sport and recreation constructions"}, "geometry": {"type": "Point", "coordinates": [-2.02826, 53.55485]}}, {"type": "Feature", "properties": {"t": "2412-Other sport and recreation constructions"}, "geometry": {"type": "Point", "coordinates": [-2.02847, 53.55484]}}, {"type": "Feature", "properties": {"t": "2412-Other sport and recreation constructions"}, "geometry": {"type": "Point", "coordinates": [-1.99102, 53.55389]}}, {"type": "Feature", "properties": {"t": "2301-Constructions for mining or extraction"}, "geometry": {"type": "Point", "coordinates": [-1.77604, 53.55415]}}, {"type": "Feature", "properties": {"t": "2412-Other sport and recreation constructions"}, "geometry": {"type": "Point", "coordinates": [-2.00646, 53.55423]}}, {"type": "Feature", "properties": {"t": "2412-Other sport and recreation constructions"}, "geometry": {"type": "Point", "coordinates": [-1.98877, 53.55444]}}, {"type": "Feature", "properties": {"t": "2301-Constructions for mining or extraction"}, "geometry": {"type": "Point", "coordinates": [-1.80656, 53.55464]}}, {"type": "Feature", "properties": {"t": "2412-Other sport and recreation constructions"}, "geometry": {"type": "Point", "coordinates": [-2.0055, 53.55487]}}, {"type": "Feature", "properties": {"t": "2301-Constructions for mining or extraction"}, "geometry": {"type": "Point", "coordinates": [-1.80163, 53.55525]}}, {"type": "Feature", "properties": {"t": "2412-Other sport and recreation constructions"}, "geometry": {"type": "Point", "coordinates": [-1.98878, 53.55524]}}, {"type": "Feature", "properties": {"t": "2412-Other sport and recreation constructions"}, "geometry": {"type": "Point", "coordinates": [-2.00158, 53.55588]}}, {"type": "Feature", "properties": {"t": "2412-Other sport and recreation constructions"}, "geometry": {"type": "Point", "coordinates": [-2.02807, 53.5549]}}, {"type": "Feature", "properties": {"t": "2412-Other sport and recreation constructions"}, "geometry": {"type": "Point", "coordinates": [-2.02902, 53.5549]}}, {"type": "Feature", "properties": {"t": "2412-Other sport and recreation constructions"}, "geometry": {"type": "Point", "coordinates": [-2.02882, 53.55495]}}, {"type": "Feature", "properties": {"t": "2412-Other sport and recreation constructions"}, "geometry": {"type": "Point", "coordinates": [-2.02863, 53.555]}}, {"type": "Feature", "properties": {"t": "2412-Other sport and recreation constructions"}, "geometry": {"type": "Point", "coordinates": [-2.02773, 53.55502]}}, {"type": "Feature", "properties": {"t": "2412-Other sport and recreation constructions"}, "geometry": {"type": "Point", "coordinates": [-2.02845, 53.55505]}}, {"type": "Feature", "properties": {"t": "2412-Other sport and recreation constructions"}, "geometry": {"type": "Point", "coordinates": [-2.02817, 53.5551]}}, {"type": "Feature", "properties": {"t": "2412-Other sport and recreation constructions"}, "geometry": {"type": "Point", "coordinates": [-2.02764, 53.55511]}}, {"type": "Feature", "properties": {"t": "2412-Other sport and recreation constructions"}, "geometry": {"type": "Point", "coordinates": [-2.02754, 53.55514]}}, {"type": "Feature", "properties": {"t": "2412-Other sport and recreation constructions"}, "geometry": {"type": "Point", "coordinates": [-2.02742, 53.55517]}}, {"type": "Feature", "properties": {"t": "2412-Other sport and recreation constructions"}, "geometry": {"type": "Point", "coordinates": [-2.02731, 53.55519]}}, {"type": "Feature", "properties": {"t": "2412-Other sport and recreation constructions"}, "geometry": {"type": "Point", "coordinates": [-2.02792, 53.55525]}}, {"type": "Feature", "properties": {"t": "2412-Other sport and recreation constructions"}, "geometry": {"type": "Point", "coordinates": [-2.02778, 53.55528]}}, {"type": "Feature", "properties": {"t": "2412-Other sport and recreation constructions"}, "geometry": {"type": "Point", "coordinates": [-2.0272, 53.55525]}}, {"type": "Feature", "properties": {"t": "2412-Other sport and recreation constructions"}, "geometry": {"type": "Point", "coordinates": [-2.0271, 53.55528]}}, {"type": "Feature", "properties": {"t": "2412-Other sport and recreation constructions"}, "geometry": {"type": "Point", "coordinates": [-2.02767, 53.55531]}}, {"type": "Feature", "properties": {"t": "2302-Power plant constructions"}, "geometry": {"type": "Point", "coordinates": [-2.04476, 53.55531]}}, {"type": "Feature", "properties": {"t": "2412-Other sport and recreation constructions"}, "geometry": {"type": "Point", "coordinates": [-2.02687, 53.55533]}}, {"type": "Feature", "properties": {"t": "2412-Other sport and recreation constructions"}, "geometry": {"type": "Point", "coordinates": [-2.02756, 53.55534]}}, {"type": "Feature", "properties": {"t": "2412-Other sport and recreation constructions"}, "geometry": {"type": "Point", "coordinates": [-2.02699, 53.55532]}}, {"type": "Feature", "properties": {"t": "2412-Other sport and recreation constructions"}, "geometry": {"type": "Point", "coordinates": [-2.02539, 53.55535]}}, {"type": "Feature", "properties": {"t": "2412-Other sport and recreation constructions"}, "geometry": {"type": "Point", "coordinates": [-2.03161, 53.55548]}}, {"type": "Feature", "properties": {"t": "2412-Other sport and recreation constructions"}, "geometry": {"type": "Point", "coordinates": [-2.02671, 53.55537]}}, {"type": "Feature", "properties": {"t": "2412-Other sport and recreation constructions"}, "geometry": {"type": "Point", "coordinates": [-2.02894, 53.55539]}}, {"type": "Feature", "properties": {"t": "2412-Other sport and recreation constructions"}, "geometry": {"type": "Point", "coordinates": [-2.02531, 53.55541]}}, {"type": "Feature", "properties": {"t": "2412-Other sport and recreation constructions"}, "geometry": {"type": "Point", "coordinates": [-2.02794, 53.55543]}}, {"type": "Feature", "properties": {"t": "2412-Other sport and recreation constructions"}, "geometry": {"type": "Point", "coordinates": [-2.02522, 53.55545]}}, {"type": "Feature", "properties": {"t": "2412-Other sport and recreation constructions"}, "geometry": {"type": "Point", "coordinates": [-2.02699, 53.55547]}}, {"type": "Feature", "properties": {"t": "2412-Other sport and recreation constructions"}, "geometry": {"type": "Point", "coordinates": [-2.02712, 53.55547]}}, {"type": "Feature", "properties": {"t": "2412-Other sport and recreation constructions"}, "geometry": {"type": "Point", "coordinates": [-2.02306, 53.55542]}}, {"type": "Feature", "properties": {"t": "2412-Other sport and recreation constructions"}, "geometry": {"type": "Point", "coordinates": [-2.02561, 53.55549]}}, {"type": "Feature", "properties": {"t": "2412-Other sport and recreation constructions"}, "geometry": {"type": "Point", "coordinates": [-2.02512, 53.5555]}}, {"type": "Feature", "properties": {"t": "2412-Other sport and recreation constructions"}, "geometry": {"type": "Point", "coordinates": [-2.02638, 53.55548]}}, {"type": "Feature", "properties": {"t": "2412-Other sport and recreation constructions"}, "geometry": {"type": "Point", "coordinates": [-2.02683, 53.55551]}}, {"type": "Feature", "properties": {"t": "2412-Other sport and recreation constructions"}, "geometry": {"type": "Point", "coordinates": [-2.02765, 53.55553]}}, {"type": "Feature", "properties": {"t": "2412-Other sport and recreation constructions"}, "geometry": {"type": "Point", "coordinates": [-2.02551, 53.55553]}}, {"type": "Feature", "properties": {"t": "2412-Other sport and recreation constructions"}, "geometry": {"type": "Point", "coordinates": [-2.02502, 53.55557]}}, {"type": "Feature", "properties": {"t": "2412-Other sport and recreation constructions"}, "geometry": {"type": "Point", "coordinates": [-2.02541, 53.55558]}}, {"type": "Feature", "properties": {"t": "2412-Other sport and recreation constructions"}, "geometry": {"type": "Point", "coordinates": [-2.02534, 53.55563]}}, {"type": "Feature", "properties": {"t": "2412-Other sport and recreation constructions"}, "geometry": {"type": "Point", "coordinates": [-2.02494, 53.55562]}}, {"type": "Feature", "properties": {"t": "2412-Other sport and recreation constructions"}, "geometry": {"type": "Point", "coordinates": [-2.02485, 53.5557]}}, {"type": "Feature", "properties": {"t": "2412-Other sport and recreation constructions"}, "geometry": {"type": "Point", "coordinates": [-2.02521, 53.5557]}}, {"type": "Feature", "properties": {"t": "2412-Other sport and recreation constructions"}, "geometry": {"type": "Point", "coordinates": [-2.02619, 53.55572]}}, {"type": "Feature", "properties": {"t": "2412-Other sport and recreation constructions"}, "geometry": {"type": "Point", "coordinates": [-2.02566, 53.55572]}}, {"type": "Feature", "properties": {"t": "2412-Other sport and recreation constructions"}, "geometry": {"type": "Point", "coordinates": [-2.02515, 53.55573]}}, {"type": "Feature", "properties": {"t": "2412-Other sport and recreation constructions"}, "geometry": {"type": "Point", "coordinates": [-2.02467, 53.55572]}}, {"type": "Feature", "properties": {"t": "2412-Other sport and recreation constructions"}, "geometry": {"type": "Point", "coordinates": [-2.02439, 53.55576]}}, {"type": "Feature", "properties": {"t": "2412-Other sport and recreation constructions"}, "geometry": {"type": "Point", "coordinates": [-2.02552, 53.55579]}}, {"type": "Feature", "properties": {"t": "2412-Other sport and recreation constructions"}, "geometry": {"type": "Point", "coordinates": [-2.02422, 53.55576]}}, {"type": "Feature", "properties": {"t": "2412-Other sport and recreation constructions"}, "geometry": {"type": "Point", "coordinates": [-2.02454, 53.5558]}}, {"type": "Feature", "properties": {"t": "2412-Other sport and recreation constructions"}, "geometry": {"type": "Point", "coordinates": [-2.02503, 53.55581]}}, {"type": "Feature", "properties": {"t": "2412-Other sport and recreation constructions"}, "geometry": {"type": "Point", "coordinates": [-2.02403, 53.55581]}}, {"type": "Feature", "properties": {"t": "2412-Other sport and recreation constructions"}, "geometry": {"type": "Point", "coordinates": [-2.02309, 53.55583]}}, {"type": "Feature", "properties": {"t": "2412-Other sport and recreation constructions"}, "geometry": {"type": "Point", "coordinates": [-2.02499, 53.55585]}}, {"type": "Feature", "properties": {"t": "2412-Other sport and recreation constructions"}, "geometry": {"type": "Point", "coordinates": [-2.02384, 53.55585]}}, {"type": "Feature", "properties": {"t": "2412-Other sport and recreation constructions"}, "geometry": {"type": "Point", "coordinates": [-2.02475, 53.55587]}}, {"type": "Feature", "properties": {"t": "2412-Other sport and recreation constructions"}, "geometry": {"type": "Point", "coordinates": [-2.0229, 53.55592]}}, {"type": "Feature", "properties": {"t": "2412-Other sport and recreation constructions"}, "geometry": {"type": "Point", "coordinates": [-2.02367, 53.55592]}}, {"type": "Feature", "properties": {"t": "2412-Other sport and recreation constructions"}, "geometry": {"type": "Point", "coordinates": [-2.02494, 53.55592]}}, {"type": "Feature", "properties": {"t": "2412-Other sport and recreation constructions"}, "geometry": {"type": "Point", "coordinates": [-2.02358, 53.55595]}}, {"type": "Feature", "properties": {"t": "2412-Other sport and recreation constructions"}, "geometry": {"type": "Point", "coordinates": [-2.02495, 53.55596]}}, {"type": "Feature", "properties": {"t": "2412-Other sport and recreation constructions"}, "geometry": {"type": "Point", "coordinates": [-2.0244, 53.55595]}}, {"type": "Feature", "properties": {"t": "2412-Other sport and recreation constructions"}, "geometry": {"type": "Point", "coordinates": [-2.02419, 53.55596]}}, {"type": "Feature", "properties": {"t": "2412-Other sport and recreation constructions"}, "geometry": {"type": "Point", "coordinates": [-2.02331, 53.55599]}}, {"type": "Feature", "properties": {"t": "2412-Other sport and recreation constructions"}, "geometry": {"type": "Point", "coordinates": [-2.0235, 53.55599]}}, {"type": "Feature", "properties": {"t": "2412-Other sport and recreation constructions"}, "geometry": {"type": "Point", "coordinates": [-2.02483, 53.55601]}}, {"type": "Feature", "properties": {"t": "2412-Other sport and recreation constructions"}, "geometry": {"type": "Point", "coordinates": [-2.02471, 53.55602]}}, {"type": "Feature", "properties": {"t": "2412-Other sport and recreation constructions"}, "geometry": {"type": "Point", "coordinates": [-2.02397, 53.55602]}}, {"type": "Feature", "properties": {"t": "2412-Other sport and recreation constructions"}, "geometry": {"type": "Point", "coordinates": [-2.0234, 53.55601]}}, {"type": "Feature", "properties": {"t": "2412-Other sport and recreation constructions"}, "geometry": {"type": "Point", "coordinates": [-2.02262, 53.55604]}}, {"type": "Feature", "properties": {"t": "2412-Other sport and recreation constructions"}, "geometry": {"type": "Point", "coordinates": [-2.02318, 53.55604]}}, {"type": "Feature", "properties": {"t": "2412-Other sport and recreation constructions"}, "geometry": {"type": "Point", "coordinates": [-2.02461, 53.55605]}}, {"type": "Feature", "properties": {"t": "2412-Other sport and recreation constructions"}, "geometry": {"type": "Point", "coordinates": [-2.02377, 53.55602]}}, {"type": "Feature", "properties": {"t": "2412-Other sport and recreation constructions"}, "geometry": {"type": "Point", "coordinates": [-2.02307, 53.55601]}}, {"type": "Feature", "properties": {"t": "2412-Other sport and recreation constructions"}, "geometry": {"type": "Point", "coordinates": [-2.02287, 53.55603]}}, {"type": "Feature", "properties": {"t": "2412-Other sport and recreation constructions"}, "geometry": {"type": "Point", "coordinates": [-2.02454, 53.55607]}}, {"type": "Feature", "properties": {"t": "2412-Other sport and recreation constructions"}, "geometry": {"type": "Point", "coordinates": [-2.02295, 53.55607]}}, {"type": "Feature", "properties": {"t": "2412-Other sport and recreation constructions"}, "geometry": {"type": "Point", "coordinates": [-2.02439, 53.5561]}}, {"type": "Feature", "properties": {"t": "2412-Other sport and recreation constructions"}, "geometry": {"type": "Point", "coordinates": [-2.02418, 53.55613]}}, {"type": "Feature", "properties": {"t": "2412-Other sport and recreation constructions"}, "geometry": {"type": "Point", "coordinates": [-2.02431, 53.55612]}}, {"type": "Feature", "properties": {"t": "2412-Other sport and recreation constructions"}, "geometry": {"type": "Point", "coordinates": [-2.02274, 53.55612]}}, {"type": "Feature", "properties": {"t": "2412-Other sport and recreation constructions"}, "geometry": {"type": "Point", "coordinates": [-2.02283, 53.55616]}}, {"type": "Feature", "properties": {"t": "2412-Other sport and recreation constructions"}, "geometry": {"type": "Point", "coordinates": [-2.02396, 53.55619]}}, {"type": "Feature", "properties": {"t": "2412-Other sport and recreation constructions"}, "geometry": {"type": "Point", "coordinates": [-2.02292, 53.5562]}}, {"type": "Feature", "properties": {"t": "2412-Other sport and recreation constructions"}, "geometry": {"type": "Point", "coordinates": [-2.02384, 53.55622]}}, {"type": "Feature", "properties": {"t": "2412-Other sport and recreation constructions"}, "geometry": {"type": "Point", "coordinates": [-2.02374, 53.55624]}}, {"type": "Feature", "properties": {"t": "2412-Other sport and recreation constructions"}, "geometry": {"type": "Point", "coordinates": [-2.02305, 53.55624]}}, {"type": "Feature", "properties": {"t": "2412-Other sport and recreation constructions"}, "geometry": {"type": "Point", "coordinates": [-2.02317, 53.55626]}}, {"type": "Feature", "properties": {"t": "2412-Other sport and recreation constructions"}, "geometry": {"type": "Point", "coordinates": [-2.02365, 53.55626]}}, {"type": "Feature", "properties": {"t": "2412-Other sport and recreation constructions"}, "geometry": {"type": "Point", "coordinates": [-2.02346, 53.55628]}}, {"type": "Feature", "properties": {"t": "2412-Other sport and recreation constructions"}, "geometry": {"type": "Point", "coordinates": [-2.0878, 53.55116]}}, {"type": "Feature", "properties": {"t": "2412-Other sport and recreation constructions"}, "geometry": {"type": "Point", "coordinates": [-2.08649, 53.55116]}}, {"type": "Feature", "properties": {"t": "2412-Other sport and recreation constructions"}, "geometry": {"type": "Point", "coordinates": [-2.08755, 53.55116]}}, {"type": "Feature", "properties": {"t": "2412-Other sport and recreation constructions"}, "geometry": {"type": "Point", "coordinates": [-2.08814, 53.55116]}}, {"type": "Feature", "properties": {"t": "2412-Other sport and recreation constructions"}, "geometry": {"type": "Point", "coordinates": [-2.08786, 53.55117]}}, {"type": "Feature", "properties": {"t": "2412-Other sport and recreation constructions"}, "geometry": {"type": "Point", "coordinates": [-2.08763, 53.55118]}}, {"type": "Feature", "properties": {"t": "2412-Other sport and recreation constructions"}, "geometry": {"type": "Point", "coordinates": [-2.08822, 53.55118]}}, {"type": "Feature", "properties": {"t": "2412-Other sport and recreation constructions"}, "geometry": {"type": "Point", "coordinates": [-2.08767, 53.55119]}}, {"type": "Feature", "properties": {"t": "2412-Other sport and recreation constructions"}, "geometry": {"type": "Point", "coordinates": [-2.08646, 53.5512]}}, {"type": "Feature", "properties": {"t": "2412-Other sport and recreation constructions"}, "geometry": {"type": "Point", "coordinates": [-2.08829, 53.55121]}}, {"type": "Feature", "properties": {"t": "2412-Other sport and recreation constructions"}, "geometry": {"type": "Point", "coordinates": [-2.08773, 53.55121]}}, {"type": "Feature", "properties": {"t": "2412-Other sport and recreation constructions"}, "geometry": {"type": "Point", "coordinates": [-2.08798, 53.55122]}}, {"type": "Feature", "properties": {"t": "2412-Other sport and recreation constructions"}, "geometry": {"type": "Point", "coordinates": [-2.08837, 53.55123]}}, {"type": "Feature", "properties": {"t": "2412-Other sport and recreation constructions"}, "geometry": {"type": "Point", "coordinates": [-2.0878, 53.55123]}}, {"type": "Feature", "properties": {"t": "2412-Other sport and recreation constructions"}, "geometry": {"type": "Point", "coordinates": [-2.08643, 53.55124]}}, {"type": "Feature", "properties": {"t": "2412-Other sport and recreation constructions"}, "geometry": {"type": "Point", "coordinates": [-2.08807, 53.55125]}}, {"type": "Feature", "properties": {"t": "2412-Other sport and recreation constructions"}, "geometry": {"type": "Point", "coordinates": [-2.08846, 53.55125]}}, {"type": "Feature", "properties": {"t": "2412-Other sport and recreation constructions"}, "geometry": {"type": "Point", "coordinates": [-2.0879, 53.55126]}}, {"type": "Feature", "properties": {"t": "2412-Other sport and recreation constructions"}, "geometry": {"type": "Point", "coordinates": [-2.08815, 53.55127]}}, {"type": "Feature", "properties": {"t": "2412-Other sport and recreation constructions"}, "geometry": {"type": "Point", "coordinates": [-2.08796, 53.55128]}}, {"type": "Feature", "properties": {"t": "2412-Other sport and recreation constructions"}, "geometry": {"type": "Point", "coordinates": [-2.08639, 53.55128]}}, {"type": "Feature", "properties": {"t": "2412-Other sport and recreation constructions"}, "geometry": {"type": "Point", "coordinates": [-2.08822, 53.55129]}}, {"type": "Feature", "properties": {"t": "2412-Other sport and recreation constructions"}, "geometry": {"type": "Point", "coordinates": [-2.08802, 53.5513]}}, {"type": "Feature", "properties": {"t": "2412-Other sport and recreation constructions"}, "geometry": {"type": "Point", "coordinates": [-2.08808, 53.55131]}}, {"type": "Feature", "properties": {"t": "2412-Other sport and recreation constructions"}, "geometry": {"type": "Point", "coordinates": [-2.08829, 53.55132]}}, {"type": "Feature", "properties": {"t": "2412-Other sport and recreation constructions"}, "geometry": {"type": "Point", "coordinates": [-2.08842, 53.55133]}}, {"type": "Feature", "properties": {"t": "2412-Other sport and recreation constructions"}, "geometry": {"type": "Point", "coordinates": [-2.08814, 53.55133]}}, {"type": "Feature", "properties": {"t": "2412-Other sport and recreation constructions"}, "geometry": {"type": "Point", "coordinates": [-2.0882, 53.55135]}}, {"type": "Feature", "properties": {"t": "2412-Other sport and recreation constructions"}, "geometry": {"type": "Point", "coordinates": [-2.08826, 53.55136]}}, {"type": "Feature", "properties": {"t": "2412-Other sport and recreation constructions"}, "geometry": {"type": "Point", "coordinates": [-2.08831, 53.55138]}}, {"type": "Feature", "properties": {"t": "2412-Other sport and recreation constructions"}, "geometry": {"type": "Point", "coordinates": [-2.08839, 53.55141]}}, {"type": "Feature", "properties": {"t": "2412-Other sport and recreation constructions"}, "geometry": {"type": "Point", "coordinates": [-2.08656, 53.55141]}}, {"type": "Feature", "properties": {"t": "2412-Other sport and recreation constructions"}, "geometry": {"type": "Point", "coordinates": [-2.08653, 53.55145]}}, {"type": "Feature", "properties": {"t": "2412-Other sport and recreation constructions"}, "geometry": {"type": "Point", "coordinates": [-2.0874, 53.55148]}}, {"type": "Feature", "properties": {"t": "2412-Other sport and recreation constructions"}, "geometry": {"type": "Point", "coordinates": [-2.0865, 53.55148]}}, {"type": "Feature", "properties": {"t": "2412-Other sport and recreation constructions"}, "geometry": {"type": "Point", "coordinates": [-2.08682, 53.55149]}}, {"type": "Feature", "properties": {"t": "2412-Other sport and recreation constructions"}, "geometry": {"type": "Point", "coordinates": [-2.08746, 53.5515]}}, {"type": "Feature", "properties": {"t": "2412-Other sport and recreation constructions"}, "geometry": {"type": "Point", "coordinates": [-2.08647, 53.55152]}}, {"type": "Feature", "properties": {"t": "2412-Other sport and recreation constructions"}, "geometry": {"type": "Point", "coordinates": [-2.08751, 53.55153]}}, {"type": "Feature", "properties": {"t": "2412-Other sport and recreation constructions"}, "geometry": {"type": "Point", "coordinates": [-2.08677, 53.55154]}}, {"type": "Feature", "properties": {"t": "2412-Other sport and recreation constructions"}, "geometry": {"type": "Point", "coordinates": [-2.08757, 53.55155]}}, {"type": "Feature", "properties": {"t": "2412-Other sport and recreation constructions"}, "geometry": {"type": "Point", "coordinates": [-2.08732, 53.55156]}}, {"type": "Feature", "properties": {"t": "2412-Other sport and recreation constructions"}, "geometry": {"type": "Point", "coordinates": [-2.08764, 53.55156]}}, {"type": "Feature", "properties": {"t": "2412-Other sport and recreation constructions"}, "geometry": {"type": "Point", "coordinates": [-2.0877, 53.55157]}}, {"type": "Feature", "properties": {"t": "2412-Other sport and recreation constructions"}, "geometry": {"type": "Point", "coordinates": [-2.08673, 53.55158]}}, {"type": "Feature", "properties": {"t": "2412-Other sport and recreation constructions"}, "geometry": {"type": "Point", "coordinates": [-2.08776, 53.55159]}}, {"type": "Feature", "properties": {"t": "2412-Other sport and recreation constructions"}, "geometry": {"type": "Point", "coordinates": [-2.08728, 53.5516]}}, {"type": "Feature", "properties": {"t": "2412-Other sport and recreation constructions"}, "geometry": {"type": "Point", "coordinates": [-2.08782, 53.55161]}}, {"type": "Feature", "properties": {"t": "2412-Other sport and recreation constructions"}, "geometry": {"type": "Point", "coordinates": [-2.08753, 53.55162]}}, {"type": "Feature", "properties": {"t": "2412-Other sport and recreation constructions"}, "geometry": {"type": "Point", "coordinates": [-2.08668, 53.55162]}}, {"type": "Feature", "properties": {"t": "2412-Other sport and recreation constructions"}, "geometry": {"type": "Point", "coordinates": [-2.08788, 53.55163]}}, {"type": "Feature", "properties": {"t": "2412-Other sport and recreation constructions"}, "geometry": {"type": "Point", "coordinates": [-2.08682, 53.55163]}}, {"type": "Feature", "properties": {"t": "2412-Other sport and recreation constructions"}, "geometry": {"type": "Point", "coordinates": [-2.08724, 53.55165]}}, {"type": "Feature", "properties": {"t": "2412-Other sport and recreation constructions"}, "geometry": {"type": "Point", "coordinates": [-2.08793, 53.55165]}}, {"type": "Feature", "properties": {"t": "2412-Other sport and recreation constructions"}, "geometry": {"type": "Point", "coordinates": [-2.08767, 53.55166]}}, {"type": "Feature", "properties": {"t": "2412-Other sport and recreation constructions"}, "geometry": {"type": "Point", "coordinates": [-2.08799, 53.55166]}}, {"type": "Feature", "properties": {"t": "2412-Other sport and recreation constructions"}, "geometry": {"type": "Point", "coordinates": [-2.08749, 53.55166]}}, {"type": "Feature", "properties": {"t": "2412-Other sport and recreation constructions"}, "geometry": {"type": "Point", "coordinates": [-2.08679, 53.55168]}}, {"type": "Feature", "properties": {"t": "2412-Other sport and recreation constructions"}, "geometry": {"type": "Point", "coordinates": [-2.08721, 53.55169]}}, {"type": "Feature", "properties": {"t": "2412-Other sport and recreation constructions"}, "geometry": {"type": "Point", "coordinates": [-2.08761, 53.55169]}}, {"type": "Feature", "properties": {"t": "2412-Other sport and recreation constructions"}, "geometry": {"type": "Point", "coordinates": [-2.08744, 53.5517]}}, {"type": "Feature", "properties": {"t": "2412-Other sport and recreation constructions"}, "geometry": {"type": "Point", "coordinates": [-2.08783, 53.55172]}}, {"type": "Feature", "properties": {"t": "2412-Other sport and recreation constructions"}, "geometry": {"type": "Point", "coordinates": [-2.08755, 53.55173]}}, {"type": "Feature", "properties": {"t": "2412-Other sport and recreation constructions"}, "geometry": {"type": "Point", "coordinates": [-2.08737, 53.55174]}}, {"type": "Feature", "properties": {"t": "2412-Other sport and recreation constructions"}, "geometry": {"type": "Point", "coordinates": [-2.08721, 53.55174]}}, {"type": "Feature", "properties": {"t": "2412-Other sport and recreation constructions"}, "geometry": {"type": "Point", "coordinates": [-2.08748, 53.55177]}}, {"type": "Feature", "properties": {"t": "2412-Other sport and recreation constructions"}, "geometry": {"type": "Point", "coordinates": [-2.0873, 53.55177]}}, {"type": "Feature", "properties": {"t": "2412-Other sport and recreation constructions"}, "geometry": {"type": "Point", "coordinates": [-2.08776, 53.55179]}}, {"type": "Feature", "properties": {"t": "2412-Other sport and recreation constructions"}, "geometry": {"type": "Point", "coordinates": [-2.08738, 53.5518]}}, {"type": "Feature", "properties": {"t": "2412-Other sport and recreation constructions"}, "geometry": {"type": "Point", "coordinates": [-2.08711, 53.55182]}}, {"type": "Feature", "properties": {"t": "2412-Other sport and recreation constructions"}, "geometry": {"type": "Point", "coordinates": [-2.08411, 53.55362]}}, {"type": "Feature", "properties": {"t": "2412-Other sport and recreation constructions"}, "geometry": {"type": "Point", "coordinates": [-2.07942, 53.56249]}}, {"type": "Feature", "properties": {"t": "2412-Other sport and recreation constructions"}, "geometry": {"type": "Point", "coordinates": [-2.07931, 53.5625]}}, {"type": "Feature", "properties": {"t": "2412-Other sport and recreation constructions"}, "geometry": {"type": "Point", "coordinates": [-2.07923, 53.56252]}}, {"type": "Feature", "properties": {"t": "2412-Other sport and recreation constructions"}, "geometry": {"type": "Point", "coordinates": [-2.07913, 53.56253]}}, {"type": "Feature", "properties": {"t": "2412-Other sport and recreation constructions"}, "geometry": {"type": "Point", "coordinates": [-2.07903, 53.56256]}}, {"type": "Feature", "properties": {"t": "2412-Other sport and recreation constructions"}, "geometry": {"type": "Point", "coordinates": [-2.07893, 53.56257]}}, {"type": "Feature", "properties": {"t": "2412-Other sport and recreation constructions"}, "geometry": {"type": "Point", "coordinates": [-2.0788, 53.56267]}}, {"type": "Feature", "properties": {"t": "2412-Other sport and recreation constructions"}, "geometry": {"type": "Point", "coordinates": [-2.08286, 53.56325]}}, {"type": "Feature", "properties": {"t": "2412-Other sport and recreation constructions"}, "geometry": {"type": "Point", "coordinates": [-2.08427, 53.5646]}}, {"type": "Feature", "properties": {"t": "2412-Other sport and recreation constructions"}, "geometry": {"type": "Point", "coordinates": [-2.0891, 53.54837]}}, {"type": "Feature", "properties": {"t": "2412-Other sport and recreation constructions"}, "geometry": {"type": "Point", "coordinates": [-2.08906, 53.54843]}}, {"type": "Feature", "properties": {"t": "2412-Other sport and recreation constructions"}, "geometry": {"type": "Point", "coordinates": [-2.08901, 53.54849]}}, {"type": "Feature", "properties": {"t": "2412-Other sport and recreation constructions"}, "geometry": {"type": "Point", "coordinates": [-2.08393, 53.56461]}}, {"type": "Feature", "properties": {"t": "2412-Other sport and recreation constructions"}, "geometry": {"type": "Point", "coordinates": [-2.08416, 53.56475]}}, {"type": "Feature", "properties": {"t": "2412-Other sport and recreation constructions"}, "geometry": {"type": "Point", "coordinates": [-2.07502, 53.56579]}}, {"type": "Feature", "properties": {"t": "2412-Other sport and recreation constructions"}, "geometry": {"type": "Point", "coordinates": [-2.07885, 53.56581]}}, {"type": "Feature", "properties": {"t": "2412-Other sport and recreation constructions"}, "geometry": {"type": "Point", "coordinates": [-2.07506, 53.56584]}}, {"type": "Feature", "properties": {"t": "2412-Other sport and recreation constructions"}, "geometry": {"type": "Point", "coordinates": [-2.07479, 53.56584]}}, {"type": "Feature", "properties": {"t": "2412-Other sport and recreation constructions"}, "geometry": {"type": "Point", "coordinates": [-2.0751, 53.56589]}}, {"type": "Feature", "properties": {"t": "2412-Other sport and recreation constructions"}, "geometry": {"type": "Point", "coordinates": [-2.07483, 53.5659]}}, {"type": "Feature", "properties": {"t": "2412-Other sport and recreation constructions"}, "geometry": {"type": "Point", "coordinates": [-2.07658, 53.56593]}}, {"type": "Feature", "properties": {"t": "2412-Other sport and recreation constructions"}, "geometry": {"type": "Point", "coordinates": [-2.07514, 53.56595]}}, {"type": "Feature", "properties": {"t": "2412-Other sport and recreation constructions"}, "geometry": {"type": "Point", "coordinates": [-2.10123, 53.55175]}}, {"type": "Feature", "properties": {"t": "2412-Other sport and recreation constructions"}, "geometry": {"type": "Point", "coordinates": [-2.10125, 53.55179]}}, {"type": "Feature", "properties": {"t": "2412-Other sport and recreation constructions"}, "geometry": {"type": "Point", "coordinates": [-2.10006, 53.55179]}}, {"type": "Feature", "properties": {"t": "2412-Other sport and recreation constructions"}, "geometry": {"type": "Point", "coordinates": [-2.101, 53.5518]}}, {"type": "Feature", "properties": {"t": "2412-Other sport and recreation constructions"}, "geometry": {"type": "Point", "coordinates": [-2.10078, 53.5518]}}, {"type": "Feature", "properties": {"t": "2412-Other sport and recreation constructions"}, "geometry": {"type": "Point", "coordinates": [-2.10035, 53.55181]}}, {"type": "Feature", "properties": {"t": "2412-Other sport and recreation constructions"}, "geometry": {"type": "Point", "coordinates": [-2.10038, 53.55185]}}, {"type": "Feature", "properties": {"t": "2412-Other sport and recreation constructions"}, "geometry": {"type": "Point", "coordinates": [-2.10102, 53.55186]}}, {"type": "Feature", "properties": {"t": "2412-Other sport and recreation constructions"}, "geometry": {"type": "Point", "coordinates": [-2.10011, 53.55186]}}, {"type": "Feature", "properties": {"t": "2412-Other sport and recreation constructions"}, "geometry": {"type": "Point", "coordinates": [-2.10083, 53.55186]}}, {"type": "Feature", "properties": {"t": "2412-Other sport and recreation constructions"}, "geometry": {"type": "Point", "coordinates": [-2.10129, 53.55186]}}, {"type": "Feature", "properties": {"t": "2412-Other sport and recreation constructions"}, "geometry": {"type": "Point", "coordinates": [-2.10131, 53.5519]}}, {"type": "Feature", "properties": {"t": "2412-Other sport and recreation constructions"}, "geometry": {"type": "Point", "coordinates": [-2.10103, 53.55192]}}, {"type": "Feature", "properties": {"t": "2412-Other sport and recreation constructions"}, "geometry": {"type": "Point", "coordinates": [-2.10088, 53.55193]}}, {"type": "Feature", "properties": {"t": "2412-Other sport and recreation constructions"}, "geometry": {"type": "Point", "coordinates": [-2.10016, 53.55193]}}, {"type": "Feature", "properties": {"t": "2412-Other sport and recreation constructions"}, "geometry": {"type": "Point", "coordinates": [-2.10044, 53.55194]}}, {"type": "Feature", "properties": {"t": "2412-Other sport and recreation constructions"}, "geometry": {"type": "Point", "coordinates": [-2.10109, 53.55198]}}, {"type": "Feature", "properties": {"t": "2412-Other sport and recreation constructions"}, "geometry": {"type": "Point", "coordinates": [-2.10134, 53.55198]}}, {"type": "Feature", "properties": {"t": "2412-Other sport and recreation constructions"}, "geometry": {"type": "Point", "coordinates": [-2.10048, 53.55199]}}, {"type": "Feature", "properties": {"t": "2412-Other sport and recreation constructions"}, "geometry": {"type": "Point", "coordinates": [-2.10093, 53.55199]}}, {"type": "Feature", "properties": {"t": "2412-Other sport and recreation constructions"}, "geometry": {"type": "Point", "coordinates": [-2.1002, 53.55199]}}, {"type": "Feature", "properties": {"t": "2412-Other sport and recreation constructions"}, "geometry": {"type": "Point", "coordinates": [-2.10136, 53.55201]}}, {"type": "Feature", "properties": {"t": "2412-Other sport and recreation constructions"}, "geometry": {"type": "Point", "coordinates": [-2.10116, 53.55203]}}, {"type": "Feature", "properties": {"t": "2412-Other sport and recreation constructions"}, "geometry": {"type": "Point", "coordinates": [-2.10097, 53.55205]}}, {"type": "Feature", "properties": {"t": "2412-Other sport and recreation constructions"}, "geometry": {"type": "Point", "coordinates": [-2.10026, 53.55206]}}, {"type": "Feature", "properties": {"t": "2412-Other sport and recreation constructions"}, "geometry": {"type": "Point", "coordinates": [-2.10102, 53.55212]}}, {"type": "Feature", "properties": {"t": "2412-Other sport and recreation constructions"}, "geometry": {"type": "Point", "coordinates": [-2.10124, 53.55212]}}, {"type": "Feature", "properties": {"t": "2412-Other sport and recreation constructions"}, "geometry": {"type": "Point", "coordinates": [-2.10052, 53.55217]}}, {"type": "Feature", "properties": {"t": "2412-Other sport and recreation constructions"}, "geometry": {"type": "Point", "coordinates": [-2.10107, 53.55218]}}, {"type": "Feature", "properties": {"t": "2412-Other sport and recreation constructions"}, "geometry": {"type": "Point", "coordinates": [-2.10112, 53.55224]}}, {"type": "Feature", "properties": {"t": "2412-Other sport and recreation constructions"}, "geometry": {"type": "Point", "coordinates": [-2.1003, 53.55225]}}, {"type": "Feature", "properties": {"t": "2412-Other sport and recreation constructions"}, "geometry": {"type": "Point", "coordinates": [-2.10131, 53.55227]}}, {"type": "Feature", "properties": {"t": "2412-Other sport and recreation constructions"}, "geometry": {"type": "Point", "coordinates": [-2.10117, 53.5523]}}, {"type": "Feature", "properties": {"t": "2412-Other sport and recreation constructions"}, "geometry": {"type": "Point", "coordinates": [-2.10033, 53.55231]}}, {"type": "Feature", "properties": {"t": "2412-Other sport and recreation constructions"}, "geometry": {"type": "Point", "coordinates": [-2.10037, 53.55234]}}, {"type": "Feature", "properties": {"t": "2412-Other sport and recreation constructions"}, "geometry": {"type": "Point", "coordinates": [-2.10149, 53.55236]}}, {"type": "Feature", "properties": {"t": "2412-Other sport and recreation constructions"}, "geometry": {"type": "Point", "coordinates": [-2.10066, 53.55235]}}, {"type": "Feature", "properties": {"t": "2412-Other sport and recreation constructions"}, "geometry": {"type": "Point", "coordinates": [-2.10121, 53.55236]}}, {"type": "Feature", "properties": {"t": "2412-Other sport and recreation constructions"}, "geometry": {"type": "Point", "coordinates": [-2.10042, 53.55239]}}, {"type": "Feature", "properties": {"t": "2412-Other sport and recreation constructions"}, "geometry": {"type": "Point", "coordinates": [-2.10127, 53.55242]}}, {"type": "Feature", "properties": {"t": "2412-Other sport and recreation constructions"}, "geometry": {"type": "Point", "coordinates": [-2.10044, 53.55246]}}, {"type": "Feature", "properties": {"t": "2412-Other sport and recreation constructions"}, "geometry": {"type": "Point", "coordinates": [-2.1013, 53.55249]}}, {"type": "Feature", "properties": {"t": "2412-Other sport and recreation constructions"}, "geometry": {"type": "Point", "coordinates": [-2.10107, 53.55249]}}, {"type": "Feature", "properties": {"t": "2412-Other sport and recreation constructions"}, "geometry": {"type": "Point", "coordinates": [-2.10048, 53.5525]}}, {"type": "Feature", "properties": {"t": "2412-Other sport and recreation constructions"}, "geometry": {"type": "Point", "coordinates": [-2.1011, 53.55253]}}, {"type": "Feature", "properties": {"t": "2412-Other sport and recreation constructions"}, "geometry": {"type": "Point", "coordinates": [-2.10056, 53.55254]}}, {"type": "Feature", "properties": {"t": "2412-Other sport and recreation constructions"}, "geometry": {"type": "Point", "coordinates": [-2.10134, 53.55255]}}, {"type": "Feature", "properties": {"t": "2412-Other sport and recreation constructions"}, "geometry": {"type": "Point", "coordinates": [-2.10117, 53.55261]}}, {"type": "Feature", "properties": {"t": "2412-Other sport and recreation constructions"}, "geometry": {"type": "Point", "coordinates": [-2.10058, 53.55261]}}, {"type": "Feature", "properties": {"t": "2412-Other sport and recreation constructions"}, "geometry": {"type": "Point", "coordinates": [-2.1006, 53.55266]}}, {"type": "Feature", "properties": {"t": "2412-Other sport and recreation constructions"}, "geometry": {"type": "Point", "coordinates": [-2.09829, 53.54947]}}, {"type": "Feature", "properties": {"t": "2412-Other sport and recreation constructions"}, "geometry": {"type": "Point", "coordinates": [-2.09524, 53.54955]}}, {"type": "Feature", "properties": {"t": "2412-Other sport and recreation constructions"}, "geometry": {"type": "Point", "coordinates": [-2.09833, 53.54952]}}, {"type": "Feature", "properties": {"t": "2412-Other sport and recreation constructions"}, "geometry": {"type": "Point", "coordinates": [-2.09836, 53.54957]}}, {"type": "Feature", "properties": {"t": "2412-Other sport and recreation constructions"}, "geometry": {"type": "Point", "coordinates": [-2.09839, 53.54962]}}, {"type": "Feature", "properties": {"t": "2412-Other sport and recreation constructions"}, "geometry": {"type": "Point", "coordinates": [-2.09843, 53.54967]}}, {"type": "Feature", "properties": {"t": "2411-Sports grounds"}, "geometry": {"type": "Point", "coordinates": [-2.09577, 53.55387]}}, {"type": "Feature", "properties": {"t": "2412-Other sport and recreation constructions"}, "geometry": {"type": "Point", "coordinates": [-2.0966, 53.55458]}}, {"type": "Feature", "properties": {"t": "2412-Other sport and recreation constructions"}, "geometry": {"type": "Point", "coordinates": [-2.10122, 53.55267]}}, {"type": "Feature", "properties": {"t": "2412-Other sport and recreation constructions"}, "geometry": {"type": "Point", "coordinates": [-2.10063, 53.55269]}}, {"type": "Feature", "properties": {"t": "2412-Other sport and recreation constructions"}, "geometry": {"type": "Point", "coordinates": [-2.10091, 53.5527]}}, {"type": "Feature", "properties": {"t": "2412-Other sport and recreation constructions"}, "geometry": {"type": "Point", "coordinates": [-2.10134, 53.55273]}}, {"type": "Feature", "properties": {"t": "2412-Other sport and recreation constructions"}, "geometry": {"type": "Point", "coordinates": [-2.10069, 53.55274]}}, {"type": "Feature", "properties": {"t": "2412-Other sport and recreation constructions"}, "geometry": {"type": "Point", "coordinates": [-2.10008, 53.56435]}}, {"type": "Feature", "properties": {"t": "2411-Sports grounds"}, "geometry": {"type": "Point", "coordinates": [-2.10295, 53.56878]}}, {"type": "Feature", "properties": {"t": "2412-Other sport and recreation constructions"}, "geometry": {"type": "Point", "coordinates": [-2.10266, 53.56924]}}, {"type": "Feature", "properties": {"t": "2412-Other sport and recreation constructions"}, "geometry": {"type": "Point", "coordinates": [-2.10002, 53.57042]}}, {"type": "Feature", "properties": {"t": "2412-Other sport and recreation constructions"}, "geometry": {"type": "Point", "coordinates": [-2.07487, 53.56595]}}, {"type": "Feature", "properties": {"t": "2412-Other sport and recreation constructions"}, "geometry": {"type": "Point", "coordinates": [-2.07439, 53.56595]}}, {"type": "Feature", "properties": {"t": "2412-Other sport and recreation constructions"}, "geometry": {"type": "Point", "coordinates": [-2.07662, 53.56598]}}, {"type": "Feature", "properties": {"t": "2412-Other sport and recreation constructions"}, "geometry": {"type": "Point", "coordinates": [-2.07638, 53.56598]}}, {"type": "Feature", "properties": {"t": "2412-Other sport and recreation constructions"}, "geometry": {"type": "Point", "coordinates": [-2.07518, 53.566]}}, {"type": "Feature", "properties": {"t": "2412-Other sport and recreation constructions"}, "geometry": {"type": "Point", "coordinates": [-2.07491, 53.566]}}, {"type": "Feature", "properties": {"t": "2412-Other sport and recreation constructions"}, "geometry": {"type": "Point", "coordinates": [-2.07421, 53.56601]}}, {"type": "Feature", "properties": {"t": "2412-Other sport and recreation constructions"}, "geometry": {"type": "Point", "coordinates": [-2.07444, 53.56601]}}, {"type": "Feature", "properties": {"t": "2412-Other sport and recreation constructions"}, "geometry": {"type": "Point", "coordinates": [-2.07666, 53.56603]}}, {"type": "Feature", "properties": {"t": "2412-Other sport and recreation constructions"}, "geometry": {"type": "Point", "coordinates": [-2.07642, 53.56604]}}, {"type": "Feature", "properties": {"t": "2412-Other sport and recreation constructions"}, "geometry": {"type": "Point", "coordinates": [-2.07408, 53.56604]}}, {"type": "Feature", "properties": {"t": "2412-Other sport and recreation constructions"}, "geometry": {"type": "Point", "coordinates": [-2.07495, 53.56606]}}, {"type": "Feature", "properties": {"t": "2412-Other sport and recreation constructions"}, "geometry": {"type": "Point", "coordinates": [-2.07425, 53.56606]}}, {"type": "Feature", "properties": {"t": "2412-Other sport and recreation constructions"}, "geometry": {"type": "Point", "coordinates": [-2.07448, 53.56606]}}, {"type": "Feature", "properties": {"t": "2412-Other sport and recreation constructions"}, "geometry": {"type": "Point", "coordinates": [-2.07671, 53.56609]}}, {"type": "Feature", "properties": {"t": "2412-Other sport and recreation constructions"}, "geometry": {"type": "Point", "coordinates": [-2.07646, 53.56609]}}, {"type": "Feature", "properties": {"t": "2412-Other sport and recreation constructions"}, "geometry": {"type": "Point", "coordinates": [-2.07412, 53.56609]}}, {"type": "Feature", "properties": {"t": "2412-Other sport and recreation constructions"}, "geometry": {"type": "Point", "coordinates": [-2.07388, 53.56609]}}, {"type": "Feature", "properties": {"t": "2412-Other sport and recreation constructions"}, "geometry": {"type": "Point", "coordinates": [-2.07429, 53.56611]}}, {"type": "Feature", "properties": {"t": "2412-Other sport and recreation constructions"}, "geometry": {"type": "Point", "coordinates": [-2.07452, 53.56611]}}, {"type": "Feature", "properties": {"t": "2412-Other sport and recreation constructions"}, "geometry": {"type": "Point", "coordinates": [-2.07376, 53.56613]}}, {"type": "Feature", "properties": {"t": "2412-Other sport and recreation constructions"}, "geometry": {"type": "Point", "coordinates": [-2.07675, 53.56614]}}, {"type": "Feature", "properties": {"t": "2412-Other sport and recreation constructions"}, "geometry": {"type": "Point", "coordinates": [-2.0765, 53.56614]}}, {"type": "Feature", "properties": {"t": "2412-Other sport and recreation constructions"}, "geometry": {"type": "Point", "coordinates": [-2.07417, 53.56614]}}, {"type": "Feature", "properties": {"t": "2412-Other sport and recreation constructions"}, "geometry": {"type": "Point", "coordinates": [-2.07393, 53.56615]}}, {"type": "Feature", "properties": {"t": "2412-Other sport and recreation constructions"}, "geometry": {"type": "Point", "coordinates": [-2.07433, 53.56617]}}, {"type": "Feature", "properties": {"t": "2412-Other sport and recreation constructions"}, "geometry": {"type": "Point", "coordinates": [-2.07456, 53.56617]}}, {"type": "Feature", "properties": {"t": "2412-Other sport and recreation constructions"}, "geometry": {"type": "Point", "coordinates": [-2.07381, 53.56618]}}, {"type": "Feature", "properties": {"t": "2412-Other sport and recreation constructions"}, "geometry": {"type": "Point", "coordinates": [-2.07357, 53.56618]}}, {"type": "Feature", "properties": {"t": "2412-Other sport and recreation constructions"}, "geometry": {"type": "Point", "coordinates": [-2.07421, 53.5662]}}, {"type": "Feature", "properties": {"t": "2412-Other sport and recreation constructions"}, "geometry": {"type": "Point", "coordinates": [-2.07655, 53.5662]}}, {"type": "Feature", "properties": {"t": "2412-Other sport and recreation constructions"}, "geometry": {"type": "Point", "coordinates": [-2.07397, 53.5662]}}, {"type": "Feature", "properties": {"t": "2412-Other sport and recreation constructions"}, "geometry": {"type": "Point", "coordinates": [-2.07345, 53.56622]}}, {"type": "Feature", "properties": {"t": "2412-Other sport and recreation constructions"}, "geometry": {"type": "Point", "coordinates": [-2.07438, 53.56622]}}, {"type": "Feature", "properties": {"t": "2412-Other sport and recreation constructions"}, "geometry": {"type": "Point", "coordinates": [-2.07682, 53.56623]}}, {"type": "Feature", "properties": {"t": "2412-Other sport and recreation constructions"}, "geometry": {"type": "Point", "coordinates": [-2.07385, 53.56623]}}, {"type": "Feature", "properties": {"t": "2412-Other sport and recreation constructions"}, "geometry": {"type": "Point", "coordinates": [-2.07361, 53.56624]}}, {"type": "Feature", "properties": {"t": "2412-Other sport and recreation constructions"}, "geometry": {"type": "Point", "coordinates": [-2.07425, 53.56625]}}, {"type": "Feature", "properties": {"t": "2412-Other sport and recreation constructions"}, "geometry": {"type": "Point", "coordinates": [-2.07401, 53.56625]}}, {"type": "Feature", "properties": {"t": "2412-Other sport and recreation constructions"}, "geometry": {"type": "Point", "coordinates": [-2.07349, 53.56627]}}, {"type": "Feature", "properties": {"t": "2412-Other sport and recreation constructions"}, "geometry": {"type": "Point", "coordinates": [-2.07325, 53.56627]}}, {"type": "Feature", "properties": {"t": "2412-Other sport and recreation constructions"}, "geometry": {"type": "Point", "coordinates": [-2.07389, 53.56629]}}, {"type": "Feature", "properties": {"t": "2412-Other sport and recreation constructions"}, "geometry": {"type": "Point", "coordinates": [-2.07686, 53.56629]}}, {"type": "Feature", "properties": {"t": "2412-Other sport and recreation constructions"}, "geometry": {"type": "Point", "coordinates": [-2.07365, 53.56629]}}, {"type": "Feature", "properties": {"t": "2412-Other sport and recreation constructions"}, "geometry": {"type": "Point", "coordinates": [-2.07663, 53.56629]}}, {"type": "Feature", "properties": {"t": "2412-Other sport and recreation constructions"}, "geometry": {"type": "Point", "coordinates": [-2.07405, 53.56631]}}, {"type": "Feature", "properties": {"t": "2412-Other sport and recreation constructions"}, "geometry": {"type": "Point", "coordinates": [-2.07311, 53.56631]}}, {"type": "Feature", "properties": {"t": "2412-Other sport and recreation constructions"}, "geometry": {"type": "Point", "coordinates": [-2.07353, 53.56632]}}, {"type": "Feature", "properties": {"t": "2412-Other sport and recreation constructions"}, "geometry": {"type": "Point", "coordinates": [-2.07329, 53.56633]}}, {"type": "Feature", "properties": {"t": "2412-Other sport and recreation constructions"}, "geometry": {"type": "Point", "coordinates": [-2.07649, 53.56633]}}, {"type": "Feature", "properties": {"t": "2412-Other sport and recreation constructions"}, "geometry": {"type": "Point", "coordinates": [-2.07393, 53.56634]}}, {"type": "Feature", "properties": {"t": "2412-Other sport and recreation constructions"}, "geometry": {"type": "Point", "coordinates": [-2.07691, 53.56634]}}, {"type": "Feature", "properties": {"t": "2412-Other sport and recreation constructions"}, "geometry": {"type": "Point", "coordinates": [-2.07369, 53.56634]}}, {"type": "Feature", "properties": {"t": "2412-Other sport and recreation constructions"}, "geometry": {"type": "Point", "coordinates": [-2.07667, 53.56634]}}, {"type": "Feature", "properties": {"t": "2412-Other sport and recreation constructions"}, "geometry": {"type": "Point", "coordinates": [-2.0755, 53.56636]}}, {"type": "Feature", "properties": {"t": "2412-Other sport and recreation constructions"}, "geometry": {"type": "Point", "coordinates": [-2.07315, 53.56636]}}, {"type": "Feature", "properties": {"t": "2412-Other sport and recreation constructions"}, "geometry": {"type": "Point", "coordinates": [-2.07289, 53.56637]}}, {"type": "Feature", "properties": {"t": "2412-Other sport and recreation constructions"}, "geometry": {"type": "Point", "coordinates": [-2.07357, 53.56638]}}, {"type": "Feature", "properties": {"t": "2412-Other sport and recreation constructions"}, "geometry": {"type": "Point", "coordinates": [-2.07333, 53.56638]}}, {"type": "Feature", "properties": {"t": "2412-Other sport and recreation constructions"}, "geometry": {"type": "Point", "coordinates": [-2.07653, 53.56638]}}, {"type": "Feature", "properties": {"t": "2412-Other sport and recreation constructions"}, "geometry": {"type": "Point", "coordinates": [-2.07629, 53.56638]}}, {"type": "Feature", "properties": {"t": "2412-Other sport and recreation constructions"}, "geometry": {"type": "Point", "coordinates": [-2.07695, 53.56639]}}, {"type": "Feature", "properties": {"t": "2412-Other sport and recreation constructions"}, "geometry": {"type": "Point", "coordinates": [-2.07671, 53.5664]}}, {"type": "Feature", "properties": {"t": "2412-Other sport and recreation constructions"}, "geometry": {"type": "Point", "coordinates": [-2.07373, 53.5664]}}, {"type": "Feature", "properties": {"t": "2412-Other sport and recreation constructions"}, "geometry": {"type": "Point", "coordinates": [-2.07554, 53.56641]}}, {"type": "Feature", "properties": {"t": "2412-Other sport and recreation constructions"}, "geometry": {"type": "Point", "coordinates": [-2.07319, 53.56642]}}, {"type": "Feature", "properties": {"t": "2412-Other sport and recreation constructions"}, "geometry": {"type": "Point", "coordinates": [-2.0753, 53.56642]}}, {"type": "Feature", "properties": {"t": "2412-Other sport and recreation constructions"}, "geometry": {"type": "Point", "coordinates": [-2.07618, 53.56642]}}, {"type": "Feature", "properties": {"t": "2412-Other sport and recreation constructions"}, "geometry": {"type": "Point", "coordinates": [-2.07293, 53.56642]}}, {"type": "Feature", "properties": {"t": "2412-Other sport and recreation constructions"}, "geometry": {"type": "Point", "coordinates": [-2.07361, 53.56643]}}, {"type": "Feature", "properties": {"t": "2412-Other sport and recreation constructions"}, "geometry": {"type": "Point", "coordinates": [-2.07337, 53.56643]}}, {"type": "Feature", "properties": {"t": "2412-Other sport and recreation constructions"}, "geometry": {"type": "Point", "coordinates": [-2.07658, 53.56643]}}, {"type": "Feature", "properties": {"t": "2412-Other sport and recreation constructions"}, "geometry": {"type": "Point", "coordinates": [-2.07634, 53.56644]}}, {"type": "Feature", "properties": {"t": "2412-Other sport and recreation constructions"}, "geometry": {"type": "Point", "coordinates": [-2.07699, 53.56645]}}, {"type": "Feature", "properties": {"t": "2412-Other sport and recreation constructions"}, "geometry": {"type": "Point", "coordinates": [-2.07675, 53.56645]}}, {"type": "Feature", "properties": {"t": "2412-Other sport and recreation constructions"}, "geometry": {"type": "Point", "coordinates": [-2.07559, 53.56647]}}, {"type": "Feature", "properties": {"t": "2412-Other sport and recreation constructions"}, "geometry": {"type": "Point", "coordinates": [-2.07534, 53.56647]}}, {"type": "Feature", "properties": {"t": "2412-Other sport and recreation constructions"}, "geometry": {"type": "Point", "coordinates": [-2.07323, 53.56647]}}, {"type": "Feature", "properties": {"t": "2412-Other sport and recreation constructions"}, "geometry": {"type": "Point", "coordinates": [-2.07622, 53.56647]}}, {"type": "Feature", "properties": {"t": "2412-Other sport and recreation constructions"}, "geometry": {"type": "Point", "coordinates": [-2.07598, 53.56647]}}, {"type": "Feature", "properties": {"t": "2412-Other sport and recreation constructions"}, "geometry": {"type": "Point", "coordinates": [-2.07297, 53.56648]}}, {"type": "Feature", "properties": {"t": "2412-Other sport and recreation constructions"}, "geometry": {"type": "Point", "coordinates": [-2.07341, 53.56649]}}, {"type": "Feature", "properties": {"t": "2412-Other sport and recreation constructions"}, "geometry": {"type": "Point", "coordinates": [-2.07662, 53.56649]}}, {"type": "Feature", "properties": {"t": "2412-Other sport and recreation constructions"}, "geometry": {"type": "Point", "coordinates": [-2.07638, 53.56649]}}, {"type": "Feature", "properties": {"t": "2412-Other sport and recreation constructions"}, "geometry": {"type": "Point", "coordinates": [-2.07679, 53.5665]}}, {"type": "Feature", "properties": {"t": "2412-Other sport and recreation constructions"}, "geometry": {"type": "Point", "coordinates": [-2.07563, 53.56652]}}, {"type": "Feature", "properties": {"t": "2412-Other sport and recreation constructions"}, "geometry": {"type": "Point", "coordinates": [-2.07538, 53.56652]}}, {"type": "Feature", "properties": {"t": "2412-Other sport and recreation constructions"}, "geometry": {"type": "Point", "coordinates": [-2.07327, 53.56652]}}, {"type": "Feature", "properties": {"t": "2412-Other sport and recreation constructions"}, "geometry": {"type": "Point", "coordinates": [-2.07626, 53.56652]}}, {"type": "Feature", "properties": {"t": "2412-Other sport and recreation constructions"}, "geometry": {"type": "Point", "coordinates": [-2.07602, 53.56652]}}, {"type": "Feature", "properties": {"t": "2412-Other sport and recreation constructions"}, "geometry": {"type": "Point", "coordinates": [-2.07302, 53.56653]}}, {"type": "Feature", "properties": {"t": "2412-Other sport and recreation constructions"}, "geometry": {"type": "Point", "coordinates": [-2.07666, 53.56654]}}, {"type": "Feature", "properties": {"t": "2412-Other sport and recreation constructions"}, "geometry": {"type": "Point", "coordinates": [-2.07642, 53.56654]}}, {"type": "Feature", "properties": {"t": "2412-Other sport and recreation constructions"}, "geometry": {"type": "Point", "coordinates": [-2.07567, 53.56657]}}, {"type": "Feature", "properties": {"t": "2412-Other sport and recreation constructions"}, "geometry": {"type": "Point", "coordinates": [-2.07543, 53.56657]}}, {"type": "Feature", "properties": {"t": "2412-Other sport and recreation constructions"}, "geometry": {"type": "Point", "coordinates": [-2.0763, 53.56658]}}, {"type": "Feature", "properties": {"t": "2412-Other sport and recreation constructions"}, "geometry": {"type": "Point", "coordinates": [-2.07606, 53.56658]}}, {"type": "Feature", "properties": {"t": "2412-Other sport and recreation constructions"}, "geometry": {"type": "Point", "coordinates": [-2.07306, 53.56658]}}, {"type": "Feature", "properties": {"t": "2412-Other sport and recreation constructions"}, "geometry": {"type": "Point", "coordinates": [-2.07646, 53.5666]}}, {"type": "Feature", "properties": {"t": "2412-Other sport and recreation constructions"}, "geometry": {"type": "Point", "coordinates": [-2.07547, 53.56663]}}, {"type": "Feature", "properties": {"t": "2412-Other sport and recreation constructions"}, "geometry": {"type": "Point", "coordinates": [-2.07634, 53.56663]}}, {"type": "Feature", "properties": {"t": "2412-Other sport and recreation constructions"}, "geometry": {"type": "Point", "coordinates": [-2.0761, 53.56663]}}, {"type": "Feature", "properties": {"t": "2412-Other sport and recreation constructions"}, "geometry": {"type": "Point", "coordinates": [-2.07614, 53.56668]}}, {"type": "Feature", "properties": {"t": "2412-Other sport and recreation constructions"}, "geometry": {"type": "Point", "coordinates": [-2.07762, 53.56695]}}, {"type": "Feature", "properties": {"t": "2412-Other sport and recreation constructions"}, "geometry": {"type": "Point", "coordinates": [-2.07744, 53.567]}}, {"type": "Feature", "properties": {"t": "2412-Other sport and recreation constructions"}, "geometry": {"type": "Point", "coordinates": [-2.07766, 53.567]}}, {"type": "Feature", "properties": {"t": "2412-Other sport and recreation constructions"}, "geometry": {"type": "Point", "coordinates": [-2.07748, 53.56705]}}, {"type": "Feature", "properties": {"t": "2412-Other sport and recreation constructions"}, "geometry": {"type": "Point", "coordinates": [-2.0777, 53.56705]}}, {"type": "Feature", "properties": {"t": "2412-Other sport and recreation constructions"}, "geometry": {"type": "Point", "coordinates": [-2.07752, 53.5671]}}, {"type": "Feature", "properties": {"t": "2412-Other sport and recreation constructions"}, "geometry": {"type": "Point", "coordinates": [-2.07774, 53.5671]}}, {"type": "Feature", "properties": {"t": "2412-Other sport and recreation constructions"}, "geometry": {"type": "Point", "coordinates": [-2.07756, 53.56716]}}, {"type": "Feature", "properties": {"t": "2412-Other sport and recreation constructions"}, "geometry": {"type": "Point", "coordinates": [-2.07779, 53.56716]}}, {"type": "Feature", "properties": {"t": "2412-Other sport and recreation constructions"}, "geometry": {"type": "Point", "coordinates": [-2.0776, 53.56721]}}, {"type": "Feature", "properties": {"t": "2412-Other sport and recreation constructions"}, "geometry": {"type": "Point", "coordinates": [-2.07763, 53.56753]}}, {"type": "Feature", "properties": {"t": "2412-Other sport and recreation constructions"}, "geometry": {"type": "Point", "coordinates": [-2.07767, 53.56757]}}, {"type": "Feature", "properties": {"t": "2412-Other sport and recreation constructions"}, "geometry": {"type": "Point", "coordinates": [-2.07771, 53.56763]}}, {"type": "Feature", "properties": {"t": "2412-Other sport and recreation constructions"}, "geometry": {"type": "Point", "coordinates": [-2.07773, 53.56769]}}, {"type": "Feature", "properties": {"t": "2412-Other sport and recreation constructions"}, "geometry": {"type": "Point", "coordinates": [-2.08095, 53.56781]}}, {"type": "Feature", "properties": {"t": "2412-Other sport and recreation constructions"}, "geometry": {"type": "Point", "coordinates": [-2.07821, 53.56841]}}, {"type": "Feature", "properties": {"t": "2412-Other sport and recreation constructions"}, "geometry": {"type": "Point", "coordinates": [-2.07716, 53.56847]}}, {"type": "Feature", "properties": {"t": "2412-Other sport and recreation constructions"}, "geometry": {"type": "Point", "coordinates": [-2.08771, 53.55182]}}, {"type": "Feature", "properties": {"t": "2412-Other sport and recreation constructions"}, "geometry": {"type": "Point", "coordinates": [-2.08744, 53.55183]}}, {"type": "Feature", "properties": {"t": "2412-Other sport and recreation constructions"}, "geometry": {"type": "Point", "coordinates": [-2.08765, 53.55185]}}, {"type": "Feature", "properties": {"t": "2412-Other sport and recreation constructions"}, "geometry": {"type": "Point", "coordinates": [-2.08751, 53.55186]}}, {"type": "Feature", "properties": {"t": "2412-Other sport and recreation constructions"}, "geometry": {"type": "Point", "coordinates": [-2.08719, 53.55187]}}, {"type": "Feature", "properties": {"t": "2412-Other sport and recreation constructions"}, "geometry": {"type": "Point", "coordinates": [-2.08725, 53.55189]}}, {"type": "Feature", "properties": {"t": "2412-Other sport and recreation constructions"}, "geometry": {"type": "Point", "coordinates": [-2.08732, 53.55192]}}, {"type": "Feature", "properties": {"t": "2412-Other sport and recreation constructions"}, "geometry": {"type": "Point", "coordinates": [-2.08748, 53.55194]}}, {"type": "Feature", "properties": {"t": "2412-Other sport and recreation constructions"}, "geometry": {"type": "Point", "coordinates": [-2.07707, 53.56849]}}, {"type": "Feature", "properties": {"t": "2412-Other sport and recreation constructions"}, "geometry": {"type": "Point", "coordinates": [-2.07697, 53.56852]}}, {"type": "Feature", "properties": {"t": "2412-Other sport and recreation constructions"}, "geometry": {"type": "Point", "coordinates": [-2.07689, 53.56854]}}, {"type": "Feature", "properties": {"t": "2412-Other sport and recreation constructions"}, "geometry": {"type": "Point", "coordinates": [-2.0768, 53.56857]}}, {"type": "Feature", "properties": {"t": "2412-Other sport and recreation constructions"}, "geometry": {"type": "Point", "coordinates": [-2.07723, 53.56859]}}, {"type": "Feature", "properties": {"t": "2412-Other sport and recreation constructions"}, "geometry": {"type": "Point", "coordinates": [-2.07671, 53.56859]}}, {"type": "Feature", "properties": {"t": "2412-Other sport and recreation constructions"}, "geometry": {"type": "Point", "coordinates": [-2.07713, 53.5686]}}, {"type": "Feature", "properties": {"t": "2412-Other sport and recreation constructions"}, "geometry": {"type": "Point", "coordinates": [-2.07658, 53.56863]}}, {"type": "Feature", "properties": {"t": "2412-Other sport and recreation constructions"}, "geometry": {"type": "Point", "coordinates": [-2.07704, 53.56863]}}, {"type": "Feature", "properties": {"t": "2412-Other sport and recreation constructions"}, "geometry": {"type": "Point", "coordinates": [-2.07695, 53.56865]}}, {"type": "Feature", "properties": {"t": "2412-Other sport and recreation constructions"}, "geometry": {"type": "Point", "coordinates": [-2.07649, 53.56865]}}, {"type": "Feature", "properties": {"t": "2412-Other sport and recreation constructions"}, "geometry": {"type": "Point", "coordinates": [-2.07687, 53.56867]}}, {"type": "Feature", "properties": {"t": "2412-Other sport and recreation constructions"}, "geometry": {"type": "Point", "coordinates": [-2.0764, 53.56867]}}, {"type": "Feature", "properties": {"t": "2412-Other sport and recreation constructions"}, "geometry": {"type": "Point", "coordinates": [-2.07678, 53.5687]}}, {"type": "Feature", "properties": {"t": "2412-Other sport and recreation constructions"}, "geometry": {"type": "Point", "coordinates": [-2.07631, 53.5687]}}, {"type": "Feature", "properties": {"t": "2412-Other sport and recreation constructions"}, "geometry": {"type": "Point", "coordinates": [-2.07623, 53.56872]}}, {"type": "Feature", "properties": {"t": "2412-Other sport and recreation constructions"}, "geometry": {"type": "Point", "coordinates": [-2.07664, 53.56873]}}, {"type": "Feature", "properties": {"t": "2412-Other sport and recreation constructions"}, "geometry": {"type": "Point", "coordinates": [-2.07613, 53.56875]}}, {"type": "Feature", "properties": {"t": "2412-Other sport and recreation constructions"}, "geometry": {"type": "Point", "coordinates": [-2.07656, 53.56876]}}, {"type": "Feature", "properties": {"t": "2412-Other sport and recreation constructions"}, "geometry": {"type": "Point", "coordinates": [-2.07647, 53.56878]}}, {"type": "Feature", "properties": {"t": "2412-Other sport and recreation constructions"}, "geometry": {"type": "Point", "coordinates": [-2.07601, 53.56879]}}, {"type": "Feature", "properties": {"t": "2412-Other sport and recreation constructions"}, "geometry": {"type": "Point", "coordinates": [-2.07638, 53.56881]}}, {"type": "Feature", "properties": {"t": "2412-Other sport and recreation constructions"}, "geometry": {"type": "Point", "coordinates": [-2.07592, 53.56881]}}, {"type": "Feature", "properties": {"t": "2412-Other sport and recreation constructions"}, "geometry": {"type": "Point", "coordinates": [-2.07629, 53.56883]}}, {"type": "Feature", "properties": {"t": "2412-Other sport and recreation constructions"}, "geometry": {"type": "Point", "coordinates": [-2.07582, 53.56883]}}, {"type": "Feature", "properties": {"t": "2412-Other sport and recreation constructions"}, "geometry": {"type": "Point", "coordinates": [-2.0762, 53.56886]}}, {"type": "Feature", "properties": {"t": "2412-Other sport and recreation constructions"}, "geometry": {"type": "Point", "coordinates": [-2.07574, 53.56886]}}, {"type": "Feature", "properties": {"t": "2412-Other sport and recreation constructions"}, "geometry": {"type": "Point", "coordinates": [-2.07565, 53.56888]}}, {"type": "Feature", "properties": {"t": "2412-Other sport and recreation constructions"}, "geometry": {"type": "Point", "coordinates": [-2.07607, 53.56889]}}, {"type": "Feature", "properties": {"t": "2412-Other sport and recreation constructions"}, "geometry": {"type": "Point", "coordinates": [-2.07556, 53.56891]}}, {"type": "Feature", "properties": {"t": "2412-Other sport and recreation constructions"}, "geometry": {"type": "Point", "coordinates": [-2.02337, 53.55628]}}, {"type": "Feature", "properties": {"t": "2412-Other sport and recreation constructions"}, "geometry": {"type": "Point", "coordinates": [-2.05653, 53.55717]}}, {"type": "Feature", "properties": {"t": "2420-Dump site"}, "geometry": {"type": "Point", "coordinates": [-2.0431, 53.55715]}}, {"type": "Feature", "properties": {"t": "2412-Other sport and recreation constructions"}, "geometry": {"type": "Point", "coordinates": [-2.01208, 53.55757]}}, {"type": "Feature", "properties": {"t": "2412-Other sport and recreation constructions"}, "geometry": {"type": "Point", "coordinates": [-2.0123, 53.55761]}}, {"type": "Feature", "properties": {"t": "2412-Other sport and recreation constructions"}, "geometry": {"type": "Point", "coordinates": [-2.01254, 53.5577]}}, {"type": "Feature", "properties": {"t": "2412-Other sport and recreation constructions"}, "geometry": {"type": "Point", "coordinates": [-2.01277, 53.55778]}}, {"type": "Feature", "properties": {"t": "2412-Other sport and recreation constructions"}, "geometry": {"type": "Point", "coordinates": [-2.01302, 53.55781]}}, {"type": "Feature", "properties": {"t": "2412-Other sport and recreation constructions"}, "geometry": {"type": "Point", "coordinates": [-2.01358, 53.5581]}}, {"type": "Feature", "properties": {"t": "2412-Other sport and recreation constructions"}, "geometry": {"type": "Point", "coordinates": [-2.01303, 53.5581]}}, {"type": "Feature", "properties": {"t": "2412-Other sport and recreation constructions"}, "geometry": {"type": "Point", "coordinates": [-2.00234, 53.55596]}}, {"type": "Feature", "properties": {"t": "2411-Sports grounds"}, "geometry": {"type": "Point", "coordinates": [-1.79726, 53.55613]}}, {"type": "Feature", "properties": {"t": "2412-Other sport and recreation constructions"}, "geometry": {"type": "Point", "coordinates": [-1.9927, 53.55678]}}, {"type": "Feature", "properties": {"t": "2412-Other sport and recreation constructions"}, "geometry": {"type": "Point", "coordinates": [-1.99807, 53.55749]}}, {"type": "Feature", "properties": {"t": "2412-Other sport and recreation constructions"}, "geometry": {"type": "Point", "coordinates": [-1.99714, 53.55758]}}, {"type": "Feature", "properties": {"t": "2411-Sports grounds"}, "geometry": {"type": "Point", "coordinates": [-1.81678, 53.5577]}}, {"type": "Feature", "properties": {"t": "2412-Other sport and recreation constructions"}, "geometry": {"type": "Point", "coordinates": [-1.79476, 53.55821]}}, {"type": "Feature", "properties": {"t": "2412-Other sport and recreation constructions"}, "geometry": {"type": "Point", "coordinates": [-1.99419, 53.55952]}}, {"type": "Feature", "properties": {"t": "2412-Other sport and recreation constructions"}, "geometry": {"type": "Point", "coordinates": [-1.99421, 53.55974]}}, {"type": "Feature", "properties": {"t": "2152-Dams"}, "geometry": {"type": "Point", "coordinates": [-1.84515, 53.55987]}}, {"type": "Feature", "properties": {"t": "2411-Sports grounds"}, "geometry": {"type": "Point", "coordinates": [-2.00028, 53.55998]}}, {"type": "Feature", "properties": {"t": "2412-Other sport and recreation constructions"}, "geometry": {"type": "Point", "coordinates": [-1.99553, 53.56058]}}, {"type": "Feature", "properties": {"t": "2412-Other sport and recreation constructions"}, "geometry": {"type": "Point", "coordinates": [-1.99548, 53.56075]}}, {"type": "Feature", "properties": {"t": "2412-Other sport and recreation constructions"}, "geometry": {"type": "Point", "coordinates": [-1.99561, 53.56087]}}, {"type": "Feature", "properties": {"t": "2412-Other sport and recreation constructions"}, "geometry": {"type": "Point", "coordinates": [-1.99519, 53.56099]}}, {"type": "Feature", "properties": {"t": "2412-Other sport and recreation constructions"}, "geometry": {"type": "Point", "coordinates": [-1.9956, 53.56108]}}, {"type": "Feature", "properties": {"t": "2411-Sports grounds"}, "geometry": {"type": "Point", "coordinates": [-1.76393, 53.5619]}}, {"type": "Feature", "properties": {"t": "2412-Other sport and recreation constructions"}, "geometry": {"type": "Point", "coordinates": [-1.99346, 53.56299]}}, {"type": "Feature", "properties": {"t": "2412-Other sport and recreation constructions"}, "geometry": {"type": "Point", "coordinates": [-1.99309, 53.56302]}}, {"type": "Feature", "properties": {"t": "2412-Other sport and recreation constructions"}, "geometry": {"type": "Point", "coordinates": [-2.02399, 53.55896]}}, {"type": "Feature", "properties": {"t": "2412-Other sport and recreation constructions"}, "geometry": {"type": "Point", "coordinates": [-2.01133, 53.55907]}}, {"type": "Feature", "properties": {"t": "2412-Other sport and recreation constructions"}, "geometry": {"type": "Point", "coordinates": [-2.01851, 53.55917]}}, {"type": "Feature", "properties": {"t": "2412-Other sport and recreation constructions"}, "geometry": {"type": "Point", "coordinates": [-2.01068, 53.55925]}}, {"type": "Feature", "properties": {"t": "2412-Other sport and recreation constructions"}, "geometry": {"type": "Point", "coordinates": [-2.01275, 53.55948]}}, {"type": "Feature", "properties": {"t": "2412-Other sport and recreation constructions"}, "geometry": {"type": "Point", "coordinates": [-2.01199, 53.55969]}}, {"type": "Feature", "properties": {"t": "2412-Other sport and recreation constructions"}, "geometry": {"type": "Point", "coordinates": [-2.05682, 53.56027]}}, {"type": "Feature", "properties": {"t": "2412-Other sport and recreation constructions"}, "geometry": {"type": "Point", "coordinates": [-2.02431, 53.56356]}}, {"type": "Feature", "properties": {"t": "2412-Other sport and recreation constructions"}, "geometry": {"type": "Point", "coordinates": [-2.02467, 53.56407]}}, {"type": "Feature", "properties": {"t": "2411-Sports grounds"}, "geometry": {"type": "Point", "coordinates": [-2.01504, 53.56503]}}, {"type": "Feature", "properties": {"t": "2412-Other sport and recreation constructions"}, "geometry": {"type": "Point", "coordinates": [-1.76346, 53.5631]}}, {"type": "Feature", "properties": {"t": "2301-Constructions for mining or extraction"}, "geometry": {"type": "Point", "coordinates": [-1.87056, 53.56337]}}, {"type": "Feature", "properties": {"t": "2412-Other sport and recreation constructions"}, "geometry": {"type": "Point", "coordinates": [-2.00994, 53.56405]}}, {"type": "Feature", "properties": {"t": "2412-Other sport and recreation constructions"}, "geometry": {"type": "Point", "coordinates": [-1.81737, 53.56405]}}, {"type": "Feature", "properties": {"t": "2411-Sports grounds"}, "geometry": {"type": "Point", "coordinates": [-1.80824, 53.56504]}}, {"type": "Feature", "properties": {"t": "2412-Other sport and recreation constructions"}, "geometry": {"type": "Point", "coordinates": [-1.80835, 53.56513]}}, {"type": "Feature", "properties": {"t": "2412-Other sport and recreation constructions"}, "geometry": {"type": "Point", "coordinates": [-1.7863, 53.56524]}}, {"type": "Feature", "properties": {"t": "2412-Other sport and recreation constructions"}, "geometry": {"type": "Point", "coordinates": [-1.99761, 53.56589]}}, {"type": "Feature", "properties": {"t": "2412-Other sport and recreation constructions"}, "geometry": {"type": "Point", "coordinates": [-2.05952, 53.56527]}}, {"type": "Feature", "properties": {"t": "2412-Other sport and recreation constructions"}, "geometry": {"type": "Point", "coordinates": [-2.05939, 53.56543]}}, {"type": "Feature", "properties": {"t": "2412-Other sport and recreation constructions"}, "geometry": {"type": "Point", "coordinates": [-2.05929, 53.56559]}}, {"type": "Feature", "properties": {"t": "2412-Other sport and recreation constructions"}, "geometry": {"type": "Point", "coordinates": [-2.0591, 53.56574]}}, {"type": "Feature", "properties": {"t": "2412-Other sport and recreation constructions"}, "geometry": {"type": "Point", "coordinates": [-2.05898, 53.56589]}}, {"type": "Feature", "properties": {"t": "2412-Other sport and recreation constructions"}, "geometry": {"type": "Point", "coordinates": [-2.05883, 53.56605]}}, {"type": "Feature", "properties": {"t": "2412-Other sport and recreation constructions"}, "geometry": {"type": "Point", "coordinates": [-2.0587, 53.56622]}}, {"type": "Feature", "properties": {"t": "2412-Other sport and recreation constructions"}, "geometry": {"type": "Point", "coordinates": [-2.05855, 53.56639]}}, {"type": "Feature", "properties": {"t": "2412-Other sport and recreation constructions"}, "geometry": {"type": "Point", "coordinates": [-2.02828, 53.56792]}}, {"type": "Feature", "properties": {"t": "2412-Other sport and recreation constructions"}, "geometry": {"type": "Point", "coordinates": [-2.02879, 53.56936]}}, {"type": "Feature", "properties": {"t": "2412-Other sport and recreation constructions"}, "geometry": {"type": "Point", "coordinates": [-1.9968, 53.56695]}}, {"type": "Feature", "properties": {"t": "2412-Other sport and recreation constructions"}, "geometry": {"type": "Point", "coordinates": [-1.76287, 53.56754]}}, {"type": "Feature", "properties": {"t": "2412-Other sport and recreation constructions"}, "geometry": {"type": "Point", "coordinates": [-1.7778, 53.5678]}}, {"type": "Feature", "properties": {"t": "2301-Constructions for mining or extraction"}, "geometry": {"type": "Point", "coordinates": [-1.8672, 53.5681]}}, {"type": "Feature", "properties": {"t": "2412-Other sport and recreation constructions"}, "geometry": {"type": "Point", "coordinates": [-1.99504, 53.56817]}}, {"type": "Feature", "properties": {"t": "2412-Other sport and recreation constructions"}, "geometry": {"type": "Point", "coordinates": [-1.78878, 53.56944]}}, {"type": "Feature", "properties": {"t": "2411-Sports grounds"}, "geometry": {"type": "Point", "coordinates": [-1.99465, 53.56944]}}, {"type": "Feature", "properties": {"t": "2412-Other sport and recreation constructions"}, "geometry": {"type": "Point", "coordinates": [-1.78901, 53.56959]}}, {"type": "Feature", "properties": {"t": "2412-Other sport and recreation constructions"}, "geometry": {"type": "Point", "coordinates": [-1.97059, 53.57016]}}, {"type": "Feature", "properties": {"t": "2412-Other sport and recreation constructions"}, "geometry": {"type": "Point", "coordinates": [-1.96653, 53.57027]}}, {"type": "Feature", "properties": {"t": "2412-Other sport and recreation constructions"}, "geometry": {"type": "Point", "coordinates": [-1.96919, 53.57055]}}, {"type": "Feature", "properties": {"t": "2412-Other sport and recreation constructions"}, "geometry": {"type": "Point", "coordinates": [-1.78903, 53.57057]}}, {"type": "Feature", "properties": {"t": "2412-Other sport and recreation constructions"}, "geometry": {"type": "Point", "coordinates": [-1.78519, 53.57107]}}, {"type": "Feature", "properties": {"t": "2411-Sports grounds"}, "geometry": {"type": "Point", "coordinates": [-2.06895, 53.54455]}}, {"type": "Feature", "properties": {"t": "2412-Other sport and recreation constructions"}, "geometry": {"type": "Point", "coordinates": [-2.06913, 53.54473]}}, {"type": "Feature", "properties": {"t": "2411-Sports grounds"}, "geometry": {"type": "Point", "coordinates": [-2.06998, 53.5511]}}, {"type": "Feature", "properties": {"t": "2412-Other sport and recreation constructions"}, "geometry": {"type": "Point", "coordinates": [-2.06466, 53.55129]}}, {"type": "Feature", "properties": {"t": "2411-Sports grounds"}, "geometry": {"type": "Point", "coordinates": [-2.07091, 53.55132]}}, {"type": "Feature", "properties": {"t": "2412-Other sport and recreation constructions"}, "geometry": {"type": "Point", "coordinates": [-2.06726, 53.55563]}}, {"type": "Feature", "properties": {"t": "2412-Other sport and recreation constructions"}, "geometry": {"type": "Point", "coordinates": [-2.06797, 53.56278]}}, {"type": "Feature", "properties": {"t": "2411-Sports grounds"}, "geometry": {"type": "Point", "coordinates": [-2.06654, 53.56528]}}, {"type": "Feature", "properties": {"t": "2412-Other sport and recreation constructions"}, "geometry": {"type": "Point", "coordinates": [-2.06472, 53.57006]}}, {"type": "Feature", "properties": {"t": "2412-Other sport and recreation constructions"}, "geometry": {"type": "Point", "coordinates": [-2.10368, 53.54559]}}, {"type": "Feature", "properties": {"t": "2412-Other sport and recreation constructions"}, "geometry": {"type": "Point", "coordinates": [-2.10511, 53.55382]}}, {"type": "Feature", "properties": {"t": "2412-Other sport and recreation constructions"}, "geometry": {"type": "Point", "coordinates": [-2.02772, 53.56959]}}, {"type": "Feature", "properties": {"t": "2411-Sports grounds"}, "geometry": {"type": "Point", "coordinates": [-2.05466, 53.56958]}}, {"type": "Feature", "properties": {"t": "2412-Other sport and recreation constructions"}, "geometry": {"type": "Point", "coordinates": [-2.05361, 53.56947]}}, {"type": "Feature", "properties": {"t": "2412-Other sport and recreation constructions"}, "geometry": {"type": "Point", "coordinates": [-2.11811, 53.56497]}}, {"type": "Feature", "properties": {"t": "2412-Other sport and recreation constructions"}, "geometry": {"type": "Point", "coordinates": [-2.11852, 53.565]}}, {"type": "Feature", "properties": {"t": "2412-Other sport and recreation constructions"}, "geometry": {"type": "Point", "coordinates": [-2.11821, 53.56501]}}, {"type": "Feature", "properties": {"t": "2412-Other sport and recreation constructions"}, "geometry": {"type": "Point", "coordinates": [-2.11864, 53.56505]}}, {"type": "Feature", "properties": {"t": "2412-Other sport and recreation constructions"}, "geometry": {"type": "Point", "coordinates": [-2.11833, 53.56506]}}, {"type": "Feature", "properties": {"t": "2412-Other sport and recreation constructions"}, "geometry": {"type": "Point", "coordinates": [-2.11841, 53.5651]}}, {"type": "Feature", "properties": {"t": "2412-Other sport and recreation constructions"}, "geometry": {"type": "Point", "coordinates": [-2.11917, 53.56514]}}, {"type": "Feature", "properties": {"t": "2412-Other sport and recreation constructions"}, "geometry": {"type": "Point", "coordinates": [-2.11854, 53.56515]}}, {"type": "Feature", "properties": {"t": "2412-Other sport and recreation constructions"}, "geometry": {"type": "Point", "coordinates": [-2.11959, 53.56516]}}, {"type": "Feature", "properties": {"t": "2412-Other sport and recreation constructions"}, "geometry": {"type": "Point", "coordinates": [-2.11982, 53.56652]}}, {"type": "Feature", "properties": {"t": "2412-Other sport and recreation constructions"}, "geometry": {"type": "Point", "coordinates": [-2.12097, 53.56532]}}, {"type": "Feature", "properties": {"t": "2412-Other sport and recreation constructions"}, "geometry": {"type": "Point", "coordinates": [-2.12058, 53.56543]}}, {"type": "Feature", "properties": {"t": "2412-Other sport and recreation constructions"}, "geometry": {"type": "Point", "coordinates": [-2.12165, 53.56605]}}, {"type": "Feature", "properties": {"t": "2412-Other sport and recreation constructions"}, "geometry": {"type": "Point", "coordinates": [-2.12167, 53.56608]}}, {"type": "Feature", "properties": {"t": "2412-Other sport and recreation constructions"}, "geometry": {"type": "Point", "coordinates": [-2.12172, 53.56612]}}, {"type": "Feature", "properties": {"t": "2412-Other sport and recreation constructions"}, "geometry": {"type": "Point", "coordinates": [-2.12027, 53.56657]}}, {"type": "Feature", "properties": {"t": "2412-Other sport and recreation constructions"}, "geometry": {"type": "Point", "coordinates": [-2.12106, 53.56661]}}, {"type": "Feature", "properties": {"t": "2412-Other sport and recreation constructions"}, "geometry": {"type": "Point", "coordinates": [-2.12226, 53.56668]}}, {"type": "Feature", "properties": {"t": "2412-Other sport and recreation constructions"}, "geometry": {"type": "Point", "coordinates": [-2.12037, 53.56671]}}, {"type": "Feature", "properties": {"t": "2412-Other sport and recreation constructions"}, "geometry": {"type": "Point", "coordinates": [-2.12227, 53.56673]}}, {"type": "Feature", "properties": {"t": "2412-Other sport and recreation constructions"}, "geometry": {"type": "Point", "coordinates": [-2.123, 53.56666]}}, {"type": "Feature", "properties": {"t": "2412-Other sport and recreation constructions"}, "geometry": {"type": "Point", "coordinates": [-2.12268, 53.56696]}}, {"type": "Feature", "properties": {"t": "2412-Other sport and recreation constructions"}, "geometry": {"type": "Point", "coordinates": [-2.12296, 53.56696]}}, {"type": "Feature", "properties": {"t": "2412-Other sport and recreation constructions"}, "geometry": {"type": "Point", "coordinates": [-2.12274, 53.56697]}}, {"type": "Feature", "properties": {"t": "2412-Other sport and recreation constructions"}, "geometry": {"type": "Point", "coordinates": [-2.12276, 53.56702]}}, {"type": "Feature", "properties": {"t": "2412-Other sport and recreation constructions"}, "geometry": {"type": "Point", "coordinates": [-2.1228, 53.56706]}}, {"type": "Feature", "properties": {"t": "2412-Other sport and recreation constructions"}, "geometry": {"type": "Point", "coordinates": [-2.12283, 53.5671]}}, {"type": "Feature", "properties": {"t": "2412-Other sport and recreation constructions"}, "geometry": {"type": "Point", "coordinates": [-2.12229, 53.56676]}}, {"type": "Feature", "properties": {"t": "2412-Other sport and recreation constructions"}, "geometry": {"type": "Point", "coordinates": [-2.12243, 53.56676]}}, {"type": "Feature", "properties": {"t": "2412-Other sport and recreation constructions"}, "geometry": {"type": "Point", "coordinates": [-2.12026, 53.56677]}}, {"type": "Feature", "properties": {"t": "2412-Other sport and recreation constructions"}, "geometry": {"type": "Point", "coordinates": [-2.12232, 53.5668]}}, {"type": "Feature", "properties": {"t": "2412-Other sport and recreation constructions"}, "geometry": {"type": "Point", "coordinates": [-2.12235, 53.56684]}}, {"type": "Feature", "properties": {"t": "2412-Other sport and recreation constructions"}, "geometry": {"type": "Point", "coordinates": [-2.12238, 53.56689]}}, {"type": "Feature", "properties": {"t": "2412-Other sport and recreation constructions"}, "geometry": {"type": "Point", "coordinates": [-2.12246, 53.56695]}}, {"type": "Feature", "properties": {"t": "2412-Other sport and recreation constructions"}, "geometry": {"type": "Point", "coordinates": [-2.12254, 53.56702]}}, {"type": "Feature", "properties": {"t": "2412-Other sport and recreation constructions"}, "geometry": {"type": "Point", "coordinates": [-2.12257, 53.56706]}}, {"type": "Feature", "properties": {"t": "2412-Other sport and recreation constructions"}, "geometry": {"type": "Point", "coordinates": [-2.12262, 53.56709]}}, {"type": "Feature", "properties": {"t": "2412-Other sport and recreation constructions"}, "geometry": {"type": "Point", "coordinates": [-2.12265, 53.56715]}}, {"type": "Feature", "properties": {"t": "2412-Other sport and recreation constructions"}, "geometry": {"type": "Point", "coordinates": [-2.1207, 53.56718]}}, {"type": "Feature", "properties": {"t": "2412-Other sport and recreation constructions"}, "geometry": {"type": "Point", "coordinates": [-2.12065, 53.5672]}}, {"type": "Feature", "properties": {"t": "2412-Other sport and recreation constructions"}, "geometry": {"type": "Point", "coordinates": [-2.12058, 53.56722]}}, {"type": "Feature", "properties": {"t": "2412-Other sport and recreation constructions"}, "geometry": {"type": "Point", "coordinates": [-2.12266, 53.56725]}}, {"type": "Feature", "properties": {"t": "2412-Other sport and recreation constructions"}, "geometry": {"type": "Point", "coordinates": [-2.12085, 53.56728]}}, {"type": "Feature", "properties": {"t": "2412-Other sport and recreation constructions"}, "geometry": {"type": "Point", "coordinates": [-2.1226, 53.56727]}}, {"type": "Feature", "properties": {"t": "2412-Other sport and recreation constructions"}, "geometry": {"type": "Point", "coordinates": [-2.12254, 53.56729]}}, {"type": "Feature", "properties": {"t": "2412-Other sport and recreation constructions"}, "geometry": {"type": "Point", "coordinates": [-2.12227, 53.56731]}}, {"type": "Feature", "properties": {"t": "2412-Other sport and recreation constructions"}, "geometry": {"type": "Point", "coordinates": [-2.12077, 53.56734]}}, {"type": "Feature", "properties": {"t": "2412-Other sport and recreation constructions"}, "geometry": {"type": "Point", "coordinates": [-2.12287, 53.56713]}}, {"type": "Feature", "properties": {"t": "2412-Other sport and recreation constructions"}, "geometry": {"type": "Point", "coordinates": [-2.12292, 53.56717]}}, {"type": "Feature", "properties": {"t": "2412-Other sport and recreation constructions"}, "geometry": {"type": "Point", "coordinates": [-2.12291, 53.56719]}}, {"type": "Feature", "properties": {"t": "2412-Other sport and recreation constructions"}, "geometry": {"type": "Point", "coordinates": [-2.12279, 53.56721]}}, {"type": "Feature", "properties": {"t": "2412-Other sport and recreation constructions"}, "geometry": {"type": "Point", "coordinates": [-2.12273, 53.56723]}}, {"type": "Feature", "properties": {"t": "2412-Other sport and recreation constructions"}, "geometry": {"type": "Point", "coordinates": [-2.12216, 53.56732]}}, {"type": "Feature", "properties": {"t": "2412-Other sport and recreation constructions"}, "geometry": {"type": "Point", "coordinates": [-2.12062, 53.56739]}}, {"type": "Feature", "properties": {"t": "2412-Other sport and recreation constructions"}, "geometry": {"type": "Point", "coordinates": [-2.12073, 53.56738]}}, {"type": "Feature", "properties": {"t": "2412-Other sport and recreation constructions"}, "geometry": {"type": "Point", "coordinates": [-2.12206, 53.56735]}}, {"type": "Feature", "properties": {"t": "2412-Other sport and recreation constructions"}, "geometry": {"type": "Point", "coordinates": [-2.12053, 53.56741]}}, {"type": "Feature", "properties": {"t": "2412-Other sport and recreation constructions"}, "geometry": {"type": "Point", "coordinates": [-2.12194, 53.56739]}}, {"type": "Feature", "properties": {"t": "2412-Other sport and recreation constructions"}, "geometry": {"type": "Point", "coordinates": [-2.12095, 53.56741]}}, {"type": "Feature", "properties": {"t": "2412-Other sport and recreation constructions"}, "geometry": {"type": "Point", "coordinates": [-2.12097, 53.56743]}}, {"type": "Feature", "properties": {"t": "2412-Other sport and recreation constructions"}, "geometry": {"type": "Point", "coordinates": [-2.12179, 53.56743]}}, {"type": "Feature", "properties": {"t": "2412-Other sport and recreation constructions"}, "geometry": {"type": "Point", "coordinates": [-2.12237, 53.56743]}}, {"type": "Feature", "properties": {"t": "2412-Other sport and recreation constructions"}, "geometry": {"type": "Point", "coordinates": [-2.12042, 53.56745]}}, {"type": "Feature", "properties": {"t": "2412-Other sport and recreation constructions"}, "geometry": {"type": "Point", "coordinates": [-2.12034, 53.56747]}}, {"type": "Feature", "properties": {"t": "2412-Other sport and recreation constructions"}, "geometry": {"type": "Point", "coordinates": [-2.12064, 53.56748]}}, {"type": "Feature", "properties": {"t": "2412-Other sport and recreation constructions"}, "geometry": {"type": "Point", "coordinates": [-2.12167, 53.56747]}}, {"type": "Feature", "properties": {"t": "2412-Other sport and recreation constructions"}, "geometry": {"type": "Point", "coordinates": [-2.12221, 53.56749]}}, {"type": "Feature", "properties": {"t": "2412-Other sport and recreation constructions"}, "geometry": {"type": "Point", "coordinates": [-2.12102, 53.56751]}}, {"type": "Feature", "properties": {"t": "2412-Other sport and recreation constructions"}, "geometry": {"type": "Point", "coordinates": [-2.12019, 53.56751]}}, {"type": "Feature", "properties": {"t": "2412-Other sport and recreation constructions"}, "geometry": {"type": "Point", "coordinates": [-2.12156, 53.56749]}}, {"type": "Feature", "properties": {"t": "2412-Other sport and recreation constructions"}, "geometry": {"type": "Point", "coordinates": [-2.12026, 53.56752]}}, {"type": "Feature", "properties": {"t": "2412-Other sport and recreation constructions"}, "geometry": {"type": "Point", "coordinates": [-2.12208, 53.56753]}}, {"type": "Feature", "properties": {"t": "2412-Other sport and recreation constructions"}, "geometry": {"type": "Point", "coordinates": [-2.12103, 53.56752]}}, {"type": "Feature", "properties": {"t": "2412-Other sport and recreation constructions"}, "geometry": {"type": "Point", "coordinates": [-2.12067, 53.56753]}}, {"type": "Feature", "properties": {"t": "2412-Other sport and recreation constructions"}, "geometry": {"type": "Point", "coordinates": [-2.12044, 53.56754]}}, {"type": "Feature", "properties": {"t": "2412-Other sport and recreation constructions"}, "geometry": {"type": "Point", "coordinates": [-2.12146, 53.56752]}}, {"type": "Feature", "properties": {"t": "2412-Other sport and recreation constructions"}, "geometry": {"type": "Point", "coordinates": [-2.12107, 53.56757]}}, {"type": "Feature", "properties": {"t": "2412-Other sport and recreation constructions"}, "geometry": {"type": "Point", "coordinates": [-2.12072, 53.56758]}}, {"type": "Feature", "properties": {"t": "2412-Other sport and recreation constructions"}, "geometry": {"type": "Point", "coordinates": [-2.12189, 53.56758]}}, {"type": "Feature", "properties": {"t": "2412-Other sport and recreation constructions"}, "geometry": {"type": "Point", "coordinates": [-2.12049, 53.56758]}}, {"type": "Feature", "properties": {"t": "2412-Other sport and recreation constructions"}, "geometry": {"type": "Point", "coordinates": [-2.12074, 53.56762]}}, {"type": "Feature", "properties": {"t": "2412-Other sport and recreation constructions"}, "geometry": {"type": "Point", "coordinates": [-2.12176, 53.56762]}}, {"type": "Feature", "properties": {"t": "2412-Other sport and recreation constructions"}, "geometry": {"type": "Point", "coordinates": [-2.12291, 53.56745]}}, {"type": "Feature", "properties": {"t": "2412-Other sport and recreation constructions"}, "geometry": {"type": "Point", "coordinates": [-2.12296, 53.56752]}}, {"type": "Feature", "properties": {"t": "2412-Other sport and recreation constructions"}, "geometry": {"type": "Point", "coordinates": [-2.11173, 53.54721]}}, {"type": "Feature", "properties": {"t": "2412-Other sport and recreation constructions"}, "geometry": {"type": "Point", "coordinates": [-2.11154, 53.54721]}}, {"type": "Feature", "properties": {"t": "2412-Other sport and recreation constructions"}, "geometry": {"type": "Point", "coordinates": [-2.11262, 53.54722]}}, {"type": "Feature", "properties": {"t": "2412-Other sport and recreation constructions"}, "geometry": {"type": "Point", "coordinates": [-2.11178, 53.54724]}}, {"type": "Feature", "properties": {"t": "2412-Other sport and recreation constructions"}, "geometry": {"type": "Point", "coordinates": [-2.11159, 53.54724]}}, {"type": "Feature", "properties": {"t": "2412-Other sport and recreation constructions"}, "geometry": {"type": "Point", "coordinates": [-2.11266, 53.54725]}}, {"type": "Feature", "properties": {"t": "2412-Other sport and recreation constructions"}, "geometry": {"type": "Point", "coordinates": [-2.11183, 53.54727]}}, {"type": "Feature", "properties": {"t": "2412-Other sport and recreation constructions"}, "geometry": {"type": "Point", "coordinates": [-2.11163, 53.54727]}}, {"type": "Feature", "properties": {"t": "2412-Other sport and recreation constructions"}, "geometry": {"type": "Point", "coordinates": [-2.11272, 53.54728]}}, {"type": "Feature", "properties": {"t": "2412-Other sport and recreation constructions"}, "geometry": {"type": "Point", "coordinates": [-2.11188, 53.5473]}}, {"type": "Feature", "properties": {"t": "2412-Other sport and recreation constructions"}, "geometry": {"type": "Point", "coordinates": [-2.11387, 53.54723]}}, {"type": "Feature", "properties": {"t": "2412-Other sport and recreation constructions"}, "geometry": {"type": "Point", "coordinates": [-2.11437, 53.54728]}}, {"type": "Feature", "properties": {"t": "2412-Other sport and recreation constructions"}, "geometry": {"type": "Point", "coordinates": [-2.11311, 53.54725]}}, {"type": "Feature", "properties": {"t": "2412-Other sport and recreation constructions"}, "geometry": {"type": "Point", "coordinates": [-2.11355, 53.54726]}}, {"type": "Feature", "properties": {"t": "2412-Other sport and recreation constructions"}, "geometry": {"type": "Point", "coordinates": [-2.1136, 53.54729]}}, {"type": "Feature", "properties": {"t": "2412-Other sport and recreation constructions"}, "geometry": {"type": "Point", "coordinates": [-2.11377, 53.54734]}}, {"type": "Feature", "properties": {"t": "2412-Other sport and recreation constructions"}, "geometry": {"type": "Point", "coordinates": [-2.1129, 53.54738]}}, {"type": "Feature", "properties": {"t": "2412-Other sport and recreation constructions"}, "geometry": {"type": "Point", "coordinates": [-2.11297, 53.54743]}}, {"type": "Feature", "properties": {"t": "2412-Other sport and recreation constructions"}, "geometry": {"type": "Point", "coordinates": [-2.11629, 53.54745]}}, {"type": "Feature", "properties": {"t": "2412-Other sport and recreation constructions"}, "geometry": {"type": "Point", "coordinates": [-2.11302, 53.54748]}}, {"type": "Feature", "properties": {"t": "2412-Other sport and recreation constructions"}, "geometry": {"type": "Point", "coordinates": [-2.11168, 53.5473]}}, {"type": "Feature", "properties": {"t": "2412-Other sport and recreation constructions"}, "geometry": {"type": "Point", "coordinates": [-2.11276, 53.5473]}}, {"type": "Feature", "properties": {"t": "2412-Other sport and recreation constructions"}, "geometry": {"type": "Point", "coordinates": [-2.11281, 53.54732]}}, {"type": "Feature", "properties": {"t": "2412-Other sport and recreation constructions"}, "geometry": {"type": "Point", "coordinates": [-2.11193, 53.54732]}}, {"type": "Feature", "properties": {"t": "2412-Other sport and recreation constructions"}, "geometry": {"type": "Point", "coordinates": [-2.11173, 53.54733]}}, {"type": "Feature", "properties": {"t": "2412-Other sport and recreation constructions"}, "geometry": {"type": "Point", "coordinates": [-2.11198, 53.54735]}}, {"type": "Feature", "properties": {"t": "2412-Other sport and recreation constructions"}, "geometry": {"type": "Point", "coordinates": [-2.11177, 53.54736]}}, {"type": "Feature", "properties": {"t": "2412-Other sport and recreation constructions"}, "geometry": {"type": "Point", "coordinates": [-2.1128, 53.54736]}}, {"type": "Feature", "properties": {"t": "2412-Other sport and recreation constructions"}, "geometry": {"type": "Point", "coordinates": [-2.11202, 53.54738]}}, {"type": "Feature", "properties": {"t": "2412-Other sport and recreation constructions"}, "geometry": {"type": "Point", "coordinates": [-2.11182, 53.54738]}}, {"type": "Feature", "properties": {"t": "2412-Other sport and recreation constructions"}, "geometry": {"type": "Point", "coordinates": [-2.11207, 53.54741]}}, {"type": "Feature", "properties": {"t": "2412-Other sport and recreation constructions"}, "geometry": {"type": "Point", "coordinates": [-2.11186, 53.54741]}}, {"type": "Feature", "properties": {"t": "2412-Other sport and recreation constructions"}, "geometry": {"type": "Point", "coordinates": [-2.11212, 53.54743]}}, {"type": "Feature", "properties": {"t": "2412-Other sport and recreation constructions"}, "geometry": {"type": "Point", "coordinates": [-2.11191, 53.54744]}}, {"type": "Feature", "properties": {"t": "2412-Other sport and recreation constructions"}, "geometry": {"type": "Point", "coordinates": [-2.11217, 53.54746]}}, {"type": "Feature", "properties": {"t": "2412-Other sport and recreation constructions"}, "geometry": {"type": "Point", "coordinates": [-2.11195, 53.54747]}}, {"type": "Feature", "properties": {"t": "2412-Other sport and recreation constructions"}, "geometry": {"type": "Point", "coordinates": [-2.11222, 53.54749]}}, {"type": "Feature", "properties": {"t": "2412-Other sport and recreation constructions"}, "geometry": {"type": "Point", "coordinates": [-2.112, 53.54749]}}, {"type": "Feature", "properties": {"t": "2412-Other sport and recreation constructions"}, "geometry": {"type": "Point", "coordinates": [-2.11205, 53.54751]}}, {"type": "Feature", "properties": {"t": "2412-Other sport and recreation constructions"}, "geometry": {"type": "Point", "coordinates": [-2.11227, 53.54752]}}, {"type": "Feature", "properties": {"t": "2412-Other sport and recreation constructions"}, "geometry": {"type": "Point", "coordinates": [-2.11209, 53.54754]}}, {"type": "Feature", "properties": {"t": "2412-Other sport and recreation constructions"}, "geometry": {"type": "Point", "coordinates": [-2.11232, 53.54755]}}, {"type": "Feature", "properties": {"t": "2412-Other sport and recreation constructions"}, "geometry": {"type": "Point", "coordinates": [-2.11237, 53.54756]}}, {"type": "Feature", "properties": {"t": "2412-Other sport and recreation constructions"}, "geometry": {"type": "Point", "coordinates": [-2.11259, 53.54758]}}, {"type": "Feature", "properties": {"t": "2412-Other sport and recreation constructions"}, "geometry": {"type": "Point", "coordinates": [-2.11252, 53.54759]}}, {"type": "Feature", "properties": {"t": "2412-Other sport and recreation constructions"}, "geometry": {"type": "Point", "coordinates": [-2.11215, 53.54761]}}, {"type": "Feature", "properties": {"t": "2412-Other sport and recreation constructions"}, "geometry": {"type": "Point", "coordinates": [-2.11246, 53.54762]}}, {"type": "Feature", "properties": {"t": "2412-Other sport and recreation constructions"}, "geometry": {"type": "Point", "coordinates": [-2.11241, 53.54763]}}, {"type": "Feature", "properties": {"t": "2412-Other sport and recreation constructions"}, "geometry": {"type": "Point", "coordinates": [-2.11234, 53.54763]}}, {"type": "Feature", "properties": {"t": "2412-Other sport and recreation constructions"}, "geometry": {"type": "Point", "coordinates": [-2.11228, 53.54766]}}, {"type": "Feature", "properties": {"t": "2412-Other sport and recreation constructions"}, "geometry": {"type": "Point", "coordinates": [-2.11299, 53.54754]}}, {"type": "Feature", "properties": {"t": "2412-Other sport and recreation constructions"}, "geometry": {"type": "Point", "coordinates": [-2.11297, 53.54758]}}, {"type": "Feature", "properties": {"t": "2412-Other sport and recreation constructions"}, "geometry": {"type": "Point", "coordinates": [-2.11299, 53.54761]}}, {"type": "Feature", "properties": {"t": "2412-Other sport and recreation constructions"}, "geometry": {"type": "Point", "coordinates": [-2.11346, 53.54767]}}, {"type": "Feature", "properties": {"t": "2411-Sports grounds"}, "geometry": {"type": "Point", "coordinates": [-2.11321, 53.55164]}}, {"type": "Feature", "properties": {"t": "2412-Other sport and recreation constructions"}, "geometry": {"type": "Point", "coordinates": [-2.11222, 53.54767]}}, {"type": "Feature", "properties": {"t": "2412-Other sport and recreation constructions"}, "geometry": {"type": "Point", "coordinates": [-2.11216, 53.54767]}}, {"type": "Feature", "properties": {"t": "2412-Other sport and recreation constructions"}, "geometry": {"type": "Point", "coordinates": [-2.11207, 53.54768]}}, {"type": "Feature", "properties": {"t": "2412-Other sport and recreation constructions"}, "geometry": {"type": "Point", "coordinates": [-2.11202, 53.5477]}}, {"type": "Feature", "properties": {"t": "2412-Other sport and recreation constructions"}, "geometry": {"type": "Point", "coordinates": [-2.11199, 53.54818]}}, {"type": "Feature", "properties": {"t": "2411-Sports grounds"}, "geometry": {"type": "Point", "coordinates": [-2.11114, 53.54894]}}, {"type": "Feature", "properties": {"t": "2412-Other sport and recreation constructions"}, "geometry": {"type": "Point", "coordinates": [-2.1091, 53.54594]}}, {"type": "Feature", "properties": {"t": "2412-Other sport and recreation constructions"}, "geometry": {"type": "Point", "coordinates": [-2.10913, 53.54598]}}, {"type": "Feature", "properties": {"t": "2412-Other sport and recreation constructions"}, "geometry": {"type": "Point", "coordinates": [-2.10917, 53.54602]}}, {"type": "Feature", "properties": {"t": "2412-Other sport and recreation constructions"}, "geometry": {"type": "Point", "coordinates": [-2.10932, 53.54602]}}, {"type": "Feature", "properties": {"t": "2412-Other sport and recreation constructions"}, "geometry": {"type": "Point", "coordinates": [-2.10921, 53.54608]}}, {"type": "Feature", "properties": {"t": "2412-Other sport and recreation constructions"}, "geometry": {"type": "Point", "coordinates": [-2.10941, 53.54613]}}, {"type": "Feature", "properties": {"t": "2412-Other sport and recreation constructions"}, "geometry": {"type": "Point", "coordinates": [-2.10932, 53.54616]}}, {"type": "Feature", "properties": {"t": "2412-Other sport and recreation constructions"}, "geometry": {"type": "Point", "coordinates": [-2.1211, 53.56763]}}, {"type": "Feature", "properties": {"t": "2412-Other sport and recreation constructions"}, "geometry": {"type": "Point", "coordinates": [-2.12054, 53.56763]}}, {"type": "Feature", "properties": {"t": "2412-Other sport and recreation constructions"}, "geometry": {"type": "Point", "coordinates": [-2.12018, 53.56766]}}, {"type": "Feature", "properties": {"t": "2412-Other sport and recreation constructions"}, "geometry": {"type": "Point", "coordinates": [-2.12058, 53.56767]}}, {"type": "Feature", "properties": {"t": "2412-Other sport and recreation constructions"}, "geometry": {"type": "Point", "coordinates": [-2.12082, 53.56768]}}, {"type": "Feature", "properties": {"t": "2412-Other sport and recreation constructions"}, "geometry": {"type": "Point", "coordinates": [-2.12118, 53.56768]}}, {"type": "Feature", "properties": {"t": "2412-Other sport and recreation constructions"}, "geometry": {"type": "Point", "coordinates": [-2.12107, 53.56769]}}, {"type": "Feature", "properties": {"t": "2412-Other sport and recreation constructions"}, "geometry": {"type": "Point", "coordinates": [-2.12028, 53.56772]}}, {"type": "Feature", "properties": {"t": "2412-Other sport and recreation constructions"}, "geometry": {"type": "Point", "coordinates": [-2.12099, 53.56772]}}, {"type": "Feature", "properties": {"t": "2412-Other sport and recreation constructions"}, "geometry": {"type": "Point", "coordinates": [-2.12092, 53.56773]}}, {"type": "Feature", "properties": {"t": "2412-Other sport and recreation constructions"}, "geometry": {"type": "Point", "coordinates": [-2.12031, 53.56774]}}, {"type": "Feature", "properties": {"t": "2412-Other sport and recreation constructions"}, "geometry": {"type": "Point", "coordinates": [-2.12126, 53.56775]}}, {"type": "Feature", "properties": {"t": "2412-Other sport and recreation constructions"}, "geometry": {"type": "Point", "coordinates": [-2.1206, 53.56774]}}, {"type": "Feature", "properties": {"t": "2412-Other sport and recreation constructions"}, "geometry": {"type": "Point", "coordinates": [-2.12084, 53.56776]}}, {"type": "Feature", "properties": {"t": "2412-Other sport and recreation constructions"}, "geometry": {"type": "Point", "coordinates": [-2.12116, 53.56781]}}, {"type": "Feature", "properties": {"t": "2412-Other sport and recreation constructions"}, "geometry": {"type": "Point", "coordinates": [-2.12035, 53.56782]}}, {"type": "Feature", "properties": {"t": "2412-Other sport and recreation constructions"}, "geometry": {"type": "Point", "coordinates": [-2.12074, 53.56782]}}, {"type": "Feature", "properties": {"t": "2412-Other sport and recreation constructions"}, "geometry": {"type": "Point", "coordinates": [-2.12064, 53.56783]}}, {"type": "Feature", "properties": {"t": "2412-Other sport and recreation constructions"}, "geometry": {"type": "Point", "coordinates": [-2.12109, 53.56783]}}, {"type": "Feature", "properties": {"t": "2412-Other sport and recreation constructions"}, "geometry": {"type": "Point", "coordinates": [-2.12056, 53.56785]}}, {"type": "Feature", "properties": {"t": "2412-Other sport and recreation constructions"}, "geometry": {"type": "Point", "coordinates": [-2.12102, 53.56785]}}, {"type": "Feature", "properties": {"t": "2412-Other sport and recreation constructions"}, "geometry": {"type": "Point", "coordinates": [-2.12092, 53.56787]}}, {"type": "Feature", "properties": {"t": "2412-Other sport and recreation constructions"}, "geometry": {"type": "Point", "coordinates": [-2.12049, 53.56788]}}, {"type": "Feature", "properties": {"t": "2412-Other sport and recreation constructions"}, "geometry": {"type": "Point", "coordinates": [-2.12082, 53.56792]}}, {"type": "Feature", "properties": {"t": "2412-Other sport and recreation constructions"}, "geometry": {"type": "Point", "coordinates": [-2.12038, 53.56792]}}, {"type": "Feature", "properties": {"t": "2412-Other sport and recreation constructions"}, "geometry": {"type": "Point", "coordinates": [-2.12073, 53.56794]}}, {"type": "Feature", "properties": {"t": "2412-Other sport and recreation constructions"}, "geometry": {"type": "Point", "coordinates": [-2.12066, 53.56796]}}, {"type": "Feature", "properties": {"t": "2412-Other sport and recreation constructions"}, "geometry": {"type": "Point", "coordinates": [-2.12058, 53.56799]}}, {"type": "Feature", "properties": {"t": "2412-Other sport and recreation constructions"}, "geometry": {"type": "Point", "coordinates": [-2.12202, 53.56862]}}, {"type": "Feature", "properties": {"t": "2412-Other sport and recreation constructions"}, "geometry": {"type": "Point", "coordinates": [-2.12005, 53.56675]}}, {"type": "Feature", "properties": {"t": "2412-Other sport and recreation constructions"}, "geometry": {"type": "Point", "coordinates": [-2.11945, 53.56681]}}, {"type": "Feature", "properties": {"t": "2412-Other sport and recreation constructions"}, "geometry": {"type": "Point", "coordinates": [-2.1198, 53.56684]}}, {"type": "Feature", "properties": {"t": "2412-Other sport and recreation constructions"}, "geometry": {"type": "Point", "coordinates": [-2.1202, 53.5671]}}, {"type": "Feature", "properties": {"t": "2412-Other sport and recreation constructions"}, "geometry": {"type": "Point", "coordinates": [-2.12014, 53.56736]}}, {"type": "Feature", "properties": {"t": "2412-Other sport and recreation constructions"}, "geometry": {"type": "Point", "coordinates": [-2.12008, 53.56737]}}, {"type": "Feature", "properties": {"t": "2412-Other sport and recreation constructions"}, "geometry": {"type": "Point", "coordinates": [-2.12002, 53.56739]}}, {"type": "Feature", "properties": {"t": "2412-Other sport and recreation constructions"}, "geometry": {"type": "Point", "coordinates": [-2.12003, 53.56751]}}, {"type": "Feature", "properties": {"t": "2412-Other sport and recreation constructions"}, "geometry": {"type": "Point", "coordinates": [-2.12016, 53.56764]}}, {"type": "Feature", "properties": {"t": "2412-Other sport and recreation constructions"}, "geometry": {"type": "Point", "coordinates": [-2.07598, 53.56892]}}, {"type": "Feature", "properties": {"t": "2412-Other sport and recreation constructions"}, "geometry": {"type": "Point", "coordinates": [-2.07589, 53.56894]}}, {"type": "Feature", "properties": {"t": "2412-Other sport and recreation constructions"}, "geometry": {"type": "Point", "coordinates": [-2.07581, 53.56897]}}, {"type": "Feature", "properties": {"t": "2412-Other sport and recreation constructions"}, "geometry": {"type": "Point", "coordinates": [-2.07557, 53.569]}}, {"type": "Feature", "properties": {"t": "2412-Other sport and recreation constructions"}, "geometry": {"type": "Point", "coordinates": [-2.07572, 53.56899]}}, {"type": "Feature", "properties": {"t": "2224-Local electricity and telecommunication cables"}, "geometry": {"type": "Point", "coordinates": [-2.04158, 53.45631]}}, {"type": "Feature", "properties": {"t": "2214-Long-distance electricity lines"}, "geometry": {"type": "Point", "coordinates": [-2.02807, 53.47273]}}, {"type": "Feature", "properties": {"t": "2214-Long-distance electricity lines"}, "geometry": {"type": "Point", "coordinates": [-2.06892, 53.45759]}}, {"type": "Feature", "properties": {"t": "2214-Long-distance electricity lines"}, "geometry": {"type": "Point", "coordinates": [-2.04109, 53.46509]}}, {"type": "Feature", "properties": {"t": "2152-Dams"}, "geometry": {"type": "Point", "coordinates": [-2.06091, 53.48312]}}, {"type": "Feature", "properties": {"t": "2152-Dams"}, "geometry": {"type": "Point", "coordinates": [-2.05469, 53.48322]}}, {"type": "Feature", "properties": {"t": "221-Long-distance pipelines, communication and electricity lines"}, "geometry": {"type": "Point", "coordinates": [-2.08606, 53.48985]}}, {"type": "Feature", "properties": {"t": "221-Long-distance pipelines, communication and electricity lines"}, "geometry": {"type": "Point", "coordinates": [-2.10052, 53.46372]}}, {"type": "Feature", "properties": {"t": "221-Long-distance pipelines, communication and electricity lines"}, "geometry": {"type": "Point", "coordinates": [-2.10039, 53.46377]}}, {"type": "Feature", "properties": {"t": "221-Long-distance pipelines, communication and electricity lines"}, "geometry": {"type": "Point", "coordinates": [-2.10102, 53.46412]}}, {"type": "Feature", "properties": {"t": "221-Long-distance pipelines, communication and electricity lines"}, "geometry": {"type": "Point", "coordinates": [-2.1009, 53.46417]}}, {"type": "Feature", "properties": {"t": "221-Long-distance pipelines, communication and electricity lines"}, "geometry": {"type": "Point", "coordinates": [-2.1011, 53.46419]}}, {"type": "Feature", "properties": {"t": "221-Long-distance pipelines, communication and electricity lines"}, "geometry": {"type": "Point", "coordinates": [-2.101, 53.46424]}}, {"type": "Feature", "properties": {"t": "2224-Local electricity and telecommunication cables"}, "geometry": {"type": "Point", "coordinates": [-2.04069, 53.45853]}}, {"type": "Feature", "properties": {"t": "2224-Local electricity and telecommunication cables"}, "geometry": {"type": "Point", "coordinates": [-2.03941, 53.48744]}}, {"type": "Feature", "properties": {"t": "2224-Local electricity and telecommunication cables"}, "geometry": {"type": "Point", "coordinates": [-2.03844, 53.48723]}}, {"type": "Feature", "properties": {"t": "2214-Long-distance electricity lines"}, "geometry": {"type": "Point", "coordinates": [-2.0442, 53.49067]}}, {"type": "Feature", "properties": {"t": "2224-Local electricity and telecommunication cables"}, "geometry": {"type": "Point", "coordinates": [-2.04392, 53.49091]}}, {"type": "Feature", "properties": {"t": "2224-Local electricity and telecommunication cables"}, "geometry": {"type": "Point", "coordinates": [-2.04381, 53.49113]}}, {"type": "Feature", "properties": {"t": "2214-Long-distance electricity lines"}, "geometry": {"type": "Point", "coordinates": [-2.04342, 53.49142]}}, {"type": "Feature", "properties": {"t": "2214-Long-distance electricity lines"}, "geometry": {"type": "Point", "coordinates": [-2.04405, 53.49157]}}, {"type": "Feature", "properties": {"t": "2224-Local electricity and telecommunication cables"}, "geometry": {"type": "Point", "coordinates": [-2.04435, 53.49162]}}, {"type": "Feature", "properties": {"t": "2224-Local electricity and telecommunication cables"}, "geometry": {"type": "Point", "coordinates": [-2.04481, 53.49157]}}, {"type": "Feature", "properties": {"t": "2214-Long-distance electricity lines"}, "geometry": {"type": "Point", "coordinates": [-2.04371, 53.4918]}}, {"type": "Feature", "properties": {"t": "2224-Local electricity and telecommunication cables"}, "geometry": {"type": "Point", "coordinates": [-2.04394, 53.49189]}}, {"type": "Feature", "properties": {"t": "2224-Local electricity and telecommunication cables"}, "geometry": {"type": "Point", "coordinates": [-2.0432, 53.49196]}}, {"type": "Feature", "properties": {"t": "2224-Local electricity and telecommunication cables"}, "geometry": {"type": "Point", "coordinates": [-2.04389, 53.49208]}}, {"type": "Feature", "properties": {"t": "2214-Long-distance electricity lines"}, "geometry": {"type": "Point", "coordinates": [-2.04278, 53.49218]}}, {"type": "Feature", "properties": {"t": "2224-Local electricity and telecommunication cables"}, "geometry": {"type": "Point", "coordinates": [-2.04336, 53.49235]}}, {"type": "Feature", "properties": {"t": "2214-Long-distance electricity lines"}, "geometry": {"type": "Point", "coordinates": [-2.04222, 53.49253]}}, {"type": "Feature", "properties": {"t": "2224-Local electricity and telecommunication cables"}, "geometry": {"type": "Point", "coordinates": [-2.04237, 53.49264]}}, {"type": "Feature", "properties": {"t": "2214-Long-distance electricity lines"}, "geometry": {"type": "Point", "coordinates": [-2.04181, 53.49298]}}, {"type": "Feature", "properties": {"t": "2214-Long-distance electricity lines"}, "geometry": {"type": "Point", "coordinates": [-2.04155, 53.49303]}}, {"type": "Feature", "properties": {"t": "2214-Long-distance electricity lines"}, "geometry": {"type": "Point", "coordinates": [-2.04169, 53.49315]}}, {"type": "Feature", "properties": {"t": "2224-Local electricity and telecommunication cables"}, "geometry": {"type": "Point", "coordinates": [-2.04135, 53.49318]}}, {"type": "Feature", "properties": {"t": "2214-Long-distance electricity lines"}, "geometry": {"type": "Point", "coordinates": [-2.04156, 53.49335]}}, {"type": "Feature", "properties": {"t": "2214-Long-distance electricity lines"}, "geometry": {"type": "Point", "coordinates": [-2.04088, 53.49356]}}, {"type": "Feature", "properties": {"t": "2214-Long-distance electricity lines"}, "geometry": {"type": "Point", "coordinates": [-2.04161, 53.49365]}}, {"type": "Feature", "properties": {"t": "2214-Long-distance electricity lines"}, "geometry": {"type": "Point", "coordinates": [-2.04096, 53.49375]}}, {"type": "Feature", "properties": {"t": "2214-Long-distance electricity lines"}, "geometry": {"type": "Point", "coordinates": [-2.04125, 53.49385]}}, {"type": "Feature", "properties": {"t": "2214-Long-distance electricity lines"}, "geometry": {"type": "Point", "coordinates": [-2.04062, 53.49386]}}, {"type": "Feature", "properties": {"t": "2214-Long-distance electricity lines"}, "geometry": {"type": "Point", "coordinates": [-2.04105, 53.49402]}}, {"type": "Feature", "properties": {"t": "2214-Long-distance electricity lines"}, "geometry": {"type": "Point", "coordinates": [-2.04182, 53.49466]}}, {"type": "Feature", "properties": {"t": "2224-Local electricity and telecommunication cables"}, "geometry": {"type": "Point", "coordinates": [-2.04503, 53.4914]}}, {"type": "Feature", "properties": {"t": "2214-Long-distance electricity lines"}, "geometry": {"type": "Point", "coordinates": [-2.04491, 53.49204]}}, {"type": "Feature", "properties": {"t": "2224-Local electricity and telecommunication cables"}, "geometry": {"type": "Point", "coordinates": [-2.04547, 53.49207]}}, {"type": "Feature", "properties": {"t": "2214-Long-distance electricity lines"}, "geometry": {"type": "Point", "coordinates": [-2.04472, 53.4922]}}, {"type": "Feature", "properties": {"t": "2224-Local electricity and telecommunication cables"}, "geometry": {"type": "Point", "coordinates": [-2.04518, 53.49229]}}, {"type": "Feature", "properties": {"t": "2224-Local electricity and telecommunication cables"}, "geometry": {"type": "Point", "coordinates": [-2.04495, 53.49248]}}, {"type": "Feature", "properties": {"t": "2214-Long-distance electricity lines"}, "geometry": {"type": "Point", "coordinates": [-2.06597, 53.49695]}}, {"type": "Feature", "properties": {"t": "2214-Long-distance electricity lines"}, "geometry": {"type": "Point", "coordinates": [-2.05444, 53.49803]}}, {"type": "Feature", "properties": {"t": "2214-Long-distance electricity lines"}, "geometry": {"type": "Point", "coordinates": [-2.06045, 53.49786]}}, {"type": "Feature", "properties": {"t": "2214-Long-distance electricity lines"}, "geometry": {"type": "Point", "coordinates": [-2.04682, 53.49898]}}, {"type": "Feature", "properties": {"t": "2224-Local electricity and telecommunication cables"}, "geometry": {"type": "Point", "coordinates": [-1.93156, 53.4503]}}, {"type": "Feature", "properties": {"t": "2152-Dams"}, "geometry": {"type": "Point", "coordinates": [-1.93555, 53.45817]}}, {"type": "Feature", "properties": {"t": "2214-Long-distance electricity lines"}, "geometry": {"type": "Point", "coordinates": [-2.01356, 53.46805]}}, {"type": "Feature", "properties": {"t": "2214-Long-distance electricity lines"}, "geometry": {"type": "Point", "coordinates": [-2.01407, 53.46746]}}, {"type": "Feature", "properties": {"t": "2152-Dams"}, "geometry": {"type": "Point", "coordinates": [-2.02018, 53.4708]}}, {"type": "Feature", "properties": {"t": "2152-Dams"}, "geometry": {"type": "Point", "coordinates": [-1.98218, 53.47219]}}, {"type": "Feature", "properties": {"t": "2224-Local electricity and telecommunication cables"}, "geometry": {"type": "Point", "coordinates": [-2.0062, 53.4847]}}, {"type": "Feature", "properties": {"t": "2152-Dams"}, "geometry": {"type": "Point", "coordinates": [-2.02293, 53.48784]}}, {"type": "Feature", "properties": {"t": "2152-Dams"}, "geometry": {"type": "Point", "coordinates": [-2.01153, 53.48856]}}, {"type": "Feature", "properties": {"t": "2224-Local electricity and telecommunication cables"}, "geometry": {"type": "Point", "coordinates": [-1.93149, 53.47621]}}, {"type": "Feature", "properties": {"t": "2214-Long-distance electricity lines"}, "geometry": {"type": "Point", "coordinates": [-1.91039, 53.47814]}}, {"type": "Feature", "properties": {"t": "2152-Dams"}, "geometry": {"type": "Point", "coordinates": [-1.91739, 53.48138]}}, {"type": "Feature", "properties": {"t": "2152-Dams"}, "geometry": {"type": "Point", "coordinates": [-1.917, 53.48273]}}, {"type": "Feature", "properties": {"t": "2152-Dams"}, "geometry": {"type": "Point", "coordinates": [-1.91723, 53.48289]}}, {"type": "Feature", "properties": {"t": "2152-Dams"}, "geometry": {"type": "Point", "coordinates": [-1.91725, 53.48301]}}, {"type": "Feature", "properties": {"t": "2152-Dams"}, "geometry": {"type": "Point", "coordinates": [-1.87874, 53.49156]}}, {"type": "Feature", "properties": {"t": "2152-Dams"}, "geometry": {"type": "Point", "coordinates": [-1.93983, 53.4597]}}, {"type": "Feature", "properties": {"t": "2152-Dams"}, "geometry": {"type": "Point", "coordinates": [-1.966, 53.47004]}}, {"type": "Feature", "properties": {"t": "2152-Dams"}, "geometry": {"type": "Point", "coordinates": [-1.96736, 53.47019]}}, {"type": "Feature", "properties": {"t": "2152-Dams"}, "geometry": {"type": "Point", "coordinates": [-1.96765, 53.47068]}}, {"type": "Feature", "properties": {"t": "2152-Dams"}, "geometry": {"type": "Point", "coordinates": [-1.95345, 53.47285]}}, {"type": "Feature", "properties": {"t": "2224-Local electricity and telecommunication cables"}, "geometry": {"type": "Point", "coordinates": [-1.97507, 53.47528]}}, {"type": "Feature", "properties": {"t": "2152-Dams"}, "geometry": {"type": "Point", "coordinates": [-1.93543, 53.47934]}}, {"type": "Feature", "properties": {"t": "2214-Long-distance electricity lines"}, "geometry": {"type": "Point", "coordinates": [-1.93867, 53.48594]}}, {"type": "Feature", "properties": {"t": "221-Long-distance pipelines, communication and electricity lines"}, "geometry": {"type": "Point", "coordinates": [-1.98117, 53.50347]}}, {"type": "Feature", "properties": {"t": "221-Long-distance pipelines, communication and electricity lines"}, "geometry": {"type": "Point", "coordinates": [-1.97188, 53.50819]}}, {"type": "Feature", "properties": {"t": "2224-Local electricity and telecommunication cables"}, "geometry": {"type": "Point", "coordinates": [-2.02155, 53.50783]}}, {"type": "Feature", "properties": {"t": "2224-Local electricity and telecommunication cables"}, "geometry": {"type": "Point", "coordinates": [-2.02212, 53.50859]}}, {"type": "Feature", "properties": {"t": "2224-Local electricity and telecommunication cables"}, "geometry": {"type": "Point", "coordinates": [-1.9847, 53.52666]}}, {"type": "Feature", "properties": {"t": "2224-Local electricity and telecommunication cables"}, "geometry": {"type": "Point", "coordinates": [-1.99938, 53.52931]}}, {"type": "Feature", "properties": {"t": "2224-Local electricity and telecommunication cables"}, "geometry": {"type": "Point", "coordinates": [-2.01136, 53.52912]}}, {"type": "Feature", "properties": {"t": "2152-Dams"}, "geometry": {"type": "Point", "coordinates": [-2.02343, 53.53371]}}, {"type": "Feature", "properties": {"t": "2152-Dams"}, "geometry": {"type": "Point", "coordinates": [-2.0172, 53.53412]}}, {"type": "Feature", "properties": {"t": "2152-Dams"}, "geometry": {"type": "Point", "coordinates": [-2.01732, 53.53428]}}, {"type": "Feature", "properties": {"t": "2224-Local electricity and telecommunication cables"}, "geometry": {"type": "Point", "coordinates": [-1.98771, 53.53505]}}, {"type": "Feature", "properties": {"t": "2224-Local electricity and telecommunication cables"}, "geometry": {"type": "Point", "coordinates": [-2.0136, 53.53677]}}, {"type": "Feature", "properties": {"t": "221-Long-distance pipelines, communication and electricity lines"}, "geometry": {"type": "Point", "coordinates": [-1.96793, 53.5098]}}, {"type": "Feature", "properties": {"t": "221-Long-distance pipelines, communication and electricity lines"}, "geometry": {"type": "Point", "coordinates": [-1.96406, 53.51139]}}, {"type": "Feature", "properties": {"t": "2152-Dams"}, "geometry": {"type": "Point", "coordinates": [-1.94816, 53.51415]}}, {"type": "Feature", "properties": {"t": "2152-Dams"}, "geometry": {"type": "Point", "coordinates": [-1.98025, 53.52942]}}, {"type": "Feature", "properties": {"t": "2224-Local electricity and telecommunication cables"}, "geometry": {"type": "Point", "coordinates": [-1.96985, 53.53617]}}, {"type": "Feature", "properties": {"t": "2152-Dams"}, "geometry": {"type": "Point", "coordinates": [-1.96769, 53.53783]}}, {"type": "Feature", "properties": {"t": "2152-Dams"}, "geometry": {"type": "Point", "coordinates": [-1.96962, 53.53793]}}, {"type": "Feature", "properties": {"t": "2224-Local electricity and telecommunication cables"}, "geometry": {"type": "Point", "coordinates": [-1.97192, 53.53938]}}, {"type": "Feature", "properties": {"t": "2152-Dams"}, "geometry": {"type": "Point", "coordinates": [-1.95991, 53.54504]}}, {"type": "Feature", "properties": {"t": "2152-Dams"}, "geometry": {"type": "Point", "coordinates": [-1.95992, 53.54585]}}, {"type": "Feature", "properties": {"t": "2224-Local electricity and telecommunication cables"}, "geometry": {"type": "Point", "coordinates": [-1.99294, 53.53882]}}, {"type": "Feature", "properties": {"t": "2224-Local electricity and telecommunication cables"}, "geometry": {"type": "Point", "coordinates": [-2.01491, 53.5395]}}, {"type": "Feature", "properties": {"t": "2224-Local electricity and telecommunication cables"}, "geometry": {"type": "Point", "coordinates": [-1.99945, 53.54277]}}, {"type": "Feature", "properties": {"t": "2224-Local electricity and telecommunication cables"}, "geometry": {"type": "Point", "coordinates": [-1.99475, 53.54444]}}, {"type": "Feature", "properties": {"t": "2224-Local electricity and telecommunication cables"}, "geometry": {"type": "Point", "coordinates": [-1.99156, 53.55042]}}, {"type": "Feature", "properties": {"t": "2224-Local electricity and telecommunication cables"}, "geometry": {"type": "Point", "coordinates": [-2.01202, 53.55225]}}, {"type": "Feature", "properties": {"t": "2152-Dams"}, "geometry": {"type": "Point", "coordinates": [-2.00715, 53.55315]}}, {"type": "Feature", "properties": {"t": "2152-Dams"}, "geometry": {"type": "Point", "coordinates": [-2.01899, 53.55523]}}, {"type": "Feature", "properties": {"t": "2152-Dams"}, "geometry": {"type": "Point", "coordinates": [-2.00949, 53.55555]}}, {"type": "Feature", "properties": {"t": "2224-Local electricity and telecommunication cables"}, "geometry": {"type": "Point", "coordinates": [-2.00797, 53.55682]}}, {"type": "Feature", "properties": {"t": "2224-Local electricity and telecommunication cables"}, "geometry": {"type": "Point", "coordinates": [-2.03762, 53.53258]}}, {"type": "Feature", "properties": {"t": "2224-Local electricity and telecommunication cables"}, "geometry": {"type": "Point", "coordinates": [-2.04423, 53.53528]}}, {"type": "Feature", "properties": {"t": "2224-Local electricity and telecommunication cables"}, "geometry": {"type": "Point", "coordinates": [-2.04295, 53.5358]}}, {"type": "Feature", "properties": {"t": "2224-Local electricity and telecommunication cables"}, "geometry": {"type": "Point", "coordinates": [-2.02933, 53.54789]}}, {"type": "Feature", "properties": {"t": "2224-Local electricity and telecommunication cables"}, "geometry": {"type": "Point", "coordinates": [-2.02677, 53.5539]}}, {"type": "Feature", "properties": {"t": "2224-Local electricity and telecommunication cables"}, "geometry": {"type": "Point", "coordinates": [-2.02983, 53.55382]}}, {"type": "Feature", "properties": {"t": "2224-Local electricity and telecommunication cables"}, "geometry": {"type": "Point", "coordinates": [-2.02663, 53.55805]}}, {"type": "Feature", "properties": {"t": "2224-Local electricity and telecommunication cables"}, "geometry": {"type": "Point", "coordinates": [-2.0294, 53.55828]}}, {"type": "Feature", "properties": {"t": "2224-Local electricity and telecommunication cables"}, "geometry": {"type": "Point", "coordinates": [-2.0319, 53.55999]}}, {"type": "Feature", "properties": {"t": "2224-Local electricity and telecommunication cables"}, "geometry": {"type": "Point", "coordinates": [-2.03115, 53.56421]}}, {"type": "Feature", "properties": {"t": "2152-Dams"}, "geometry": {"type": "Point", "coordinates": [-1.77088, 53.50786]}}, {"type": "Feature", "properties": {"t": "2152-Dams"}, "geometry": {"type": "Point", "coordinates": [-1.76335, 53.51395]}}, {"type": "Feature", "properties": {"t": "2224-Local electricity and telecommunication cables"}, "geometry": {"type": "Point", "coordinates": [-1.76732, 53.51304]}}, {"type": "Feature", "properties": {"t": "2224-Local electricity and telecommunication cables"}, "geometry": {"type": "Point", "coordinates": [-1.76369, 53.51738]}}, {"type": "Feature", "properties": {"t": "2152-Dams"}, "geometry": {"type": "Point", "coordinates": [-1.76962, 53.51844]}}, {"type": "Feature", "properties": {"t": "2152-Dams"}, "geometry": {"type": "Point", "coordinates": [-1.82722, 53.49383]}}, {"type": "Feature", "properties": {"t": "2152-Dams"}, "geometry": {"type": "Point", "coordinates": [-1.84763, 53.49506]}}, {"type": "Feature", "properties": {"t": "2224-Local electricity and telecommunication cables"}, "geometry": {"type": "Point", "coordinates": [-1.83161, 53.49556]}}, {"type": "Feature", "properties": {"t": "2224-Local electricity and telecommunication cables"}, "geometry": {"type": "Point", "coordinates": [-1.85319, 53.49563]}}, {"type": "Feature", "properties": {"t": "2224-Local electricity and telecommunication cables"}, "geometry": {"type": "Point", "coordinates": [-1.79849, 53.50595]}}, {"type": "Feature", "properties": {"t": "2152-Dams"}, "geometry": {"type": "Point", "coordinates": [-1.83378, 53.53822]}}, {"type": "Feature", "properties": {"t": "221-Long-distance pipelines, communication and electricity lines"}, "geometry": {"type": "Point", "coordinates": [-1.83224, 53.54161]}}, {"type": "Feature", "properties": {"t": "221-Long-distance pipelines, communication and electricity lines"}, "geometry": {"type": "Point", "coordinates": [-1.84744, 53.54627]}}, {"type": "Feature", "properties": {"t": "2152-Dams"}, "geometry": {"type": "Point", "coordinates": [-1.79141, 53.54776]}}, {"type": "Feature", "properties": {"t": "2224-Local electricity and telecommunication cables"}, "geometry": {"type": "Point", "coordinates": [-1.80803, 53.54959]}}, {"type": "Feature", "properties": {"t": "2152-Dams"}, "geometry": {"type": "Point", "coordinates": [-1.77172, 53.52904]}}, {"type": "Feature", "properties": {"t": "2224-Local electricity and telecommunication cables"}, "geometry": {"type": "Point", "coordinates": [-1.76897, 53.52826]}}, {"type": "Feature", "properties": {"t": "221-Long-distance pipelines, communication and electricity lines"}, "geometry": {"type": "Point", "coordinates": [-1.77494, 53.53669]}}, {"type": "Feature", "properties": {"t": "2224-Local electricity and telecommunication cables"}, "geometry": {"type": "Point", "coordinates": [-1.77208, 53.54179]}}, {"type": "Feature", "properties": {"t": "2214-Long-distance electricity lines"}, "geometry": {"type": "Point", "coordinates": [-1.88876, 53.49167]}}, {"type": "Feature", "properties": {"t": "2224-Local electricity and telecommunication cables"}, "geometry": {"type": "Point", "coordinates": [-1.85799, 53.49193]}}, {"type": "Feature", "properties": {"t": "2214-Long-distance electricity lines"}, "geometry": {"type": "Point", "coordinates": [-1.8544, 53.49267]}}, {"type": "Feature", "properties": {"t": "2224-Local electricity and telecommunication cables"}, "geometry": {"type": "Point", "coordinates": [-1.85752, 53.49841]}}, {"type": "Feature", "properties": {"t": "2152-Dams"}, "geometry": {"type": "Point", "coordinates": [-1.89698, 53.5653]}}, {"type": "Feature", "properties": {"t": "2152-Dams"}, "geometry": {"type": "Point", "coordinates": [-1.89564, 53.566]}}, {"type": "Feature", "properties": {"t": "2152-Dams"}, "geometry": {"type": "Point", "coordinates": [-1.79125, 53.54746]}}, {"type": "Feature", "properties": {"t": "2224-Local electricity and telecommunication cables"}, "geometry": {"type": "Point", "coordinates": [-1.76093, 53.55537]}}, {"type": "Feature", "properties": {"t": "2224-Local electricity and telecommunication cables"}, "geometry": {"type": "Point", "coordinates": [-1.76942, 53.55344]}}, {"type": "Feature", "properties": {"t": "2224-Local electricity and telecommunication cables"}, "geometry": {"type": "Point", "coordinates": [-1.80533, 53.55452]}}, {"type": "Feature", "properties": {"t": "2224-Local electricity and telecommunication cables"}, "geometry": {"type": "Point", "coordinates": [-1.81409, 53.55559]}}, {"type": "Feature", "properties": {"t": "2224-Local electricity and telecommunication cables"}, "geometry": {"type": "Point", "coordinates": [-1.80376, 53.55588]}}, {"type": "Feature", "properties": {"t": "2224-Local electricity and telecommunication cables"}, "geometry": {"type": "Point", "coordinates": [-1.80414, 53.55664]}}, {"type": "Feature", "properties": {"t": "2224-Local electricity and telecommunication cables"}, "geometry": {"type": "Point", "coordinates": [-1.80595, 53.55821]}}, {"type": "Feature", "properties": {"t": "2224-Local electricity and telecommunication cables"}, "geometry": {"type": "Point", "coordinates": [-1.80973, 53.55844]}}, {"type": "Feature", "properties": {"t": "2152-Dams"}, "geometry": {"type": "Point", "coordinates": [-1.83428, 53.55906]}}, {"type": "Feature", "properties": {"t": "2224-Local electricity and telecommunication cables"}, "geometry": {"type": "Point", "coordinates": [-1.80655, 53.55945]}}, {"type": "Feature", "properties": {"t": "2152-Dams"}, "geometry": {"type": "Point", "coordinates": [-1.84535, 53.55981]}}, {"type": "Feature", "properties": {"t": "2224-Local electricity and telecommunication cables"}, "geometry": {"type": "Point", "coordinates": [-1.80716, 53.56068]}}, {"type": "Feature", "properties": {"t": "2152-Dams"}, "geometry": {"type": "Point", "coordinates": [-1.81367, 53.5612]}}, {"type": "Feature", "properties": {"t": "2152-Dams"}, "geometry": {"type": "Point", "coordinates": [-1.81467, 53.56169]}}, {"type": "Feature", "properties": {"t": "2224-Local electricity and telecommunication cables"}, "geometry": {"type": "Point", "coordinates": [-1.80926, 53.56992]}}, {"type": "Feature", "properties": {"t": "2224-Local electricity and telecommunication cables"}, "geometry": {"type": "Point", "coordinates": [-1.84626, 53.56966]}}, {"type": "Feature", "properties": {"t": "2224-Local electricity and telecommunication cables"}, "geometry": {"type": "Point", "coordinates": [-1.81635, 53.57022]}}, {"type": "Feature", "properties": {"t": "2224-Local electricity and telecommunication cables"}, "geometry": {"type": "Point", "coordinates": [-1.83671, 53.57097]}}, {"type": "Feature", "properties": {"t": "2224-Local electricity and telecommunication cables"}, "geometry": {"type": "Point", "coordinates": [-1.84491, 53.57047]}}, {"type": "Feature", "properties": {"t": "221-Long-distance pipelines, communication and electricity lines"}, "geometry": {"type": "Point", "coordinates": [-2.10621, 53.46541]}}, {"type": "Feature", "properties": {"t": "221-Long-distance pipelines, communication and electricity lines"}, "geometry": {"type": "Point", "coordinates": [-2.10664, 53.47379]}}, {"type": "Feature", "properties": {"t": "2214-Long-distance electricity lines"}, "geometry": {"type": "Point", "coordinates": [-2.08103, 53.50652]}}, {"type": "Feature", "properties": {"t": "2214-Long-distance electricity lines"}, "geometry": {"type": "Point", "coordinates": [-2.08178, 53.50432]}}, {"type": "Feature", "properties": {"t": "2214-Long-distance electricity lines"}, "geometry": {"type": "Point", "coordinates": [-2.03959, 53.49661]}}, {"type": "Feature", "properties": {"t": "2214-Long-distance electricity lines"}, "geometry": {"type": "Point", "coordinates": [-2.03983, 53.49674]}}, {"type": "Feature", "properties": {"t": "2214-Long-distance electricity lines"}, "geometry": {"type": "Point", "coordinates": [-2.03945, 53.4969]}}, {"type": "Feature", "properties": {"t": "2214-Long-distance electricity lines"}, "geometry": {"type": "Point", "coordinates": [-2.03933, 53.497]}}, {"type": "Feature", "properties": {"t": "2214-Long-distance electricity lines"}, "geometry": {"type": "Point", "coordinates": [-2.04217, 53.49919]}}, {"type": "Feature", "properties": {"t": "2152-Dams"}, "geometry": {"type": "Point", "coordinates": [-2.03907, 53.49925]}}, {"type": "Feature", "properties": {"t": "2152-Dams"}, "geometry": {"type": "Point", "coordinates": [-2.03446, 53.52062]}}, {"type": "Feature", "properties": {"t": "2152-Dams"}, "geometry": {"type": "Point", "coordinates": [-2.03289, 53.52511]}}, {"type": "Feature", "properties": {"t": "2152-Dams"}, "geometry": {"type": "Point", "coordinates": [-2.032, 53.53056]}}, {"type": "Feature", "properties": {"t": "2152-Dams"}, "geometry": {"type": "Point", "coordinates": [-2.03223, 53.53087]}}, {"type": "Feature", "properties": {"t": "2224-Local electricity and telecommunication cables"}, "geometry": {"type": "Point", "coordinates": [-2.05301, 53.50222]}}, {"type": "Feature", "properties": {"t": "2224-Local electricity and telecommunication cables"}, "geometry": {"type": "Point", "coordinates": [-2.05798, 53.51019]}}, {"type": "Feature", "properties": {"t": "2224-Local electricity and telecommunication cables"}, "geometry": {"type": "Point", "coordinates": [-2.0597, 53.51171]}}, {"type": "Feature", "properties": {"t": "2224-Local electricity and telecommunication cables"}, "geometry": {"type": "Point", "coordinates": [-2.05496, 53.51407]}}, {"type": "Feature", "properties": {"t": "2224-Local electricity and telecommunication cables"}, "geometry": {"type": "Point", "coordinates": [-2.08211, 53.51527]}}, {"type": "Feature", "properties": {"t": "2224-Local electricity and telecommunication cables"}, "geometry": {"type": "Point", "coordinates": [-2.08283, 53.51538]}}, {"type": "Feature", "properties": {"t": "221-Long-distance pipelines, communication and electricity lines"}, "geometry": {"type": "Point", "coordinates": [-2.06759, 53.52691]}}, {"type": "Feature", "properties": {"t": "2224-Local electricity and telecommunication cables"}, "geometry": {"type": "Point", "coordinates": [-2.05916, 53.53314]}}, {"type": "Feature", "properties": {"t": "2224-Local electricity and telecommunication cables"}, "geometry": {"type": "Point", "coordinates": [-2.06193, 53.53474]}}, {"type": "Feature", "properties": {"t": "2224-Local electricity and telecommunication cables"}, "geometry": {"type": "Point", "coordinates": [-2.04627, 53.53583]}}, {"type": "Feature", "properties": {"t": "221-Long-distance pipelines, communication and electricity lines"}, "geometry": {"type": "Point", "coordinates": [-2.05144, 53.53421]}}, {"type": "Feature", "properties": {"t": "2224-Local electricity and telecommunication cables"}, "geometry": {"type": "Point", "coordinates": [-2.05118, 53.54061]}}, {"type": "Feature", "properties": {"t": "2224-Local electricity and telecommunication cables"}, "geometry": {"type": "Point", "coordinates": [-2.04909, 53.54259]}}, {"type": "Feature", "properties": {"t": "2224-Local electricity and telecommunication cables"}, "geometry": {"type": "Point", "coordinates": [-2.05016, 53.54339]}}, {"type": "Feature", "properties": {"t": "2224-Local electricity and telecommunication cables"}, "geometry": {"type": "Point", "coordinates": [-2.04533, 53.54506]}}, {"type": "Feature", "properties": {"t": "2224-Local electricity and telecommunication cables"}, "geometry": {"type": "Point", "coordinates": [-2.04911, 53.55438]}}, {"type": "Feature", "properties": {"t": "2224-Local electricity and telecommunication cables"}, "geometry": {"type": "Point", "coordinates": [-2.05317, 53.55513]}}, {"type": "Feature", "properties": {"t": "2224-Local electricity and telecommunication cables"}, "geometry": {"type": "Point", "coordinates": [-2.06041, 53.55749]}}, {"type": "Feature", "properties": {"t": "2152-Dams"}, "geometry": {"type": "Point", "coordinates": [-2.06577, 53.55988]}}, {"type": "Feature", "properties": {"t": "2224-Local electricity and telecommunication cables"}, "geometry": {"type": "Point", "coordinates": [-2.05306, 53.5614]}}, {"type": "Feature", "properties": {"t": "2214-Long-distance electricity lines"}, "geometry": {"type": "Point", "coordinates": [-2.11246, 53.5677]}}, {"type": "Feature", "properties": {"t": "2224-Local electricity and telecommunication cables"}, "geometry": {"type": "Point", "coordinates": [-2.09433, 53.56428]}}, {"type": "Feature", "properties": {"t": "2214-Long-distance electricity lines"}, "geometry": {"type": "Point", "coordinates": [-2.11455, 53.56502]}}, {"type": "Feature", "properties": {"t": "2214-Long-distance electricity lines"}, "geometry": {"type": "Point", "coordinates": [-2.1147, 53.56512]}}, {"type": "Feature", "properties": {"t": "2224-Local electricity and telecommunication cables"}, "geometry": {"type": "Point", "coordinates": [-2.08988, 53.56529]}}, {"type": "Feature", "properties": {"t": "2224-Local electricity and telecommunication cables"}, "geometry": {"type": "Point", "coordinates": [-2.08707, 53.56815]}}, {"type": "Feature", "properties": {"t": "2224-Local electricity and telecommunication cables"}, "geometry": {"type": "Point", "coordinates": [-2.04993, 53.56262]}}, {"type": "Feature", "properties": {"t": "2214-Long-distance electricity lines"}, "geometry": {"type": "Point", "coordinates": [-2.05066, 53.53062]}}, {"type": "Feature", "properties": {"t": "2224-Local electricity and telecommunication cables"}, "geometry": {"type": "Point", "coordinates": [-2.04538, 53.56902]}}, {"type": "Feature", "properties": {"t": "2224-Local electricity and telecommunication cables"}, "geometry": {"type": "Point", "coordinates": [-2.06589, 53.57125]}}, {"type": "Feature", "properties": {"t": "2224-Local electricity and telecommunication cables"}, "geometry": {"type": "Point", "coordinates": [-1.98781, 53.557]}}, {"type": "Feature", "properties": {"t": "2224-Local electricity and telecommunication cables"}, "geometry": {"type": "Point", "coordinates": [-1.99024, 53.55748]}}, {"type": "Feature", "properties": {"t": "2224-Local electricity and telecommunication cables"}, "geometry": {"type": "Point", "coordinates": [-2.00928, 53.55779]}}, {"type": "Feature", "properties": {"t": "2152-Dams"}, "geometry": {"type": "Point", "coordinates": [-2.02421, 53.55859]}}, {"type": "Feature", "properties": {"t": "2224-Local electricity and telecommunication cables"}, "geometry": {"type": "Point", "coordinates": [-1.99127, 53.56057]}}, {"type": "Feature", "properties": {"t": "2224-Local electricity and telecommunication cables"}, "geometry": {"type": "Point", "coordinates": [-1.98718, 53.55375]}}, {"type": "Feature", "properties": {"t": "2152-Dams"}, "geometry": {"type": "Point", "coordinates": [-2.0206, 53.56263]}}, {"type": "Feature", "properties": {"t": "2224-Local electricity and telecommunication cables"}, "geometry": {"type": "Point", "coordinates": [-1.98631, 53.56445]}}, {"type": "Feature", "properties": {"t": "2224-Local electricity and telecommunication cables"}, "geometry": {"type": "Point", "coordinates": [-1.98742, 53.56682]}}, {"type": "Feature", "properties": {"t": "2152-Dams"}, "geometry": {"type": "Point", "coordinates": [-1.98709, 53.56745]}}, {"type": "Feature", "properties": {"t": "221-Long-distance pipelines, communication and electricity lines"}, "geometry": {"type": "Point", "coordinates": [-1.97424, 53.5478]}}, {"type": "Feature", "properties": {"t": "2224-Local electricity and telecommunication cables"}, "geometry": {"type": "Point", "coordinates": [-1.97943, 53.56826]}}, {"type": "Feature", "properties": {"t": "2152-Dams"}, "geometry": {"type": "Point", "coordinates": [-1.97007, 53.56973]}}, {"type": "Feature", "properties": {"t": "2224-Local electricity and telecommunication cables"}, "geometry": {"type": "Point", "coordinates": [-1.9955, 53.57052]}}, {"type": "Feature", "properties": {"t": "2152-Dams"}, "geometry": {"type": "Point", "coordinates": [-2.02905, 53.56907]}}, {"type": "Feature", "properties": {"t": "2152-Dams"}, "geometry": {"type": "Point", "coordinates": [-2.0292, 53.56912]}}, {"type": "Feature", "properties": {"t": "2224-Local electricity and telecommunication cables"}, "geometry": {"type": "Point", "coordinates": [-2.04214, 53.56983]}}, {"type": "Feature", "properties": {"t": "2224-Local electricity and telecommunication cables"}, "geometry": {"type": "Point", "coordinates": [-2.03744, 53.56989]}}]}